Actual_Default,Predicted_Default,Default_Probability
0,0,0.31908634
0,0,0.34266612
0,1,0.7546043
0,0,0.38718566
0,1,0.5149326
0,1,0.6811767
0,0,0.15143332
0,0,0.06484755
0,1,0.829312
1,1,0.5336772
0,0,0.17135341
0,1,0.5366943
0,0,0.20592375
0,0,0.3957426
0,0,0.3286003
0,0,0.26562446
0,0,0.2805101
0,0,0.3194288
0,0,0.3596092
0,0,0.22029847
0,0,0.14098257
0,0,0.23591986
0,0,0.32583326
0,0,0.2546524
0,0,0.30673298
0,0,0.23293953
0,1,0.53207254
0,0,0.2196808
0,1,0.5157191
0,0,0.1872677
0,0,0.16704276
0,0,0.37007818
0,1,0.75827307
0,0,0.16682003
0,1,0.5350397
0,0,0.22906043
0,1,0.7628631
0,0,0.13736822
0,0,0.2421766
0,0,0.28558734
0,0,0.44268858
0,0,0.24261986
0,0,0.44863147
0,0,0.35471413
0,0,0.2504033
0,0,0.3532431
0,0,0.46095902
0,0,0.21152402
0,0,0.23611763
0,0,0.17934662
0,0,0.102460034
0,0,0.05856431
0,0,0.40947828
0,0,0.22325009
0,1,0.58669674
0,0,0.15612562
0,0,0.39152324
0,0,0.2675961
0,0,0.17993173
0,0,0.35865697
0,0,0.4575387
0,0,0.2599276
0,0,0.10529051
1,1,0.60366905
0,0,0.11836226
1,1,0.68019074
0,1,0.59484214
0,0,0.10462449
0,0,0.25129956
0,0,0.3361646
1,1,0.83630824
0,0,0.31438845
0,1,0.70340514
0,1,0.58998895
0,0,0.36856204
0,1,0.52896124
0,1,0.6384496
0,0,0.22464854
0,0,0.45155355
0,1,0.67594695
0,0,0.49995387
0,1,0.5545894
0,0,0.3578749
0,1,0.739552
0,1,0.650178
0,1,0.8209291
0,0,0.26824826
0,0,0.2732736
0,0,0.3098146
0,0,0.3892265
0,0,0.4441209
0,0,0.20996636
0,1,0.75452805
0,0,0.37579653
0,0,0.10483084
0,1,0.58071434
0,0,0.4951316
0,0,0.16828677
0,1,0.62021637
1,1,0.78263986
1,1,0.8550514
0,0,0.42284036
0,0,0.18601575
0,0,0.4648073
0,0,0.43113485
0,0,0.33687934
0,0,0.28728998
0,0,0.2675168
0,1,0.51507336
0,0,0.4086749
0,1,0.8505591
0,0,0.11933374
0,1,0.5188761
0,1,0.5055723
0,1,0.5266455
0,0,0.27746975
0,0,0.23972355
0,0,0.19753021
0,0,0.45297277
0,0,0.24895218
0,0,0.06718626
0,1,0.79400253
0,0,0.12595446
0,0,0.2820007
1,0,0.334348
0,1,0.67013824
0,0,0.18181203
0,0,0.45826486
0,0,0.39711452
0,0,0.35206565
0,1,0.6496012
0,0,0.39414775
0,0,0.13570358
0,0,0.06196247
0,1,0.6744974
0,0,0.22492567
0,0,0.39924285
0,0,0.20431453
1,0,0.21945304
0,0,0.16842651
0,0,0.19330813
0,0,0.3898795
0,0,0.19732817
0,0,0.37848896
0,0,0.3103542
0,0,0.2653951
0,0,0.18321523
0,0,0.40659526
0,1,0.6146661
1,1,0.626642
0,0,0.40114823
0,0,0.41670805
0,1,0.7913466
0,0,0.23937692
0,0,0.26272127
0,0,0.30603588
0,0,0.13718013
0,1,0.6235867
0,1,0.5665676
0,0,0.30715016
0,0,0.2371597
0,0,0.09160218
0,0,0.060684517
0,1,0.6432737
0,0,0.4742799
0,0,0.11775956
0,0,0.40307736
0,0,0.26649022
0,0,0.26833335
0,1,0.7042426
0,1,0.6049377
0,1,0.6780373
0,0,0.2332499
0,0,0.30460656
0,1,0.5568636
0,0,0.30478242
0,0,0.44018188
0,1,0.7555589
0,0,0.12962678
0,0,0.35095277
0,0,0.24267386
0,0,0.49070984
0,0,0.49077702
0,0,0.3109394
0,1,0.6943015
0,0,0.2628628
1,0,0.17400259
0,1,0.67971075
0,0,0.43909672
1,0,0.4565874
0,0,0.42095712
0,0,0.40264696
0,0,0.26702324
0,0,0.41349673
0,0,0.3433482
1,0,0.31630138
0,1,0.66246736
0,0,0.08150025
0,1,0.83028924
0,1,0.5447219
1,1,0.9077202
0,0,0.27119067
0,1,0.6318157
0,0,0.08866176
0,0,0.2884786
0,0,0.04265128
0,1,0.78440034
0,1,0.78973556
0,0,0.39260504
0,0,0.20036818
0,0,0.117940746
0,0,0.16059849
0,0,0.09635001
0,0,0.33981863
0,0,0.31916744
0,0,0.23400208
0,1,0.5046954
0,1,0.5995569
0,0,0.13871676
0,0,0.33814937
0,0,0.40035394
0,0,0.32756287
0,0,0.35386866
0,0,0.13268043
0,0,0.25005162
0,0,0.37754837
0,1,0.67438406
0,0,0.2788995
0,1,0.6681044
0,1,0.5199636
0,0,0.2903296
0,0,0.10437963
0,0,0.28474018
0,1,0.55150485
0,0,0.06208186
0,0,0.2975924
0,0,0.32805824
1,1,0.5585377
0,0,0.1458382
0,0,0.1445236
0,0,0.24976642
0,0,0.3035907
1,1,0.7650443
0,0,0.49743444
0,0,0.36920583
0,0,0.23980623
0,0,0.2532905
0,0,0.42379987
1,1,0.8584868
0,1,0.72387177
0,0,0.13949862
0,0,0.4044809
0,0,0.28622478
0,0,0.46265802
0,1,0.63038373
0,1,0.6103221
0,0,0.35005116
0,0,0.44540575
0,0,0.46827134
1,1,0.8926004
0,0,0.35687038
0,0,0.38231245
0,0,0.2490092
0,1,0.54098666
0,0,0.10182346
1,0,0.41704658
0,0,0.2337825
0,0,0.15812407
0,0,0.21062818
0,1,0.53675574
0,1,0.533409
0,1,0.85612166
0,0,0.37074623
1,1,0.61939275
0,1,0.7203802
0,0,0.1559356
1,1,0.71581656
0,0,0.32410932
0,0,0.46385244
0,0,0.35865676
0,0,0.13156319
0,0,0.18429774
0,1,0.716336
0,0,0.30539054
0,0,0.25737607
1,1,0.50587696
0,0,0.11220902
0,0,0.36487058
0,1,0.6171554
0,0,0.1825142
0,0,0.40766498
0,0,0.27476767
0,1,0.7444793
0,0,0.45600036
0,0,0.11896022
0,0,0.4844206
0,0,0.3787719
0,0,0.12970679
0,0,0.25547332
0,1,0.5797533
0,1,0.57162803
1,0,0.46986485
0,0,0.22746645
0,0,0.419193
0,0,0.3123318
0,0,0.28239235
0,0,0.13786004
1,1,0.55096394
0,0,0.31384006
0,0,0.43459237
0,0,0.14224239
0,0,0.41756716
0,0,0.19124398
0,0,0.16456962
0,0,0.30242163
1,0,0.20142171
0,0,0.3004185
0,1,0.69787896
0,1,0.8104499
0,0,0.35338482
0,1,0.8318075
0,1,0.53883606
0,0,0.40625128
0,0,0.15837064
0,1,0.506714
0,0,0.41952002
0,1,0.55795383
0,0,0.27944285
0,0,0.26856828
0,1,0.59054977
0,0,0.24694744
1,1,0.6336026
0,0,0.14182448
0,0,0.13381205
0,1,0.7208794
1,0,0.4090513
0,0,0.2549894
0,1,0.53560656
0,0,0.057154
0,0,0.26462564
0,0,0.4268539
0,0,0.34951282
0,0,0.47108656
0,0,0.121594355
0,0,0.20891711
0,1,0.7216781
0,1,0.5063733
1,1,0.63108027
0,0,0.37255356
0,0,0.27331808
0,0,0.2900618
0,1,0.55568653
0,1,0.6140015
0,1,0.543934
0,0,0.29103214
0,0,0.25190482
0,1,0.70463693
0,0,0.15788272
0,0,0.32222822
1,1,0.8295529
0,1,0.6640672
0,0,0.47588286
0,0,0.3209641
0,0,0.12886815
0,0,0.40005574
0,1,0.82621294
0,0,0.32068023
0,0,0.4855186
0,0,0.20698364
0,0,0.123815455
0,0,0.3762745
0,0,0.3395656
0,0,0.12303418
0,0,0.09582945
0,0,0.23535374
0,0,0.4780169
0,1,0.63938886
0,1,0.616167
0,1,0.65203345
0,0,0.26524168
0,0,0.49194622
0,1,0.5767264
0,1,0.8782725
0,0,0.13124606
0,0,0.46609446
0,0,0.38476256
0,0,0.4502366
0,0,0.18346362
0,0,0.3643062
0,1,0.8088081
0,0,0.30526096
0,0,0.45685315
0,0,0.24643292
0,0,0.20693919
0,0,0.27544886
0,1,0.645928
0,0,0.32507983
0,0,0.495776
0,0,0.3203491
0,1,0.5693086
0,1,0.732205
0,1,0.5961384
1,0,0.46923563
0,0,0.18044405
0,0,0.23807292
0,1,0.66188973
0,0,0.13919267
0,1,0.71538675
1,0,0.45278683
0,0,0.18184792
0,0,0.29362565
0,0,0.32547426
0,0,0.2167057
0,1,0.56608284
0,0,0.45719048
0,1,0.6719527
0,0,0.14395759
0,1,0.6494394
0,0,0.26778892
0,0,0.22280496
0,0,0.1565808
0,0,0.3231949
0,1,0.81378245
0,1,0.55976874
0,0,0.17596868
0,0,0.3128852
0,0,0.3137329
0,1,0.71157616
0,0,0.19793785
0,0,0.16348964
0,1,0.5287631
0,0,0.23405808
1,1,0.8336558
0,0,0.36333853
0,0,0.051395353
0,0,0.44021043
0,1,0.7601638
0,0,0.15766549
0,0,0.3910199
0,1,0.6377443
0,0,0.2130459
0,0,0.244166
0,0,0.38143927
0,0,0.124210514
0,0,0.17074212
0,0,0.480552
0,0,0.16874866
0,1,0.8104575
1,1,0.555301
0,1,0.59942424
0,0,0.21480814
0,1,0.60420257
0,0,0.381347
0,0,0.089802325
0,0,0.073151305
0,1,0.7534263
0,0,0.4324635
0,0,0.30412975
0,0,0.47963095
0,1,0.6828821
0,0,0.3272029
0,0,0.33287334
1,1,0.8544575
0,0,0.14272349
0,0,0.44603252
0,0,0.2823085
0,0,0.47421804
0,0,0.087735735
0,1,0.60835946
0,0,0.19731851
0,1,0.5934745
1,1,0.58332676
0,1,0.50674695
0,1,0.5277662
0,1,0.72067297
0,1,0.51699126
0,1,0.6414176
0,0,0.41105315
0,0,0.21195364
1,1,0.7757108
0,0,0.3774448
0,0,0.3758114
0,0,0.23039958
0,0,0.10106952
0,0,0.265704
0,1,0.59239024
1,1,0.64205116
0,0,0.22946623
0,0,0.093370445
1,1,0.5121336
0,0,0.26920378
0,1,0.6530774
0,0,0.23767312
0,1,0.7844126
0,0,0.35867152
0,0,0.19038668
0,0,0.23775177
0,0,0.2979058
0,1,0.7427678
0,0,0.19388105
0,0,0.13610181
0,0,0.087821245
0,0,0.24032672
1,1,0.7607379
1,0,0.46457285
0,1,0.76268953
0,0,0.17589553
1,1,0.5345512
0,0,0.3498393
0,0,0.14666586
0,0,0.28653577
0,0,0.2382971
0,0,0.18548672
0,1,0.6242026
0,0,0.45589992
0,0,0.096950054
0,0,0.072996385
0,0,0.3409997
0,1,0.6169527
0,0,0.46918142
0,0,0.16190895
0,0,0.2722345
0,0,0.20607676
0,0,0.0593083
0,0,0.15213062
0,1,0.55931175
0,0,0.13948001
0,1,0.80733293
0,0,0.058808405
0,0,0.2079846
0,0,0.40804026
0,0,0.18983515
0,0,0.3216678
0,1,0.53298783
0,1,0.76433676
0,0,0.22032212
1,1,0.5270899
0,1,0.5652781
1,0,0.4103317
0,1,0.5744359
0,0,0.22897787
0,0,0.42261198
0,0,0.37758514
0,0,0.12163408
0,0,0.11609417
0,0,0.21980505
0,0,0.19934751
1,0,0.48525774
0,0,0.084583074
0,0,0.20022167
0,0,0.22372265
0,1,0.7988974
0,1,0.6855901
0,0,0.4411573
0,1,0.6272646
0,0,0.4430736
0,1,0.57952446
0,1,0.6459972
0,0,0.26641703
0,0,0.28603464
0,1,0.7925713
0,1,0.6406747
0,0,0.26671273
0,1,0.6486129
0,0,0.23223524
0,0,0.3536084
0,0,0.4012204
0,0,0.48359573
0,0,0.21656565
0,0,0.19458121
0,1,0.619167
0,1,0.67086035
0,1,0.748629
0,0,0.37142196
0,0,0.29191953
1,1,0.5785298
0,0,0.12502389
0,1,0.68178123
0,0,0.2783466
0,0,0.40285626
0,0,0.21968144
0,0,0.19590254
0,0,0.4875296
0,1,0.5702016
0,1,0.55104864
1,1,0.7671823
0,0,0.16605288
0,1,0.722708
1,0,0.19754708
0,0,0.19731747
1,1,0.8142221
0,0,0.17809686
0,0,0.09457923
0,0,0.19729851
0,1,0.55924404
0,0,0.30129582
0,0,0.4747817
0,0,0.41884494
0,0,0.1790369
0,1,0.5699531
0,0,0.32022485
0,0,0.34200984
0,0,0.18219434
1,1,0.7096231
0,0,0.3104788
0,0,0.10788547
1,1,0.65472203
0,0,0.32740813
0,0,0.11198239
0,0,0.4641481
0,1,0.55243266
0,0,0.16240016
0,0,0.28413323
0,1,0.5892086
0,1,0.804181
0,0,0.30574203
0,0,0.23235537
0,0,0.21471962
0,0,0.4494887
0,0,0.18338458
0,0,0.34844926
0,0,0.013326822
0,0,0.42130902
0,0,0.30550724
0,1,0.54209536
0,0,0.37324798
1,1,0.7013927
0,0,0.4251888
0,0,0.24276127
0,0,0.42947882
0,0,0.39434594
0,0,0.25202015
0,0,0.39625674
1,1,0.72641796
0,1,0.598252
0,0,0.08989372
0,0,0.34931836
1,1,0.82663137
0,0,0.28669405
0,0,0.31771702
0,0,0.14234795
1,1,0.50781965
0,0,0.14645973
0,0,0.3767761
0,0,0.07721277
0,1,0.8570043
0,0,0.16603763
0,0,0.35114393
1,1,0.57502574
0,0,0.36595035
0,0,0.34088525
0,0,0.33137906
0,0,0.43559656
0,0,0.23186894
0,0,0.49871904
0,1,0.5645515
0,0,0.28014842
0,0,0.44064948
0,0,0.33190516
0,0,0.39729533
0,0,0.16341256
0,0,0.33123416
1,1,0.5422468
0,1,0.57292444
0,0,0.49381068
0,0,0.2903574
0,0,0.16447909
0,0,0.37191215
0,0,0.0824616
0,1,0.7778876
0,0,0.43848926
0,0,0.3007073
0,1,0.5808974
0,0,0.30861416
0,0,0.27992913
0,0,0.077398606
0,0,0.4928085
0,0,0.2903897
0,0,0.35559532
0,0,0.32398984
0,0,0.31844825
0,0,0.31542858
0,0,0.43370098
0,0,0.27607456
0,1,0.58394897
0,0,0.31044784
0,1,0.67680377
1,1,0.5332592
0,1,0.51462275
0,1,0.6016129
0,0,0.4763892
0,0,0.3974719
0,0,0.22013415
0,0,0.3877543
0,1,0.5399478
0,1,0.53158486
0,0,0.24391133
0,1,0.5389263
0,0,0.36164066
0,0,0.13294469
0,0,0.33929366
0,0,0.39763543
0,1,0.58232355
1,0,0.33367997
0,0,0.3921205
0,0,0.19099309
1,1,0.85770255
1,1,0.5314162
1,1,0.92650145
0,1,0.54826784
0,0,0.24745837
0,0,0.38419992
0,0,0.11675391
0,0,0.33919492
0,0,0.3015625
0,0,0.2145861
0,0,0.16718452
0,0,0.28244302
0,0,0.08526308
0,0,0.3833719
0,1,0.61237967
0,1,0.51569885
0,0,0.17805375
0,0,0.113325976
0,0,0.2547905
0,0,0.34639606
0,0,0.40067986
0,0,0.08333473
0,0,0.31577602
0,0,0.41337788
0,0,0.46898085
0,0,0.22059256
0,0,0.38555223
0,1,0.6039937
0,0,0.25861567
0,0,0.16051991
0,0,0.36059442
0,0,0.19576278
0,0,0.18490791
0,0,0.061945017
0,0,0.16345939
0,1,0.6657761
0,0,0.22653708
0,0,0.23044963
0,0,0.29565805
1,1,0.80143034
0,0,0.34670958
0,0,0.24297427
1,1,0.7270485
0,1,0.52899635
0,0,0.2766414
0,0,0.2871154
0,0,0.3356854
1,1,0.88551885
0,0,0.21793343
0,0,0.29343665
0,0,0.23354839
0,1,0.5294687
0,1,0.53853077
0,0,0.39306375
0,0,0.11625693
0,0,0.1893316
0,0,0.47132456
0,0,0.41531855
0,0,0.479182
0,0,0.20134814
0,0,0.07510256
0,0,0.18335703
0,0,0.29059824
1,1,0.6016433
0,0,0.35236138
0,0,0.1901517
0,0,0.1265559
1,0,0.3256918
0,1,0.6989812
0,0,0.21018729
0,0,0.17147276
0,1,0.8283211
0,0,0.43135673
0,0,0.40497705
0,1,0.64744097
0,0,0.07694243
0,1,0.56620586
0,0,0.29277286
0,0,0.27727464
0,0,0.3897544
0,0,0.2672084
0,0,0.4189886
0,0,0.49831536
0,1,0.6014177
0,1,0.7427706
0,0,0.4644631
0,1,0.6942172
0,1,0.8368485
0,0,0.106553994
0,0,0.24733339
0,0,0.07417086
0,1,0.5949292
1,1,0.8542492
1,1,0.7691942
0,0,0.120263785
0,0,0.22718194
0,0,0.41035274
0,0,0.17644125
0,1,0.6004762
0,0,0.23003629
0,0,0.19699717
0,1,0.67681074
0,1,0.67239475
0,1,0.8481913
0,0,0.19845624
0,1,0.7107768
1,0,0.43968225
0,0,0.48422077
0,0,0.34691915
0,0,0.20839635
0,0,0.43218112
0,1,0.55821455
0,0,0.07012655
0,0,0.27726185
0,0,0.46967807
1,1,0.5422595
0,1,0.5392963
0,0,0.27058202
0,0,0.28737006
1,1,0.6327301
0,0,0.21029907
0,1,0.5231014
0,0,0.17285493
0,1,0.5339996
0,0,0.34301135
0,0,0.37230328
0,1,0.88586795
0,0,0.11441029
0,0,0.38513413
0,0,0.28297257
0,1,0.55861497
0,0,0.3177291
0,1,0.6195991
0,0,0.23454256
0,0,0.3000557
0,1,0.5558693
0,0,0.31777602
0,0,0.31886688
0,0,0.16138384
0,0,0.25816026
0,0,0.22316633
0,0,0.31442553
0,0,0.4007445
0,0,0.20884296
0,0,0.27914336
0,1,0.54416376
0,0,0.090944186
0,0,0.13248003
0,0,0.16883081
0,0,0.25635105
0,0,0.258215
0,0,0.43203253
0,0,0.49672416
0,0,0.15395929
0,0,0.47493252
0,0,0.08180134
1,0,0.46491644
0,0,0.4007781
0,0,0.4428483
0,0,0.25046346
0,1,0.7596132
0,1,0.7168143
0,0,0.36199743
0,1,0.54944164
0,0,0.15813705
0,0,0.20127046
0,1,0.5670508
0,0,0.12864716
0,0,0.09597935
0,0,0.09418055
0,0,0.34929135
0,0,0.1158624
1,1,0.7394988
0,0,0.39143285
1,0,0.48741505
0,0,0.3957481
1,1,0.69855887
0,0,0.18789864
0,0,0.48734444
0,0,0.32520148
0,0,0.2367323
0,0,0.21581315
0,0,0.380054
0,0,0.3304641
0,0,0.26416755
0,1,0.5547995
0,0,0.12729596
0,0,0.08544236
0,0,0.34672013
0,0,0.13630211
0,1,0.53748953
1,1,0.78297156
0,0,0.38741392
0,1,0.82167983
0,0,0.10299372
0,0,0.15746605
0,1,0.6153138
0,0,0.3687954
0,0,0.2405428
0,0,0.14082918
0,1,0.6102276
0,0,0.47638974
0,0,0.3291956
0,0,0.21514738
0,0,0.36817098
1,0,0.36441657
0,0,0.43733025
0,1,0.54669994
0,1,0.5810218
0,1,0.74116105
0,0,0.15178476
1,0,0.43363744
0,0,0.38959876
0,0,0.23868899
1,0,0.42984277
1,0,0.285453
0,0,0.45321128
0,0,0.39867783
1,0,0.3351663
0,0,0.22185957
0,1,0.58424234
0,0,0.29476768
0,0,0.1830174
0,0,0.2508143
1,1,0.76970875
0,1,0.70679337
0,0,0.12727225
0,0,0.34587103
0,1,0.69924146
0,1,0.64096415
0,0,0.4178327
1,1,0.6194744
1,0,0.30803487
0,1,0.76927495
0,0,0.22381678
0,0,0.31627843
0,0,0.4451672
0,0,0.08719963
1,1,0.50663525
0,1,0.6043349
0,0,0.1257135
0,0,0.13194056
0,1,0.78187674
0,0,0.24308644
0,0,0.12003443
1,1,0.6876571
0,1,0.5372836
0,0,0.20395096
0,1,0.7364769
0,0,0.3640882
0,1,0.65680885
0,0,0.4327055
0,0,0.116946995
0,0,0.17552966
0,0,0.32089564
0,1,0.52610755
0,1,0.81964886
0,0,0.14455466
0,0,0.18280971
0,0,0.21729769
0,0,0.3973055
0,1,0.68959075
0,0,0.31507373
0,0,0.3979917
0,0,0.084384374
0,0,0.38310528
0,0,0.08434262
0,1,0.65896326
0,0,0.10925057
0,0,0.18322104
0,0,0.25024584
0,0,0.33237413
0,0,0.09871865
0,0,0.4259729
0,0,0.14107467
0,1,0.5700365
0,0,0.24401195
0,0,0.33795744
0,0,0.16662303
0,0,0.3418637
0,0,0.49773845
0,0,0.20685877
0,0,0.30021077
0,0,0.20386092
0,0,0.48947588
1,1,0.6525581
0,0,0.17390047
0,0,0.16731241
0,0,0.35286054
0,0,0.17553917
0,1,0.56274945
0,0,0.06934517
0,0,0.33070248
0,0,0.24034137
0,0,0.4729905
0,0,0.047460243
0,0,0.22574732
0,0,0.19132084
0,0,0.4920803
0,0,0.22493386
0,0,0.18614325
0,0,0.3314992
0,0,0.16407204
0,0,0.4884675
0,1,0.72368115
1,1,0.84936756
0,1,0.5251422
0,0,0.281052
0,0,0.29484883
0,0,0.2891438
0,0,0.49847052
0,0,0.29682004
0,0,0.36360162
0,0,0.12646452
0,0,0.12661433
0,1,0.6157023
1,1,0.73627436
0,0,0.38178337
0,0,0.45755
1,0,0.31901565
0,0,0.17046835
1,0,0.24171771
0,0,0.17171381
0,0,0.49653044
0,0,0.2908196
0,0,0.15319042
0,0,0.26179922
1,1,0.5591461
0,1,0.6558655
1,0,0.43800098
0,0,0.14093192
0,1,0.5283588
0,1,0.77970606
0,0,0.09181305
0,1,0.5815348
0,0,0.41544488
0,0,0.18822253
0,0,0.42271823
0,1,0.7374903
0,1,0.70179075
1,0,0.28151283
0,0,0.31784013
0,1,0.51751083
0,1,0.6412341
0,0,0.11975987
1,1,0.8562322
0,0,0.124032095
0,0,0.11024377
0,0,0.1815758
0,1,0.57147825
0,0,0.44685277
0,0,0.38972828
1,0,0.49448594
0,1,0.72649425
1,1,0.76075953
0,0,0.4913943
0,0,0.16893318
1,1,0.79927266
0,0,0.34614325
0,0,0.20117998
1,1,0.8860331
1,1,0.51783663
0,0,0.15064542
0,0,0.060174566
0,0,0.15014267
0,0,0.45399705
0,0,0.07691898
0,0,0.2303546
0,0,0.30153102
0,0,0.4025271
0,1,0.6173533
1,0,0.23237634
0,0,0.28419718
0,1,0.92908466
0,0,0.099896856
0,0,0.20196491
0,1,0.7936431
0,0,0.14997472
0,1,0.73004735
0,1,0.58753216
0,0,0.30527163
0,0,0.22988513
0,1,0.7518789
0,0,0.28402933
0,0,0.15225483
1,1,0.6207019
0,0,0.19313376
0,0,0.29922462
0,0,0.28331527
0,0,0.059886873
0,0,0.23752542
0,0,0.23188417
0,0,0.42635614
1,1,0.55584544
0,0,0.22415437
0,0,0.3393563
0,0,0.22662255
0,1,0.6633063
0,0,0.32789728
0,0,0.24530078
1,1,0.7983746
0,1,0.7429069
0,0,0.47251597
0,0,0.27143654
0,0,0.10385826
0,0,0.29331428
0,0,0.4259115
0,0,0.26644796
0,0,0.18008913
0,0,0.49031362
0,1,0.6845379
0,0,0.10750197
0,1,0.5568858
0,0,0.20889029
0,0,0.1532379
0,0,0.38266408
0,0,0.2712687
0,1,0.5433146
1,0,0.33301413
0,1,0.61435205
0,0,0.17166233
0,0,0.2834718
0,0,0.44467118
0,0,0.3437789
0,0,0.282062
0,0,0.2170633
0,0,0.07213722
0,1,0.5619949
0,1,0.7003891
0,0,0.26927057
0,1,0.5017979
0,1,0.6934492
0,0,0.48563504
0,1,0.6533446
0,1,0.63092935
0,0,0.32815415
0,1,0.7581574
0,0,0.280609
0,1,0.6173259
0,0,0.14072667
0,0,0.18439692
0,1,0.5942058
0,0,0.21207204
0,0,0.32765564
0,0,0.2940598
0,0,0.35671845
0,0,0.18066202
0,1,0.5156168
0,1,0.54464597
0,0,0.3891721
1,0,0.32618004
0,1,0.6497632
0,0,0.3235663
1,1,0.63072264
0,0,0.28026825
0,0,0.40159684
0,0,0.22019623
0,0,0.43256104
0,0,0.15260723
0,0,0.37437996
0,1,0.550334
0,1,0.7327259
0,0,0.43283018
1,0,0.42890736
1,1,0.50663036
0,0,0.24897745
0,0,0.21236333
0,0,0.1887374
0,0,0.09683022
0,0,0.38895494
0,1,0.63412803
0,1,0.7916555
0,0,0.16204925
0,0,0.44464394
0,0,0.33953896
0,0,0.21050312
0,0,0.1626586
0,0,0.2625432
0,0,0.35171616
0,0,0.14586203
0,0,0.19490969
0,0,0.24784161
0,0,0.49957252
0,0,0.29679593
0,0,0.31728593
0,0,0.37436184
0,0,0.237545
0,0,0.41914162
0,0,0.42755234
0,1,0.52050316
0,1,0.7035377
1,1,0.7464874
1,1,0.9126273
0,0,0.15543617
0,0,0.24089745
0,0,0.21951717
0,0,0.1823062
0,1,0.85652244
1,0,0.18721752
0,0,0.4192098
0,0,0.11763745
0,1,0.75118774
0,0,0.2752504
0,0,0.08524205
0,1,0.52535385
0,0,0.37571424
0,0,0.31199285
0,0,0.26693392
0,0,0.49392396
0,1,0.54941076
0,0,0.18865652
0,0,0.18840012
0,0,0.323787
0,0,0.2894094
0,0,0.4137364
0,0,0.32020232
0,0,0.21958683
0,0,0.29709977
0,1,0.5549305
0,1,0.51814723
0,0,0.37752
0,0,0.15499234
1,1,0.87469894
0,0,0.48747906
0,0,0.28572786
0,0,0.20791017
0,0,0.18273297
0,0,0.32288042
0,0,0.25890073
0,0,0.29297197
0,0,0.38144878
0,0,0.40779114
0,0,0.3483996
0,0,0.20905297
0,1,0.5266314
0,0,0.4489162
0,1,0.8199782
0,0,0.12730522
0,1,0.58365154
0,0,0.25190538
0,0,0.16397604
0,1,0.5780516
0,1,0.5597475
0,1,0.6983322
0,0,0.3365379
0,0,0.12776984
0,0,0.06916017
0,0,0.14237489
0,1,0.5631433
0,1,0.51952624
0,0,0.1499119
0,0,0.4766649
0,1,0.63884634
0,0,0.34416217
0,0,0.32972732
1,0,0.29151672
1,1,0.85720044
0,0,0.49766055
0,1,0.7689631
0,0,0.22501098
0,1,0.8569344
0,0,0.1970436
0,1,0.5519487
0,0,0.37104276
0,0,0.13322785
0,0,0.4050682
0,0,0.09077446
0,1,0.82765585
0,1,0.6823239
0,0,0.48703495
0,0,0.18581256
0,0,0.42738146
0,0,0.44354656
0,1,0.5496203
0,0,0.16285957
0,0,0.12921691
0,1,0.6365829
0,0,0.31803674
0,0,0.19661048
0,0,0.060532533
0,0,0.36527896
0,0,0.10678773
0,0,0.29906094
0,0,0.23652236
0,0,0.37996337
0,1,0.63386774
0,0,0.29328647
0,0,0.46631107
0,1,0.754063
0,0,0.25505364
0,0,0.35038304
0,0,0.15897489
0,0,0.30852595
0,0,0.1722498
0,0,0.45872873
0,1,0.6459531
0,0,0.4471899
0,0,0.36276558
0,0,0.31041095
0,0,0.4352386
0,0,0.36289674
0,0,0.13935225
0,0,0.38769364
0,1,0.7020297
0,0,0.24624483
0,0,0.19828282
0,0,0.19764422
0,0,0.19727233
0,1,0.66503626
0,0,0.3427672
0,0,0.12812127
0,0,0.11594945
0,0,0.13077809
0,0,0.44534525
0,0,0.050716072
0,1,0.68617684
0,0,0.21397899
0,0,0.30544358
0,1,0.5397998
0,0,0.2851882
0,0,0.27318195
0,0,0.31003544
0,0,0.18565004
0,0,0.3134452
0,0,0.4901781
0,0,0.41977057
0,0,0.46861967
0,0,0.25672278
1,1,0.51681554
0,1,0.57927036
0,1,0.5679893
0,0,0.43437272
0,0,0.28483114
1,0,0.41047737
0,1,0.5728554
0,0,0.30865732
0,1,0.71219355
0,0,0.42043728
0,0,0.2687309
0,1,0.8327476
0,1,0.60373837
0,0,0.11869225
0,0,0.22652382
0,0,0.12814215
0,0,0.3275294
0,0,0.12132606
1,1,0.8134319
0,1,0.8091809
0,0,0.23920354
0,0,0.38590938
0,0,0.33790523
0,0,0.095487796
0,1,0.50101537
0,0,0.34032395
0,1,0.79692507
0,1,0.73740584
0,1,0.690035
0,0,0.24139796
0,0,0.3568587
0,1,0.60910636
1,0,0.3170176
0,1,0.6131887
0,1,0.59180087
0,1,0.7283407
0,0,0.36590117
0,1,0.67437
0,0,0.23995495
0,0,0.16791773
0,0,0.037241165
1,1,0.77664596
0,0,0.24107179
0,0,0.2638931
0,0,0.10795303
0,1,0.56667167
0,0,0.3253058
0,1,0.5753539
0,0,0.18912598
1,0,0.42783487
0,0,0.22845186
0,0,0.22626425
0,0,0.31241596
0,0,0.2838749
0,0,0.15109447
0,1,0.5700036
0,0,0.22512646
0,0,0.32884076
0,0,0.32643127
0,0,0.33982474
0,0,0.30075705
0,0,0.17473878
0,0,0.46131718
0,0,0.49009094
0,0,0.15565607
0,1,0.7406202
0,0,0.26232174
0,1,0.6066399
0,0,0.35226673
1,0,0.3391181
0,1,0.60747284
0,1,0.53399986
0,0,0.22398233
0,0,0.2141726
0,0,0.05795662
0,0,0.19009756
0,0,0.1717751
0,1,0.50958735
0,0,0.3451819
0,0,0.4835171
0,1,0.65965515
0,1,0.59884495
0,1,0.6348282
1,0,0.34279385
0,0,0.09719143
0,0,0.18802555
0,0,0.3157469
0,0,0.081559755
1,1,0.70626384
0,0,0.41153365
0,1,0.6816327
1,1,0.50028527
1,0,0.43896973
0,0,0.065022714
0,0,0.35384297
0,0,0.20034514
0,1,0.5972473
0,0,0.40854242
0,0,0.3854635
0,0,0.3114301
0,1,0.59494704
0,0,0.34136298
0,0,0.29018998
0,1,0.5703702
0,0,0.26117975
0,0,0.25106788
0,0,0.4738502
0,1,0.59756255
0,0,0.4469542
0,0,0.39251062
0,1,0.57793605
0,0,0.201945
0,1,0.6772003
0,0,0.19239849
0,0,0.066860296
0,0,0.14377026
0,0,0.16749078
0,0,0.14104067
0,0,0.4558284
1,1,0.88574344
0,0,0.28036848
0,1,0.6710584
0,0,0.176288
0,1,0.5488657
0,0,0.24966903
0,0,0.21896428
0,0,0.49973646
0,0,0.29924518
0,0,0.34290847
0,0,0.48573452
0,1,0.7767919
0,1,0.8878853
0,0,0.13271633
0,0,0.25928274
0,0,0.47856343
0,0,0.36623195
0,0,0.29473987
0,0,0.20967464
0,1,0.5718601
0,0,0.25391394
0,0,0.25130466
0,0,0.3145596
0,0,0.095087
0,0,0.34664994
0,0,0.2928563
0,0,0.3313885
0,0,0.38409308
0,1,0.80094135
0,0,0.23287112
0,0,0.29804188
0,1,0.5471928
0,0,0.083871275
0,1,0.5569745
0,0,0.30997062
0,0,0.39422125
0,1,0.5963334
0,0,0.18313454
0,0,0.48935735
0,1,0.590338
0,1,0.61777633
0,0,0.25885442
0,0,0.27400538
0,0,0.21770059
0,0,0.36308232
0,0,0.18944086
0,1,0.8980056
0,0,0.22564317
0,0,0.12188957
0,0,0.17912988
1,1,0.5711275
0,0,0.38443768
0,0,0.3452918
0,1,0.59058917
0,0,0.21153376
1,1,0.68509257
0,0,0.25837746
0,1,0.6179772
0,0,0.22093093
0,0,0.36814708
0,0,0.15287812
0,0,0.26055738
0,1,0.57597023
0,0,0.3389107
0,0,0.18236232
0,0,0.25986084
0,1,0.7849095
0,0,0.1620011
0,1,0.68515134
0,0,0.3825432
0,0,0.19680934
0,1,0.7808428
0,0,0.29148284
0,0,0.16433898
0,0,0.31050533
0,0,0.24304374
0,0,0.10848739
0,1,0.507144
0,0,0.48986185
0,0,0.38848332
0,1,0.6987157
0,1,0.82451946
0,0,0.26721323
0,1,0.5102345
0,0,0.23342554
1,1,0.5576369
0,0,0.14365713
0,1,0.54730105
0,0,0.19904952
0,0,0.32442132
0,0,0.30438498
0,0,0.11513754
0,0,0.3146777
0,0,0.37882757
0,0,0.2378045
0,0,0.114609495
0,0,0.4261467
0,0,0.43046865
0,0,0.25152943
0,0,0.35641405
0,0,0.18255904
0,0,0.17309538
0,0,0.34662998
0,0,0.48430365
0,0,0.1188686
0,0,0.38387716
0,0,0.21992555
1,1,0.6529769
0,0,0.3259742
0,0,0.39388347
0,0,0.19441904
0,0,0.12481113
1,1,0.76518834
0,0,0.46443766
0,1,0.5380769
0,0,0.28733286
0,1,0.5021273
0,1,0.6756085
0,0,0.2248946
0,1,0.74128735
0,1,0.5802555
0,0,0.37971392
0,0,0.16836354
0,0,0.26208422
0,1,0.7314807
0,1,0.7387884
0,0,0.39029336
0,0,0.22432816
0,0,0.31081104
0,0,0.24015526
0,0,0.17046514
0,1,0.7270124
0,1,0.88717175
0,0,0.07297048
0,1,0.8145792
0,0,0.2838082
0,0,0.27074325
0,0,0.102139495
0,0,0.1362344
0,0,0.178195
0,1,0.68315977
0,1,0.66321117
0,1,0.55107814
0,1,0.58918875
0,0,0.14704333
0,1,0.60405844
0,0,0.18063956
0,0,0.21549983
0,0,0.43394175
0,1,0.57329965
0,0,0.27459913
0,0,0.26777777
0,0,0.259443
0,0,0.1874369
0,0,0.33688805
0,0,0.1586105
0,0,0.30538914
0,1,0.65881944
0,0,0.33130178
0,0,0.38395166
0,0,0.4146543
0,0,0.41385078
1,0,0.3338853
0,1,0.57884085
0,0,0.094847456
0,0,0.16601898
0,1,0.505353
0,0,0.13289376
0,1,0.8179499
0,0,0.25972143
0,0,0.46835077
0,0,0.3638477
0,0,0.21456361
0,0,0.27297288
1,1,0.6175716
0,1,0.5260057
0,1,0.6041135
0,0,0.17547616
0,0,0.3977149
0,0,0.18502294
0,0,0.31477436
1,1,0.6521073
0,0,0.27058122
0,0,0.3166831
0,1,0.5754566
0,0,0.37709978
0,0,0.43807927
0,0,0.31676996
0,0,0.14876804
0,0,0.37753606
0,0,0.25313652
0,0,0.075612515
0,1,0.6713171
0,1,0.61757195
0,1,0.8783324
0,0,0.25917026
0,1,0.6959508
0,1,0.721049
0,1,0.55560666
0,0,0.17249145
0,0,0.37981972
0,0,0.4957294
0,0,0.24145544
0,0,0.20549801
0,1,0.69921184
0,1,0.8882469
0,0,0.35444233
0,0,0.47368452
0,0,0.105697416
0,0,0.25410885
0,0,0.23709916
0,0,0.3913835
0,1,0.6717513
0,0,0.2921006
0,1,0.54434234
1,1,0.772166
0,0,0.118227124
0,0,0.37806475
0,0,0.18301846
0,0,0.19761111
0,1,0.7660766
0,0,0.39779368
0,0,0.17663379
0,0,0.4126684
0,0,0.4202706
0,0,0.08064978
0,0,0.2791086
0,1,0.5609276
0,1,0.7851168
0,0,0.17017959
0,0,0.3209987
0,0,0.45688057
1,1,0.68372184
0,0,0.21101938
0,0,0.39993334
0,0,0.31558603
0,0,0.38040867
0,0,0.42689523
0,0,0.40369114
0,0,0.16067518
0,1,0.6707088
0,0,0.41542652
0,0,0.27438956
0,1,0.87754494
0,0,0.28064632
0,1,0.5290589
0,0,0.37486616
0,0,0.19529784
0,1,0.58096445
0,0,0.14087103
0,0,0.17435394
0,1,0.82494235
1,1,0.5379923
0,0,0.22050579
0,0,0.47784397
0,0,0.27913535
0,0,0.48709762
0,0,0.35394305
0,1,0.5800206
0,0,0.23837319
0,1,0.5794205
0,1,0.5717539
0,1,0.5142233
0,0,0.22736308
0,0,0.2988281
1,1,0.5528581
0,0,0.42321333
0,0,0.12508866
0,0,0.306539
0,1,0.6017051
0,0,0.2631522
0,0,0.1719829
0,0,0.38691336
0,0,0.41857454
0,1,0.5245247
0,1,0.6383619
0,0,0.32410678
0,0,0.37626472
0,1,0.5502431
0,1,0.6381361
0,0,0.2663391
0,0,0.20975484
0,1,0.5533082
0,0,0.06737374
0,0,0.41043097
0,1,0.587577
0,0,0.41719514
0,0,0.237061
1,1,0.73107916
1,1,0.61941725
0,0,0.19537744
0,0,0.28465652
0,1,0.5991461
1,1,0.75110406
0,0,0.41304228
0,1,0.5004857
0,0,0.14132833
0,0,0.2515264
0,0,0.36248162
0,0,0.19137034
0,0,0.1674259
0,0,0.31728202
0,0,0.13680072
0,0,0.13183738
0,0,0.4158125
0,1,0.5075072
1,1,0.8003166
0,0,0.27437478
0,0,0.42280897
0,0,0.37102178
0,0,0.19232388
0,0,0.3736623
0,1,0.5461977
0,0,0.12007067
0,0,0.09661182
0,0,0.27562836
0,0,0.4293342
0,1,0.5245734
0,1,0.6772859
0,1,0.6113493
0,0,0.41013527
0,0,0.25424305
0,0,0.056688175
0,1,0.68261725
0,1,0.72656125
0,0,0.10558877
0,0,0.19589151
0,0,0.19026797
0,1,0.5614922
1,0,0.3037147
0,0,0.1404951
0,0,0.049907118
0,0,0.4332356
0,0,0.20913886
0,0,0.29114822
0,0,0.35839888
0,0,0.13882387
0,0,0.3757673
1,0,0.15511549
0,0,0.24987894
0,0,0.44544908
0,1,0.75412554
0,0,0.41846952
0,0,0.3189967
0,0,0.34900194
0,0,0.22739808
0,0,0.16940871
0,0,0.3486638
0,0,0.30343968
1,1,0.5219434
0,0,0.20816566
0,0,0.28280255
0,1,0.5053994
0,1,0.51310796
0,0,0.473228
0,0,0.108794324
0,0,0.21869312
0,0,0.15083821
1,1,0.5906276
0,0,0.2783581
1,1,0.5225127
0,0,0.3641814
0,1,0.625376
0,0,0.42017096
0,0,0.14625749
0,0,0.27476144
0,1,0.6271708
0,0,0.07205054
1,1,0.6656215
0,0,0.3305757
0,1,0.63449574
0,0,0.3114432
0,0,0.22926179
0,0,0.07461456
0,0,0.41660863
0,0,0.0915318
0,0,0.13394153
1,1,0.5116813
0,0,0.21629097
0,0,0.30000365
0,1,0.8045538
0,0,0.2138394
0,1,0.5158517
0,0,0.12471866
0,0,0.18388128
0,0,0.30905116
0,0,0.29127344
0,0,0.2644078
0,0,0.3099766
0,0,0.30563986
0,0,0.4332137
0,0,0.44224316
0,0,0.091220655
0,0,0.19000727
0,1,0.7374039
0,0,0.23072451
0,0,0.31059682
0,0,0.36251038
0,1,0.590647
0,0,0.34367743
0,0,0.118134476
0,0,0.20506747
0,0,0.21190265
0,0,0.13736613
0,0,0.1701135
0,0,0.2810465
0,0,0.410351
1,0,0.4965355
0,0,0.27680266
0,1,0.7841776
0,0,0.3761651
0,0,0.1958754
0,0,0.18751274
0,0,0.25717962
0,0,0.22523865
1,1,0.8237276
0,1,0.5965105
0,0,0.444128
0,0,0.17597239
0,0,0.36892092
0,1,0.5146277
0,1,0.5317908
0,0,0.20327882
0,0,0.38518494
0,1,0.6925193
0,0,0.37213844
0,0,0.2649086
0,1,0.68326366
0,1,0.5031038
0,0,0.28128222
0,0,0.22813614
1,1,0.7484738
0,0,0.275398
0,0,0.3984422
0,1,0.7640861
0,1,0.52674055
0,0,0.41018555
0,0,0.15682235
0,0,0.20044735
1,1,0.75413764
0,0,0.45882297
0,1,0.6293037
0,0,0.30801883
0,1,0.56149626
0,1,0.7927514
0,0,0.35328582
0,0,0.388955
0,0,0.38639456
1,0,0.098810524
0,0,0.21601796
0,0,0.08724378
0,0,0.09920509
0,0,0.21073978
0,0,0.28416166
1,1,0.84313565
1,0,0.4423635
0,0,0.4568284
0,0,0.42469922
0,1,0.52057284
0,0,0.22526263
0,0,0.26374453
0,1,0.58255535
0,0,0.08363062
0,0,0.20960398
0,0,0.19400235
0,1,0.609456
0,0,0.08140128
0,0,0.3429139
0,1,0.56634516
0,0,0.22073205
0,1,0.5364267
0,0,0.4608237
0,0,0.4080406
0,0,0.19853579
0,0,0.24376355
0,0,0.46912012
0,0,0.38583845
1,1,0.68598145
0,0,0.041623753
1,1,0.61029506
0,0,0.41576925
0,0,0.14250264
1,1,0.778483
0,0,0.26932508
0,0,0.21952917
0,0,0.1622814
0,0,0.39153603
0,0,0.44645903
0,1,0.5360918
0,1,0.7363078
0,0,0.14280903
0,1,0.519491
0,1,0.66166306
0,1,0.8214985
0,0,0.47159535
0,0,0.21367133
0,1,0.7125106
0,0,0.26369137
1,1,0.62968177
0,1,0.6510974
0,0,0.45845875
0,0,0.07188538
0,0,0.31678113
0,0,0.18246411
0,0,0.27149475
0,1,0.7403243
0,1,0.60534334
0,0,0.29655668
0,0,0.1855076
0,0,0.32739305
1,0,0.4867734
0,0,0.35035428
0,0,0.34845054
0,0,0.16472
0,1,0.73566145
0,0,0.44464508
0,1,0.57846355
0,0,0.25885493
0,0,0.3867583
0,1,0.60536706
0,0,0.13229449
1,0,0.47072968
0,0,0.39743137
0,0,0.15556885
0,0,0.48399013
0,0,0.3201978
0,0,0.23675899
0,1,0.51170915
0,0,0.19529383
0,0,0.36218822
0,0,0.2985398
0,0,0.23164381
0,1,0.50480694
1,0,0.22879733
0,1,0.6410494
0,1,0.5553664
0,0,0.14051376
0,0,0.15461147
0,0,0.43800727
1,1,0.5531138
0,0,0.42079234
0,1,0.5437536
0,0,0.14641136
1,1,0.6195445
0,0,0.2610396
0,1,0.5298278
0,0,0.11468395
0,1,0.5756362
0,0,0.20999092
0,0,0.21387066
0,0,0.2669184
1,0,0.48637867
0,0,0.11674419
0,0,0.09444562
0,0,0.3493051
0,0,0.41629326
0,0,0.3815288
0,0,0.444048
0,0,0.07300626
0,0,0.23107028
0,0,0.4559043
0,0,0.15687717
0,0,0.14418161
0,0,0.19827336
0,0,0.35664958
0,0,0.43627316
0,0,0.22934209
0,0,0.324954
1,1,0.89521664
0,0,0.3122458
0,0,0.29302058
0,1,0.87287915
1,1,0.8425437
0,0,0.09005436
0,0,0.18620864
0,1,0.6976445
0,0,0.27304262
0,0,0.47911182
0,0,0.13388526
0,0,0.13372053
0,0,0.16011773
0,0,0.41223866
0,0,0.34617752
0,1,0.8573942
0,0,0.36817247
1,0,0.20074856
0,0,0.27289185
0,1,0.7025344
0,0,0.13969667
0,1,0.5476337
1,1,0.70359796
0,0,0.3642554
0,1,0.63665646
0,0,0.41316533
0,0,0.3259359
0,0,0.26412395
0,1,0.6347499
0,0,0.44972014
0,0,0.4016306
0,0,0.4565443
0,0,0.08757351
0,0,0.35342643
0,0,0.17105605
0,0,0.42423195
0,0,0.3580702
0,0,0.11259874
1,1,0.738718
0,0,0.27303046
0,1,0.56276244
0,0,0.37216723
0,1,0.5904358
0,1,0.5643749
0,0,0.3999711
0,0,0.20506732
0,0,0.13298437
0,0,0.26042143
0,1,0.8757135
0,0,0.2101931
0,0,0.31442472
0,0,0.100421526
0,1,0.66916126
0,0,0.24649543
0,0,0.23047306
0,0,0.18543316
0,0,0.41152745
0,1,0.5811299
0,0,0.42704982
0,1,0.53732055
0,1,0.71123207
0,0,0.05045764
0,0,0.18002051
0,0,0.3202277
0,0,0.30693212
0,0,0.3647637
0,0,0.21459588
0,0,0.16370739
0,1,0.6114075
0,0,0.49712038
1,0,0.3612141
0,0,0.26109853
0,1,0.67454314
0,0,0.3379082
0,0,0.4310403
0,0,0.42360902
0,1,0.5235179
0,1,0.87104756
0,0,0.058621835
0,1,0.5367312
1,1,0.5071497
0,0,0.17427257
0,1,0.7990435
0,0,0.3732151
0,0,0.12783127
0,0,0.2949103
1,1,0.74498487
0,0,0.4331313
0,0,0.18619224
0,0,0.34175658
0,0,0.4968395
0,0,0.08556588
0,0,0.15400313
0,0,0.17248712
0,0,0.29974774
0,0,0.34713578
0,0,0.14580113
0,1,0.54072905
0,0,0.306509
0,0,0.15280095
0,0,0.25527307
0,0,0.18856272
0,0,0.3923729
0,1,0.7391722
1,1,0.74895316
0,1,0.53560424
0,0,0.15642263
1,1,0.6197857
0,1,0.8145336
0,0,0.39222506
0,0,0.24651061
0,1,0.7166033
0,0,0.31858414
0,0,0.45143715
0,0,0.16285414
0,0,0.23321782
0,0,0.31722656
0,0,0.4346241
0,0,0.17458904
1,1,0.610475
0,1,0.75354517
0,1,0.5237458
0,0,0.19882001
0,0,0.46063185
0,0,0.4397089
0,0,0.2774779
0,0,0.19068094
0,1,0.85746235
0,1,0.56470805
0,0,0.30794606
1,1,0.6570811
0,0,0.33529836
0,0,0.14023705
1,1,0.783102
0,0,0.35562018
0,1,0.56166077
0,0,0.09904492
0,0,0.28099495
0,1,0.5646193
0,0,0.3559497
0,0,0.45876038
0,1,0.5681702
0,0,0.21257213
0,0,0.20414601
0,0,0.38611794
0,1,0.56398153
0,0,0.23815216
0,0,0.47798118
0,0,0.162867
0,0,0.31583354
0,0,0.3225444
0,1,0.56081295
0,0,0.37681678
0,0,0.17590928
1,1,0.6999518
0,0,0.18577078
1,1,0.81625336
0,0,0.21915203
0,0,0.2810669
0,0,0.25792107
0,0,0.42096558
0,0,0.24015106
0,0,0.41603795
0,1,0.68546104
0,0,0.28120652
0,0,0.26441196
0,0,0.13560306
0,0,0.23334067
0,0,0.40139934
0,0,0.22307757
0,0,0.42503163
0,0,0.38760874
0,1,0.50766975
0,0,0.24768344
0,0,0.17434028
0,0,0.33649746
0,0,0.042573363
0,1,0.52350795
1,1,0.6628855
0,1,0.5161475
0,0,0.050103262
0,0,0.34697855
0,0,0.3225781
0,0,0.31957617
0,1,0.83847094
0,0,0.3890201
0,0,0.3345886
0,0,0.3660822
0,1,0.66063374
0,0,0.24405353
0,1,0.6590068
0,1,0.60643345
0,0,0.16775717
0,1,0.57641447
0,1,0.51250654
0,0,0.4150013
0,1,0.5232129
0,1,0.64800566
0,0,0.25749707
0,0,0.47625664
0,0,0.42672578
0,0,0.3037202
0,0,0.29540324
0,1,0.7381547
0,1,0.86029434
0,0,0.3298936
0,0,0.42473826
0,0,0.39278853
0,0,0.08032421
1,0,0.3703704
1,1,0.6571637
0,0,0.099998385
0,1,0.6344579
1,1,0.7585755
0,0,0.29398167
0,0,0.49432614
0,1,0.60322696
0,0,0.3514497
0,0,0.47665253
0,0,0.25878853
0,1,0.615393
0,0,0.31026024
0,1,0.5081047
0,0,0.23427324
0,0,0.25810176
0,0,0.1827116
0,0,0.46675736
0,1,0.73566604
0,0,0.048117526
0,1,0.6973223
0,1,0.5830171
0,1,0.6193301
0,0,0.28499153
0,0,0.3934467
0,0,0.06349668
0,0,0.4856071
0,0,0.30409294
0,0,0.13192593
0,0,0.17549154
1,1,0.8037701
0,0,0.40783253
0,0,0.39196247
0,0,0.09087483
0,1,0.52648807
0,1,0.68954504
0,0,0.4104566
0,0,0.22543731
0,0,0.49569964
0,0,0.2818414
0,0,0.41589364
1,1,0.7397604
0,0,0.28175044
0,0,0.49836114
0,0,0.32573292
1,1,0.772619
0,0,0.30859712
0,1,0.64304763
0,0,0.16835779
0,1,0.6812809
0,0,0.2863755
0,0,0.27129287
0,1,0.60022134
0,1,0.6521976
0,0,0.1702279
1,0,0.20063658
0,0,0.23207985
0,1,0.60036784
0,0,0.31861582
0,0,0.08967318
0,1,0.7008025
0,1,0.583093
0,0,0.1420685
0,0,0.17881788
1,1,0.63357276
0,0,0.11103713
0,0,0.42395365
0,0,0.26590908
1,0,0.47324583
0,1,0.6703787
0,0,0.10076534
0,0,0.4463074
1,0,0.43018097
0,0,0.44316527
0,1,0.5560576
0,0,0.11995148
0,0,0.3530014
0,0,0.23354164
0,0,0.32299855
0,0,0.2531295
0,0,0.46116465
0,0,0.32404092
0,0,0.35826623
0,0,0.16751362
0,0,0.26082605
0,0,0.20880306
0,0,0.07270116
0,1,0.7511832
0,0,0.29710305
0,1,0.84528685
0,0,0.17442921
0,0,0.3862635
0,0,0.09464076
0,0,0.11456855
0,0,0.2866262
0,1,0.58502775
0,1,0.65467024
0,0,0.3003665
0,1,0.5391038
0,1,0.5685781
0,1,0.5657022
0,0,0.16727754
0,0,0.19401841
0,0,0.19072564
0,1,0.6301917
0,0,0.3700556
0,0,0.372087
0,0,0.28280178
0,1,0.5456762
0,0,0.23465344
0,1,0.56155086
0,0,0.18318819
0,0,0.37193245
0,1,0.64747775
0,0,0.30871722
0,0,0.2646595
0,1,0.5491636
0,0,0.27713516
0,0,0.17857684
0,1,0.5442158
0,0,0.37141445
0,0,0.14862587
0,1,0.54842854
1,1,0.62967825
0,1,0.63274384
0,0,0.17984307
0,0,0.110759825
0,0,0.35858923
0,1,0.5278106
0,0,0.40472597
0,0,0.20404431
0,0,0.29331243
0,0,0.14912309
0,0,0.07503315
0,0,0.4398814
0,0,0.35307223
0,1,0.7196474
1,1,0.91250724
0,0,0.16620934
1,0,0.18236075
0,0,0.35595205
0,1,0.56950504
0,0,0.3572295
0,0,0.32636598
0,0,0.4642231
0,0,0.14483267
0,1,0.58693135
0,1,0.61993647
0,0,0.05903773
0,0,0.49637434
1,1,0.59702873
1,0,0.41905645
0,0,0.12926106
0,0,0.44652414
0,1,0.5382977
0,0,0.434898
0,1,0.5466459
0,0,0.10033665
0,0,0.3636695
0,0,0.36635754
0,0,0.17525667
0,0,0.12816949
0,0,0.45272624
0,0,0.16954686
0,1,0.60814154
0,0,0.4061502
0,1,0.5088371
0,0,0.27333507
0,0,0.42131215
0,0,0.32281163
0,0,0.28435445
0,1,0.78418154
1,1,0.7447397
0,0,0.34182528
0,0,0.11277954
0,0,0.45372808
0,0,0.17344223
0,0,0.21137057
0,1,0.8047673
0,1,0.6760649
0,0,0.18535464
0,0,0.23712358
0,0,0.2270276
0,0,0.2969304
0,0,0.41617897
0,0,0.053142384
0,0,0.26218483
0,0,0.17185529
0,0,0.48108312
1,1,0.8087332
0,1,0.6542073
0,1,0.74864984
0,0,0.46709824
0,0,0.13764036
0,0,0.3469721
0,0,0.07673
0,0,0.120188534
0,1,0.58346784
0,0,0.19800183
0,0,0.42445973
0,0,0.49732232
0,1,0.527745
1,1,0.5435385
0,0,0.24572594
0,0,0.39172056
0,0,0.47030488
0,0,0.38511494
0,0,0.3036907
0,0,0.30644238
0,0,0.35233086
0,1,0.65349305
0,0,0.27082992
0,1,0.837797
0,0,0.4592264
1,1,0.56185806
0,0,0.15764408
0,1,0.5154273
0,0,0.43151042
0,0,0.44348258
0,0,0.18392023
0,0,0.38875726
0,0,0.19504254
0,1,0.67078024
0,0,0.22097456
0,0,0.13233721
1,0,0.3575842
0,0,0.20619597
0,1,0.71704555
0,0,0.2521866
0,0,0.4845862
0,0,0.04048481
0,0,0.24300319
0,1,0.64793605
0,0,0.09812993
0,0,0.044643126
0,0,0.07118915
0,0,0.39491513
0,0,0.28030768
0,0,0.4929468
0,0,0.48746353
0,1,0.5912021
0,0,0.44467533
1,0,0.32359678
0,0,0.48287362
1,1,0.76356155
0,0,0.08616922
0,0,0.3794911
0,0,0.47515857
0,1,0.59819293
0,0,0.32768655
0,0,0.107446454
0,0,0.11445276
0,0,0.1246801
0,1,0.71776706
0,0,0.23171455
0,0,0.25749868
0,0,0.36438832
0,0,0.11155247
0,1,0.5426135
1,1,0.52685434
0,0,0.18873978
0,0,0.4028774
0,0,0.44914994
0,1,0.68849635
0,1,0.51048094
1,1,0.6510796
0,0,0.093911454
0,0,0.21288912
0,1,0.5844676
0,0,0.10843477
0,0,0.24082221
0,1,0.60308367
0,0,0.2769854
0,0,0.43182623
0,0,0.34204715
0,0,0.3589398
0,1,0.57696146
0,0,0.19226328
0,0,0.069470905
0,0,0.21709563
0,0,0.20084104
0,1,0.7092149
0,0,0.3065179
0,0,0.41979492
0,0,0.21387939
0,0,0.3823203
0,1,0.57041126
0,1,0.78408676
0,0,0.08366065
0,0,0.128595
0,1,0.6515429
0,1,0.6519252
0,0,0.14671455
0,1,0.50462204
0,0,0.4344232
0,0,0.44727802
0,1,0.64371896
0,0,0.21751611
0,0,0.42627662
1,1,0.852134
0,0,0.3326142
0,0,0.24934156
0,1,0.58789873
0,0,0.19933493
0,1,0.58785313
0,0,0.48589647
0,0,0.12670253
0,1,0.53052336
0,0,0.11809796
0,0,0.24070428
0,0,0.23696192
0,1,0.6161582
0,0,0.19976893
0,0,0.4278245
0,0,0.48239046
0,0,0.3002836
0,0,0.24003278
0,0,0.036818154
0,0,0.029615818
0,1,0.5666952
0,1,0.5155191
0,0,0.3420795
0,0,0.3910536
0,0,0.3557062
0,0,0.14320247
0,0,0.26556692
0,0,0.38973153
0,1,0.5592351
0,1,0.8546934
0,0,0.42390558
0,1,0.54870594
0,1,0.5597759
0,1,0.5909076
0,1,0.887453
0,1,0.68593377
1,1,0.7279402
0,0,0.47148457
0,0,0.19245939
0,0,0.3298151
0,1,0.56349665
0,1,0.5574133
1,1,0.7571993
1,1,0.65512097
0,0,0.28032938
0,0,0.16033402
0,0,0.20156178
0,0,0.13594593
0,1,0.5612601
0,0,0.49374175
0,0,0.23054491
0,0,0.35199055
0,0,0.18690726
1,0,0.37982044
0,0,0.3970214
0,0,0.22137474
0,0,0.10542322
0,0,0.24977413
0,0,0.019489033
0,0,0.044729
0,0,0.111536354
0,1,0.7650599
0,0,0.43845335
1,0,0.19700208
0,0,0.12505111
0,0,0.38589555
0,0,0.3648585
0,0,0.30143863
0,0,0.07996354
0,0,0.1245608
0,0,0.08778882
0,1,0.64129704
0,0,0.08947471
1,1,0.86584765
0,0,0.24492332
0,0,0.18458784
0,0,0.33912295
1,1,0.6796469
0,1,0.56142104
0,1,0.722263
0,0,0.15997875
0,1,0.6530125
0,0,0.25405735
1,0,0.20172574
0,0,0.36793324
0,0,0.15655674
0,1,0.510651
0,0,0.17840531
0,1,0.7022597
0,0,0.14305007
0,1,0.8186595
0,0,0.229767
0,0,0.49692306
0,1,0.5196143
0,0,0.29096553
0,0,0.23517217
1,0,0.37250134
0,1,0.5952478
0,0,0.3093067
0,0,0.4948124
0,0,0.17366046
0,1,0.7454268
0,0,0.38010526
0,0,0.27441853
0,0,0.43668315
0,0,0.40366742
0,0,0.39881676
0,0,0.1980496
0,0,0.24635348
0,0,0.17289445
0,0,0.13722403
0,1,0.5603566
0,0,0.26298815
0,0,0.25951833
0,1,0.775899
0,0,0.3836021
0,0,0.19499035
0,0,0.032677148
1,1,0.67062116
0,1,0.5570731
0,1,0.7317278
1,0,0.3304369
1,0,0.07059101
0,1,0.55712515
0,0,0.22080268
0,0,0.30316237
0,0,0.20818037
0,0,0.13161494
0,1,0.50479734
0,0,0.23107888
0,0,0.31387076
1,1,0.53198224
0,0,0.2394948
0,1,0.7496318
0,0,0.47107714
0,1,0.54170674
0,0,0.16492039
0,0,0.40769973
0,0,0.49877864
0,0,0.49857417
0,0,0.23588897
0,0,0.21803167
0,0,0.3771466
0,1,0.75520957
0,0,0.2594859
0,0,0.22008607
1,1,0.67568207
0,0,0.29551488
0,0,0.1948882
1,1,0.5722079
0,1,0.52270013
0,0,0.110610224
0,0,0.38057265
0,0,0.40804887
0,0,0.46717113
1,0,0.46905145
0,0,0.2164186
0,1,0.5527246
1,1,0.60759497
0,0,0.30517754
0,1,0.5927075
0,0,0.1510303
0,1,0.5862583
1,1,0.79966486
0,0,0.2557022
0,0,0.055840183
0,0,0.28504476
0,0,0.2891468
0,1,0.6432105
1,1,0.8617186
0,1,0.51650083
0,0,0.4413333
0,0,0.3984947
0,0,0.3892571
0,0,0.13504782
0,1,0.5599418
0,0,0.3489496
0,0,0.3265891
0,0,0.30209017
0,1,0.51140004
0,1,0.650517
1,1,0.5550921
1,1,0.65444654
1,1,0.7286617
0,0,0.30484238
0,0,0.29706192
0,1,0.6832642
0,1,0.69351107
0,0,0.17247245
0,0,0.17837363
0,0,0.40198767
0,0,0.1935584
1,0,0.47966233
0,0,0.19679517
0,1,0.5800865
0,0,0.37448922
0,0,0.083444834
1,1,0.52711105
0,0,0.20904838
0,0,0.19857077
0,1,0.69257504
0,0,0.4069341
0,1,0.6104489
0,0,0.14329019
0,0,0.0707452
0,0,0.31014687
0,0,0.317337
0,0,0.17214745
0,0,0.35260242
0,0,0.49231926
1,0,0.12911147
0,0,0.18603234
1,1,0.5551376
0,0,0.16420512
0,0,0.3998949
0,0,0.09463118
0,1,0.5057204
0,0,0.3383825
0,1,0.6340035
0,1,0.6009754
0,0,0.26187098
1,0,0.28807297
0,0,0.44029683
0,0,0.17609026
0,1,0.6618626
0,1,0.60901845
0,1,0.70175576
0,1,0.7043744
0,0,0.13331416
0,0,0.23990592
0,0,0.23122822
0,0,0.048294883
0,0,0.28431448
0,0,0.06851435
0,1,0.51295334
1,0,0.4502454
0,0,0.2298922
0,1,0.5788345
0,0,0.21921387
1,1,0.89857596
0,0,0.45618704
1,1,0.5487657
0,0,0.45120865
0,0,0.2867061
0,0,0.12998745
0,0,0.26632214
0,0,0.103518784
0,0,0.32586068
1,0,0.25092828
0,0,0.28437012
0,1,0.58441013
0,0,0.3888063
0,0,0.46692237
0,1,0.6752634
0,0,0.19032946
0,0,0.40520996
0,0,0.24300408
0,0,0.11412287
0,0,0.25611526
0,0,0.119836904
0,0,0.13369447
0,0,0.30371806
0,0,0.2948529
1,0,0.41508168
0,0,0.16723935
1,1,0.7238134
0,0,0.36066592
0,1,0.65581065
0,0,0.18197381
0,0,0.18915403
0,1,0.6465023
0,0,0.45060152
0,0,0.4544091
0,0,0.18202025
0,0,0.3192738
0,0,0.2192864
0,0,0.28551534
0,0,0.32336697
1,0,0.19627094
0,0,0.4274064
0,0,0.35588232
0,1,0.63327473
0,0,0.40316048
0,0,0.2955425
0,0,0.3615834
0,0,0.46778077
0,0,0.14479275
0,1,0.72189456
0,0,0.30993515
0,0,0.24355106
0,0,0.27533525
0,0,0.35792333
0,0,0.15426517
0,0,0.10089774
0,0,0.46422938
0,0,0.47673956
0,0,0.14144611
0,0,0.08817409
0,0,0.15282682
0,1,0.55926335
0,0,0.1338678
0,0,0.24988267
0,0,0.39871317
0,0,0.27195677
0,0,0.38498154
0,0,0.24996692
0,0,0.24235465
0,0,0.20697005
0,0,0.2786087
0,0,0.4801847
0,1,0.54931843
0,0,0.42718735
0,0,0.1612644
0,0,0.07033923
0,0,0.13719842
0,1,0.5762863
0,0,0.29448068
0,0,0.44782558
0,0,0.27046034
0,0,0.37968788
0,0,0.24573052
0,0,0.08886717
0,0,0.120594494
1,0,0.44819024
0,1,0.5093355
1,0,0.15849265
0,0,0.16521455
0,1,0.529685
0,0,0.31610858
0,0,0.10682287
1,1,0.74405926
0,0,0.30774653
0,0,0.10958563
0,1,0.661404
0,1,0.6205494
0,0,0.2736081
0,0,0.39593318
0,0,0.39190394
0,0,0.25235638
1,1,0.6168663
0,0,0.14748733
1,1,0.7574836
0,1,0.6903661
0,0,0.119403906
0,0,0.15081331
0,1,0.55643153
0,1,0.56922865
0,0,0.37311953
0,0,0.37002334
0,0,0.15541558
0,0,0.16860467
0,0,0.13093163
0,1,0.68968415
0,0,0.09006442
0,0,0.082829215
0,1,0.51566905
0,0,0.19091399
0,1,0.8206346
0,0,0.28512964
0,0,0.13444057
0,0,0.15246958
0,0,0.2398035
0,0,0.24676928
0,0,0.279942
0,0,0.448724
0,0,0.1910287
0,0,0.1628724
0,1,0.7647034
0,0,0.35879
0,0,0.48903003
0,0,0.20511118
0,0,0.30367053
0,0,0.3090478
0,0,0.18781956
0,0,0.033767764
0,0,0.07457761
0,0,0.20622331
0,0,0.20330684
0,0,0.45783287
0,0,0.2604674
0,0,0.26853007
0,0,0.071068615
0,1,0.6518808
0,0,0.47299287
0,0,0.27515864
0,0,0.29804534
0,0,0.23094267
0,1,0.5542436
0,0,0.29836595
0,0,0.17904474
0,1,0.760399
0,1,0.6648054
0,0,0.27621153
0,0,0.25554723
0,0,0.3795189
0,0,0.19627991
0,0,0.4077569
0,0,0.29070008
0,0,0.15897201
0,0,0.2721488
0,0,0.19833246
0,0,0.45810196
1,0,0.17942625
0,0,0.3815597
1,0,0.40515935
0,1,0.6101015
0,0,0.18893468
0,0,0.40232766
0,1,0.6817417
0,0,0.4153547
0,0,0.09938117
0,0,0.45400614
0,0,0.15718083
0,0,0.05750748
0,1,0.65890336
0,0,0.4403994
0,0,0.13015638
0,0,0.16418608
0,0,0.4111366
0,1,0.8206453
0,0,0.4093567
0,0,0.37152955
0,0,0.10429384
0,1,0.5774507
0,0,0.018741848
0,0,0.15049706
0,0,0.29732743
0,0,0.22849104
0,0,0.08038009
0,0,0.402294
0,0,0.44743705
0,1,0.6017821
0,0,0.1482968
0,0,0.42885894
0,0,0.2470046
0,0,0.094493516
0,1,0.573937
1,1,0.7488544
0,0,0.3109658
0,0,0.29519305
0,0,0.18593512
0,0,0.19677866
0,0,0.48338673
0,0,0.13143523
0,1,0.59987557
0,0,0.22787523
0,0,0.15293686
0,0,0.42692304
0,1,0.5365751
0,0,0.1622115
0,0,0.28401804
0,0,0.3090337
0,0,0.4435884
1,0,0.4350445
0,0,0.32101154
0,0,0.26669165
0,0,0.4840323
1,0,0.174571
0,0,0.46830484
0,0,0.47396478
0,0,0.18290962
0,0,0.20609921
1,1,0.70913583
0,0,0.3402896
0,1,0.7702983
0,0,0.3235087
0,0,0.17360343
0,0,0.23372447
0,0,0.33822948
0,0,0.0759219
0,0,0.24532351
0,0,0.21214464
0,0,0.24336995
0,0,0.12725331
0,0,0.24922203
0,1,0.6956539
0,0,0.3522221
0,1,0.510979
0,0,0.2643034
0,0,0.3854225
1,1,0.65666646
0,0,0.32586354
0,0,0.074948885
0,1,0.608133
0,0,0.2553077
0,0,0.078392275
0,0,0.3403805
1,1,0.6482513
0,0,0.25344664
0,1,0.5381549
0,0,0.19681633
0,0,0.058656204
0,0,0.29762548
0,0,0.1268573
1,1,0.6251447
0,0,0.32578346
0,0,0.37183362
0,0,0.07778645
0,0,0.27555987
0,0,0.3427177
0,1,0.5128213
0,0,0.39373264
0,1,0.5384665
0,0,0.13370684
0,0,0.44869658
0,0,0.14255936
0,0,0.24994205
0,0,0.10861613
0,0,0.14217354
0,0,0.4010852
0,1,0.70173186
0,0,0.15292685
0,1,0.5911697
0,1,0.5400628
0,0,0.35303172
0,0,0.28186843
0,0,0.20425418
1,1,0.6655161
1,1,0.57795215
0,1,0.523618
0,0,0.46480802
0,1,0.550108
0,0,0.1895373
0,0,0.23459645
0,0,0.41666168
0,0,0.31734332
0,1,0.55227315
0,0,0.43253085
0,0,0.12887543
0,1,0.63390464
1,1,0.89285666
0,0,0.19817992
0,0,0.2616025
1,1,0.83401376
0,0,0.2233206
0,0,0.28619844
0,0,0.16025148
0,1,0.57758313
0,1,0.5466069
0,0,0.45597535
0,1,0.67029387
0,0,0.2041677
0,0,0.26985368
0,0,0.2765674
0,0,0.21957739
0,0,0.38147023
1,0,0.3833401
0,1,0.6840499
0,0,0.25919768
0,0,0.19907366
0,0,0.12485283
0,0,0.26528114
0,0,0.3673705
0,1,0.5225755
0,1,0.52029043
0,0,0.18936776
0,1,0.5005561
0,0,0.37742314
0,0,0.19957118
0,1,0.7087615
0,0,0.39566815
0,0,0.33148384
0,1,0.6383357
0,0,0.09022843
0,1,0.51525396
1,1,0.75236386
0,1,0.70217794
0,0,0.4801166
0,1,0.7863242
0,0,0.26582012
0,1,0.7634908
0,1,0.66797745
0,0,0.16650854
0,0,0.33931386
0,1,0.67698526
1,1,0.7147455
0,0,0.33383083
0,0,0.21642333
0,1,0.8234257
0,0,0.3549027
0,0,0.4351359
0,0,0.29637703
0,0,0.24980453
0,0,0.17233664
0,1,0.7681969
1,1,0.5085503
0,0,0.27474383
0,0,0.29849282
0,0,0.3895741
0,0,0.39015147
0,0,0.26683408
0,0,0.17192504
0,0,0.45761564
1,0,0.34046426
1,1,0.72756815
0,0,0.07374889
0,0,0.47662404
0,0,0.25870496
0,0,0.3521994
0,0,0.22660767
0,0,0.056250524
0,0,0.25721815
0,0,0.4424756
0,0,0.26302442
0,0,0.19003123
0,0,0.23969463
0,0,0.3773637
0,0,0.2182444
0,1,0.73045534
0,1,0.5351892
0,0,0.104388885
0,0,0.40886173
0,0,0.11569114
0,1,0.5075483
0,1,0.8315966
0,0,0.21110164
0,0,0.17017128
0,0,0.20227088
0,0,0.20947406
0,0,0.27460253
0,1,0.51729363
0,1,0.64613086
0,0,0.29055867
1,1,0.5971524
0,0,0.4293138
0,1,0.50271404
0,0,0.13738053
0,0,0.06377512
0,0,0.20691796
0,0,0.23501842
1,0,0.421479
0,0,0.34744513
0,0,0.41985032
0,1,0.59854966
1,1,0.75806963
0,0,0.409711
0,0,0.18609488
0,0,0.30428618
0,0,0.48462877
0,1,0.6747763
0,0,0.30766878
0,1,0.5005373
0,0,0.33180353
0,0,0.17763871
0,0,0.22490945
0,0,0.37610653
0,0,0.28440368
0,0,0.37946033
0,0,0.40237084
0,0,0.42583114
0,0,0.17627798
0,0,0.29099274
0,0,0.2309336
0,0,0.25257173
0,0,0.20974623
0,0,0.2674203
0,0,0.39510557
0,1,0.553989
0,1,0.53063697
0,0,0.11460155
0,0,0.3308259
0,0,0.20793232
0,0,0.47868958
0,0,0.18390627
0,0,0.34865758
0,1,0.84295475
0,0,0.18885484
0,0,0.15332761
1,1,0.62748975
0,0,0.16474839
0,0,0.18610662
0,0,0.34450364
0,0,0.43363208
0,0,0.29391202
0,0,0.12761794
1,0,0.24431075
0,0,0.0771008
0,1,0.57268906
0,0,0.2690887
0,1,0.65956444
0,0,0.40119666
0,0,0.17291544
0,0,0.23589082
0,0,0.31930804
0,0,0.07042683
0,0,0.23155081
0,0,0.30567312
0,0,0.43344042
0,1,0.6563134
0,0,0.22458838
0,0,0.39800438
0,0,0.11303063
0,0,0.46635526
0,0,0.2636372
0,0,0.24828205
0,0,0.1858315
0,1,0.5797926
0,0,0.48196834
0,0,0.4090513
0,0,0.28692484
0,1,0.7489546
0,0,0.44317612
0,0,0.34777048
0,0,0.1429069
0,1,0.6017046
0,0,0.20313005
0,0,0.43959913
0,0,0.28383332
1,1,0.7683932
1,0,0.26702768
0,1,0.62145907
0,1,0.6928103
0,1,0.82702965
0,0,0.26017126
0,0,0.37269935
0,0,0.46585852
0,1,0.53590477
0,0,0.15692472
0,0,0.10129589
0,1,0.5019919
0,0,0.3266738
0,0,0.26003835
1,1,0.7693572
1,1,0.8455703
0,1,0.6359661
0,0,0.20459959
0,0,0.2788835
0,0,0.2671603
0,0,0.44022486
0,0,0.31940955
0,1,0.62936354
0,0,0.3472188
0,0,0.2005226
0,0,0.3155541
0,0,0.28484473
0,0,0.09217998
0,0,0.25903815
0,0,0.32161468
0,0,0.18237925
0,0,0.32236922
0,0,0.48845404
0,0,0.21539433
0,0,0.26283938
0,0,0.37264827
0,1,0.54218364
0,0,0.18478842
1,1,0.6046836
0,0,0.4471648
0,0,0.16375262
0,0,0.35164937
0,1,0.51286846
0,0,0.25673163
0,0,0.2678861
0,1,0.636638
0,0,0.18370129
0,0,0.41419023
0,0,0.18994574
0,0,0.20682278
0,0,0.27381185
0,0,0.1776641
0,1,0.72943795
0,1,0.57270175
0,0,0.26642427
0,0,0.41826487
0,1,0.6818072
0,1,0.5963131
0,0,0.37170526
0,0,0.07310924
0,1,0.7013448
0,1,0.53514314
0,0,0.28630298
0,1,0.66730803
0,0,0.3132776
0,0,0.0990898
0,0,0.4043641
0,0,0.16120443
0,1,0.5818739
0,0,0.11121639
1,0,0.34741524
1,0,0.33357704
0,0,0.07806284
0,1,0.75757277
0,0,0.3933046
0,0,0.15616807
0,0,0.24861039
0,0,0.25300968
0,0,0.12166758
0,1,0.5163628
0,0,0.0335654
0,1,0.575201
0,0,0.4390926
0,0,0.2570932
0,0,0.43450323
0,0,0.49144614
0,0,0.34054622
1,1,0.68600845
0,1,0.66694224
0,0,0.23703347
0,1,0.6920683
1,0,0.316766
0,1,0.5262005
0,0,0.12026176
0,0,0.15607099
0,0,0.20443305
0,1,0.74377686
1,1,0.70814
0,1,0.5187594
0,0,0.46156368
1,0,0.28669074
0,0,0.37183064
0,0,0.27186015
0,0,0.29257724
0,0,0.31381786
0,0,0.100508764
0,1,0.7021248
0,0,0.36913243
0,1,0.74554026
0,0,0.35319236
0,0,0.41409594
0,0,0.19665071
0,1,0.63007784
0,1,0.6166006
1,0,0.27229
0,1,0.543857
0,0,0.062084123
0,1,0.6733429
0,1,0.76788175
0,0,0.14733335
0,0,0.47621986
0,0,0.16386169
0,1,0.6172017
0,1,0.56485385
0,1,0.71876436
0,0,0.33269495
0,0,0.27441737
0,0,0.21757483
0,0,0.21381885
0,0,0.19334237
0,0,0.26091453
0,0,0.30598325
0,0,0.426583
0,1,0.7087388
0,1,0.51737136
0,0,0.21260677
0,1,0.57967025
0,0,0.2240477
0,0,0.42465734
0,0,0.31847897
0,1,0.5027821
0,1,0.6025545
0,0,0.19909883
0,1,0.8352008
0,0,0.277345
0,1,0.64959717
0,0,0.124352075
0,1,0.79958177
0,0,0.12395146
0,0,0.40612096
0,1,0.52226466
0,0,0.24454655
0,1,0.8434948
0,1,0.6175547
0,0,0.42238963
0,1,0.5257129
0,0,0.1619435
0,0,0.28503668
0,1,0.77907455
0,0,0.25668788
0,1,0.5038651
0,1,0.64093494
0,1,0.88477516
0,1,0.6422001
0,0,0.21828394
0,1,0.5169629
0,0,0.3181986
0,0,0.2612072
0,0,0.38384607
0,1,0.7281691
1,1,0.6557997
0,0,0.3213909
1,1,0.7648562
0,0,0.4626596
0,0,0.18302236
1,0,0.32010344
0,0,0.33424684
0,1,0.6903268
0,0,0.30087024
0,0,0.3899237
0,0,0.20605518
0,0,0.1835617
0,0,0.18286243
0,0,0.109000005
0,0,0.011205476
0,0,0.20791145
0,0,0.26389417
0,1,0.62979645
0,0,0.09761602
1,1,0.6250007
0,0,0.24564926
0,0,0.35570958
0,0,0.39808998
0,0,0.23350939
0,0,0.337306
0,0,0.19859074
1,1,0.51249856
0,0,0.13500403
0,0,0.44560188
0,0,0.37831146
0,0,0.255068
0,1,0.8471851
0,1,0.55186903
0,0,0.40032429
0,0,0.29746336
0,0,0.14474358
0,0,0.264977
0,0,0.08896968
0,0,0.13251705
0,0,0.3436982
0,1,0.7173547
0,0,0.4229307
0,1,0.5278754
0,0,0.30059615
0,0,0.39147604
0,1,0.51779366
0,1,0.61814165
0,0,0.49716845
0,0,0.48824912
0,0,0.1271875
0,0,0.42556277
0,0,0.41474256
0,0,0.16549543
0,0,0.08718858
0,0,0.15516205
1,1,0.8630682
0,0,0.27579367
0,0,0.35870612
0,0,0.27418113
0,0,0.05637098
0,0,0.38146812
0,1,0.5912072
0,1,0.570808
0,0,0.39770958
0,0,0.23171271
0,0,0.22446626
0,0,0.12580718
0,0,0.061245378
0,0,0.19455571
0,0,0.4276868
0,0,0.20161994
0,1,0.6487269
0,1,0.83497417
1,0,0.2546325
0,1,0.52704006
0,1,0.5050261
0,0,0.36543724
0,0,0.46459657
0,0,0.4017638
0,0,0.34230345
0,1,0.5005766
1,1,0.5584568
0,1,0.59014827
0,0,0.49499926
0,0,0.102036685
0,0,0.36906543
0,0,0.24029164
0,0,0.16325459
0,0,0.3305735
0,0,0.30495396
0,0,0.16494058
0,0,0.25909215
0,0,0.21850994
0,0,0.4368818
0,0,0.4151373
0,1,0.5171018
0,1,0.57512474
0,0,0.21684098
0,0,0.06353652
0,0,0.080534704
0,1,0.56361735
0,0,0.47305384
0,1,0.561585
0,0,0.21284269
0,0,0.35770088
0,0,0.21255048
0,0,0.16090396
0,0,0.11836082
0,0,0.2771313
0,0,0.41936037
0,0,0.14759381
0,0,0.3736932
0,0,0.095649
0,1,0.6860839
0,0,0.32905608
0,0,0.18394709
0,1,0.5904845
0,0,0.38425303
0,0,0.48506257
0,0,0.19221106
0,0,0.35446018
0,0,0.38894
0,0,0.3036143
0,0,0.29679626
0,0,0.10759258
0,0,0.3080735
0,0,0.11016678
0,0,0.45217955
0,0,0.2777445
0,1,0.6664199
0,0,0.09413103
0,1,0.74720246
0,0,0.35458246
0,0,0.22793071
0,0,0.18491027
1,1,0.82337034
0,0,0.26814547
0,0,0.4609558
0,0,0.37154654
0,0,0.33258608
0,0,0.29517043
0,0,0.20781803
0,0,0.082781985
0,1,0.6395007
0,0,0.19570622
0,1,0.86283153
1,0,0.47910166
0,0,0.46334442
0,1,0.5143804
1,1,0.5770544
0,0,0.23295432
0,0,0.18981043
0,0,0.35764524
0,0,0.48503754
0,0,0.23735371
0,0,0.3824308
0,0,0.4033336
0,0,0.19973534
0,1,0.63085073
0,0,0.20154156
0,0,0.41712976
0,0,0.07354654
0,0,0.07587578
0,0,0.39210185
1,0,0.37451792
0,0,0.49964952
0,0,0.41378203
1,1,0.78632253
0,1,0.7161462
0,0,0.38943756
0,0,0.39899683
0,0,0.24805999
0,0,0.3230677
0,0,0.04105764
0,0,0.4704254
0,0,0.41394332
0,0,0.45463225
0,0,0.40470418
0,0,0.08316082
0,0,0.048763193
0,0,0.17779034
0,1,0.72030324
0,0,0.2547671
0,0,0.20829608
0,0,0.21155147
1,0,0.20707849
0,0,0.30455202
0,0,0.32229853
0,0,0.22325021
0,0,0.30401638
0,0,0.20855348
0,0,0.15712212
0,0,0.3633205
1,1,0.7065046
0,0,0.31914607
0,0,0.4125516
0,0,0.47080216
0,0,0.39802516
0,1,0.5060401
0,1,0.52842337
0,1,0.5529188
0,1,0.53455174
0,0,0.12341642
0,0,0.28740773
0,0,0.38338193
0,1,0.58938026
0,0,0.18259898
0,0,0.25777423
1,0,0.47077692
0,0,0.16188031
1,0,0.1642642
0,0,0.36836842
0,0,0.29364473
0,0,0.112006985
0,0,0.40690488
0,0,0.1967095
0,0,0.44852084
0,1,0.50426775
0,0,0.46431226
0,1,0.5085722
0,0,0.2202512
0,0,0.46752444
0,0,0.14686048
0,0,0.20240799
0,1,0.7652954
0,0,0.17909464
0,1,0.89247054
0,1,0.5836926
0,0,0.119897984
0,0,0.36199424
0,0,0.25815108
0,0,0.10852084
0,0,0.07628287
0,0,0.20909235
0,0,0.31034538
0,0,0.2829681
0,0,0.36202905
0,0,0.45866418
0,0,0.2727549
0,1,0.60977787
0,0,0.36161745
0,0,0.15222342
0,1,0.534287
0,1,0.64778054
0,0,0.14564057
0,0,0.3279295
0,1,0.59268063
0,0,0.17067935
0,0,0.4436059
0,1,0.55042416
0,1,0.5842674
0,0,0.37639964
1,1,0.578423
0,1,0.5604108
0,1,0.77381355
0,0,0.49824393
0,0,0.39040482
0,0,0.25929934
0,1,0.5119601
0,0,0.49415103
0,1,0.6550224
0,0,0.33298784
0,1,0.61122525
0,0,0.3215995
0,0,0.17772305
0,1,0.82756865
0,1,0.8636577
0,0,0.4228179
0,0,0.271241
0,0,0.41047323
0,0,0.4398464
0,0,0.23345311
0,1,0.60664964
0,0,0.18490925
0,0,0.09829854
0,1,0.58188367
0,0,0.26857373
0,1,0.6164264
0,0,0.44838515
0,0,0.335401
0,0,0.45451292
0,1,0.7219734
0,0,0.066397086
0,0,0.2202826
0,0,0.4487311
0,0,0.112987116
0,1,0.7534784
0,0,0.19706786
1,1,0.5909565
0,0,0.28496173
0,0,0.3656022
0,0,0.25062358
0,1,0.54983383
0,0,0.28941542
0,0,0.4369052
0,1,0.7063376
0,1,0.55270404
0,0,0.09582612
0,0,0.47243273
0,0,0.19376914
0,0,0.48846024
1,1,0.85780114
0,1,0.57087183
0,1,0.5373209
0,0,0.13901868
0,0,0.385456
0,0,0.21543486
0,0,0.49485666
0,0,0.34589487
0,0,0.26369688
0,0,0.18203945
0,0,0.39372262
0,0,0.265582
0,0,0.40613607
0,0,0.33051533
0,0,0.27872992
0,0,0.11960135
0,1,0.8443904
0,0,0.11121922
0,0,0.27060077
0,1,0.7621053
0,1,0.79298025
0,0,0.4957055
0,0,0.09188002
0,0,0.13280551
0,0,0.1444193
0,0,0.28820708
0,0,0.37386334
0,1,0.65530115
1,1,0.7210292
0,0,0.21176752
0,0,0.22057171
0,0,0.37231913
0,1,0.51764715
0,0,0.27146974
0,0,0.32298428
0,0,0.15600216
0,0,0.2858567
0,0,0.07778231
0,1,0.6510179
0,0,0.40576065
0,0,0.31782398
0,0,0.19471782
0,1,0.5256938
0,0,0.21615565
0,0,0.120437436
0,1,0.5057567
0,1,0.9247492
0,1,0.69262916
0,0,0.48287845
0,0,0.2572719
0,0,0.493286
0,0,0.45541838
0,0,0.40936226
0,0,0.36916256
0,0,0.3754833
0,1,0.59497464
0,0,0.122739926
0,0,0.08280918
1,0,0.23476942
1,0,0.44554314
1,1,0.64210063
0,0,0.48530695
0,0,0.26234037
0,0,0.34468764
0,1,0.64139366
0,0,0.27559403
0,0,0.41270778
0,0,0.08938339
0,1,0.78472793
0,0,0.027067242
0,0,0.22008812
1,0,0.4287094
0,1,0.7631523
1,1,0.7054826
0,0,0.4182325
0,0,0.31957036
0,0,0.21231182
0,0,0.4870393
0,1,0.7468457
1,1,0.60455257
0,1,0.8457861
0,0,0.2432093
0,0,0.16512224
0,0,0.30051455
0,1,0.8669185
0,0,0.31701806
0,0,0.2530433
0,0,0.29301122
0,0,0.24432483
0,0,0.4291289
1,1,0.7689201
0,0,0.071455434
0,1,0.55986357
0,1,0.5890785
0,0,0.36271966
0,1,0.58140427
0,1,0.62842804
0,0,0.18751691
0,0,0.49992263
0,1,0.5399793
0,0,0.04772988
0,0,0.24837613
0,0,0.4763923
0,1,0.8384615
0,1,0.70625305
0,0,0.3002585
0,0,0.14512406
0,0,0.11870929
0,1,0.5371448
0,0,0.43416613
0,1,0.611554
0,1,0.8280841
0,0,0.4723057
0,1,0.57091945
0,0,0.09422541
1,1,0.5230024
0,0,0.22579727
0,0,0.2152972
0,1,0.5239392
0,1,0.6240313
0,0,0.14148825
0,1,0.81059176
0,0,0.1957905
0,0,0.36025894
0,1,0.58467793
0,0,0.1316835
0,0,0.40742266
0,0,0.36950305
0,0,0.2447741
0,0,0.3417324
0,0,0.09187291
1,0,0.19050425
0,0,0.39078122
0,1,0.75501746
0,1,0.5480851
0,0,0.42571247
0,1,0.6220379
0,0,0.42559057
0,0,0.16541046
0,1,0.5076251
0,1,0.6666782
0,0,0.39955464
0,0,0.18366718
0,1,0.8925011
1,1,0.60823095
0,0,0.3018825
0,0,0.2575275
0,0,0.14826746
0,0,0.11554971
0,0,0.47797912
1,1,0.72764397
0,0,0.23962057
0,0,0.4029179
0,1,0.7441276
0,0,0.40181506
0,0,0.2722408
0,0,0.065119505
0,1,0.5128772
1,0,0.42131078
0,0,0.16266556
0,0,0.25207573
0,1,0.57168376
0,0,0.3345677
0,1,0.85491073
0,0,0.28266352
1,0,0.35371566
0,0,0.45179448
0,0,0.049369123
0,0,0.26342648
0,0,0.1520371
0,0,0.1937912
0,0,0.4909807
0,0,0.23718508
0,0,0.2149761
0,1,0.85720724
0,0,0.11133905
0,0,0.41941273
0,0,0.3172969
0,0,0.15208556
1,1,0.7165303
0,0,0.19849698
0,0,0.39560863
0,0,0.27561873
0,1,0.55723464
0,0,0.44872856
0,0,0.21132538
1,1,0.6319717
0,0,0.23262623
0,0,0.33197817
0,0,0.25522992
0,0,0.38669673
0,0,0.24537222
1,1,0.6267852
0,0,0.10333378
0,0,0.4674305
0,0,0.23927377
1,1,0.8156113
0,1,0.6687764
0,1,0.7419985
0,0,0.08041773
0,1,0.5062339
0,0,0.36939183
0,0,0.252852
0,0,0.11895478
0,0,0.34398496
0,0,0.3902791
0,1,0.53293604
0,1,0.689921
0,0,0.26104867
0,0,0.13731587
1,1,0.8174446
1,1,0.50424963
0,0,0.18955013
0,0,0.29139593
0,1,0.6822642
0,1,0.5612979
0,0,0.25417867
0,0,0.20273718
1,1,0.54867494
0,0,0.4344208
1,1,0.84692043
0,0,0.47846875
0,0,0.3070939
0,0,0.2175928
0,1,0.5326683
0,0,0.15251325
0,1,0.547481
0,1,0.8360025
0,0,0.26068908
0,1,0.72932947
0,1,0.6132224
1,1,0.7488438
0,0,0.4519031
0,0,0.3862673
0,1,0.5123777
0,0,0.2785985
0,0,0.05825852
0,0,0.4419861
0,0,0.47859278
0,0,0.41289037
1,0,0.3841435
1,1,0.57871157
0,0,0.29920155
1,1,0.74405223
0,1,0.6741134
0,0,0.30868286
0,1,0.5940538
0,0,0.23073953
0,0,0.41836575
0,1,0.52060074
0,0,0.43240052
0,1,0.51147467
0,1,0.6257925
0,0,0.11663864
0,0,0.17420834
0,0,0.33129013
0,0,0.41306406
0,0,0.32326475
0,1,0.50508624
0,0,0.20469011
0,0,0.2363409
0,0,0.28267732
0,0,0.22927538
0,1,0.65206385
0,1,0.5491211
0,0,0.32607836
0,0,0.16769071
1,1,0.8433975
0,0,0.2802526
1,1,0.85294193
0,1,0.5543585
0,0,0.22776993
0,1,0.7018006
1,0,0.22402184
0,1,0.7093876
0,0,0.24455859
0,1,0.6537456
0,0,0.26501787
0,1,0.5688052
0,0,0.43521965
0,0,0.35696527
0,0,0.29464227
0,0,0.4172971
0,1,0.50900745
0,0,0.47889662
0,0,0.16912979
0,0,0.1358791
0,1,0.51093787
1,1,0.72178847
0,1,0.6968496
0,0,0.16184793
0,0,0.06896561
0,1,0.58408463
0,1,0.6629183
0,0,0.476851
0,0,0.16332904
0,1,0.57905114
0,1,0.5673672
0,0,0.47627962
0,0,0.49538845
0,0,0.48817056
0,0,0.21755248
0,0,0.12454707
0,0,0.276798
0,1,0.5485285
0,1,0.6345099
0,0,0.21742891
0,0,0.2491074
0,0,0.27995944
0,1,0.5067721
0,0,0.37244368
0,1,0.6700726
0,0,0.21187402
0,0,0.16310981
0,1,0.6334426
0,1,0.56566626
0,0,0.26340804
0,1,0.68409884
0,0,0.45462382
0,0,0.2719106
1,1,0.7585194
0,0,0.17088503
0,0,0.31972027
0,0,0.4907165
0,0,0.3588454
0,1,0.63483477
0,0,0.33557713
0,0,0.4272455
0,0,0.08696406
0,1,0.6437719
0,0,0.17162605
0,0,0.31712797
0,1,0.82954353
0,0,0.04096445
0,0,0.3022528
0,0,0.4915763
0,0,0.0781127
0,1,0.5339451
0,1,0.588974
1,1,0.5060753
0,0,0.12949815
0,0,0.33824086
0,0,0.48624325
0,0,0.22395878
1,1,0.54543686
1,1,0.7284187
0,0,0.25594464
0,0,0.03279969
0,1,0.50111896
0,0,0.4941178
0,0,0.28925145
0,0,0.41029674
0,0,0.095635794
1,1,0.8807871
0,0,0.3442176
0,1,0.5939745
0,1,0.5806516
1,1,0.5909818
0,0,0.045966115
0,0,0.4889036
0,0,0.16349238
0,0,0.08981709
0,1,0.5750828
0,1,0.52815956
0,0,0.24549398
0,0,0.368566
0,0,0.4127266
1,0,0.443871
0,0,0.22042017
0,0,0.4077407
0,0,0.41455385
0,0,0.30239457
0,0,0.4459102
0,0,0.13003191
0,0,0.19496627
0,1,0.5081651
0,0,0.3724094
0,0,0.37152526
0,0,0.45235395
0,0,0.39806822
0,0,0.45688954
0,0,0.49081916
0,1,0.53078717
0,0,0.30652764
0,0,0.29472655
1,1,0.50458604
0,0,0.32228938
0,0,0.4059605
0,1,0.6561973
0,0,0.25920755
0,0,0.2434073
0,0,0.45850077
0,0,0.1564953
0,1,0.7268315
0,1,0.52826893
0,0,0.18110342
0,1,0.62515306
1,0,0.23578209
0,1,0.5288707
0,0,0.42172492
0,0,0.11933136
0,0,0.39552742
0,0,0.26328588
0,0,0.30281773
0,0,0.35627273
0,0,0.19963104
0,0,0.1277602
0,0,0.29137322
0,0,0.28729287
0,1,0.53702456
0,0,0.16963786
1,1,0.89063984
0,1,0.51760674
0,0,0.31018588
0,0,0.38143888
1,0,0.41246584
0,0,0.2970883
1,1,0.80401736
0,1,0.77454734
0,1,0.5468646
0,1,0.718376
0,1,0.64327896
0,0,0.36069897
0,1,0.5156581
0,0,0.2686117
0,0,0.29166487
1,0,0.27478284
0,0,0.22480954
0,1,0.5210638
0,0,0.37241
0,1,0.52099586
0,1,0.5834706
0,0,0.16647732
0,0,0.31265354
0,0,0.2628154
0,0,0.49029934
0,0,0.43629894
0,0,0.4956351
0,1,0.51926005
0,0,0.21869399
0,0,0.2491857
0,1,0.50611544
0,0,0.31129646
0,1,0.7534191
0,0,0.36135247
0,0,0.40872604
0,0,0.43283623
0,0,0.08425787
0,0,0.18586914
0,1,0.7940977
0,0,0.49533442
1,1,0.73276573
0,1,0.8091564
1,1,0.84678996
0,0,0.33248273
0,1,0.62866557
0,0,0.24754924
0,0,0.27361023
0,0,0.24079578
0,1,0.5466732
0,0,0.20796955
0,1,0.5290053
0,0,0.21622077
0,0,0.33868414
0,0,0.36725917
0,1,0.699938
0,1,0.77437174
1,1,0.84763384
0,0,0.2624985
0,0,0.41603047
0,1,0.58532333
0,0,0.4753966
0,0,0.3326529
0,1,0.50019306
0,0,0.2548121
0,1,0.8086902
1,0,0.34306452
0,1,0.6273854
0,0,0.16655879
0,0,0.32069314
0,1,0.6600125
0,1,0.5368769
0,1,0.8317708
0,0,0.29124764
0,0,0.4482794
0,0,0.3503421
0,0,0.19877952
0,0,0.32502693
0,1,0.7294336
0,1,0.5971641
0,0,0.42333055
0,0,0.3397846
0,0,0.21198852
0,1,0.6364489
0,1,0.77855545
0,1,0.62481266
0,0,0.46383777
0,1,0.68035895
0,1,0.54368085
0,1,0.5620063
0,0,0.36212906
0,1,0.7800042
0,1,0.5584502
0,0,0.24529879
0,0,0.092923276
0,0,0.25605276
0,1,0.8527837
0,1,0.5224581
0,0,0.4074717
0,1,0.7809372
0,0,0.26426244
0,0,0.2030491
0,1,0.52661246
0,0,0.14385234
0,0,0.3435945
0,0,0.22629713
1,1,0.55271363
0,1,0.5440938
0,1,0.51872456
0,0,0.2771995
0,0,0.24081242
0,1,0.81200206
0,0,0.3521935
0,0,0.39365882
0,1,0.66290236
1,0,0.19146225
0,0,0.2795121
1,1,0.61403334
1,1,0.5800758
0,1,0.520166
0,0,0.1465936
0,0,0.23290399
0,0,0.44221565
0,1,0.80669767
0,1,0.7071207
0,0,0.33745277
0,0,0.07697292
0,0,0.35422596
0,0,0.08158278
0,0,0.1646634
0,0,0.35310873
0,0,0.20913474
1,0,0.31321308
0,0,0.23813331
0,0,0.23349606
0,0,0.3349157
0,0,0.21191543
0,0,0.25500262
0,1,0.5942418
0,0,0.1869556
0,1,0.83295584
0,0,0.18199345
0,1,0.58717936
0,0,0.3508939
0,0,0.30444846
0,0,0.16361162
0,0,0.27208865
0,0,0.48182485
0,0,0.2593121
0,0,0.2599416
0,1,0.6828705
0,1,0.5292745
0,0,0.21747465
0,0,0.025924332
0,0,0.26953018
1,1,0.6849684
0,0,0.21820304
0,0,0.28668573
0,1,0.6006698
0,1,0.8275148
0,0,0.17739707
0,0,0.33343345
1,1,0.68157554
0,1,0.54197514
0,0,0.1699805
1,0,0.4333476
0,1,0.6439177
1,1,0.776749
0,0,0.49400854
0,0,0.38679975
0,0,0.45648274
0,0,0.37001476
1,0,0.23224512
0,0,0.08393864
0,1,0.7692998
0,0,0.2279848
0,0,0.16766945
0,1,0.7863371
0,0,0.20846139
0,0,0.3122965
0,1,0.5608974
0,0,0.10983668
0,0,0.43587542
0,0,0.30512193
0,1,0.68530864
0,0,0.25499338
0,0,0.30184072
0,0,0.24797769
0,1,0.53575844
0,1,0.7789204
1,1,0.7643551
0,0,0.33140558
0,0,0.30615637
0,0,0.19496742
0,0,0.25097042
0,0,0.29109475
0,0,0.46711108
0,0,0.2122389
0,0,0.23576899
0,0,0.18448903
0,0,0.12200622
0,0,0.19240338
1,1,0.50402117
0,0,0.17832297
0,0,0.24532737
0,0,0.44868243
0,1,0.72683316
0,1,0.6014716
0,1,0.6198341
0,1,0.67333865
0,0,0.3035284
1,1,0.68457234
0,0,0.08765856
0,0,0.29099494
0,0,0.16386306
1,1,0.5448163
0,0,0.25359815
0,0,0.13808782
0,1,0.60283077
0,1,0.81614953
0,0,0.15909116
0,0,0.40533808
0,0,0.07214995
0,0,0.31471807
0,0,0.2653064
0,0,0.4068871
0,0,0.44699374
0,0,0.4405066
0,0,0.23177816
0,0,0.27908593
0,0,0.3985053
0,0,0.4284574
1,1,0.5737488
0,0,0.18975812
0,0,0.17955688
0,0,0.25023434
0,0,0.12832397
0,0,0.07171192
0,1,0.64771324
0,0,0.2477622
0,0,0.057751875
0,0,0.24093486
1,1,0.6194311
0,0,0.27580127
0,0,0.3587333
0,1,0.7807756
0,0,0.4841484
0,1,0.67830914
0,0,0.13263653
0,1,0.6271055
0,0,0.32190135
0,1,0.6121086
0,0,0.14613874
0,0,0.23135772
0,0,0.13114305
0,0,0.31187478
0,0,0.16592374
0,1,0.5723846
0,0,0.3089525
0,1,0.65831006
0,1,0.50331724
1,1,0.5555971
0,1,0.51967883
0,0,0.2542363
0,1,0.75344485
0,1,0.71778554
0,1,0.5082255
0,0,0.26715478
1,1,0.6763206
0,0,0.18249124
0,1,0.70819676
0,1,0.5333394
0,0,0.34911636
0,1,0.52777547
0,1,0.55108744
0,0,0.20235467
0,0,0.1680986
0,0,0.35234982
0,0,0.37497073
0,0,0.21537827
1,0,0.24104077
0,0,0.14097008
0,0,0.3750813
0,0,0.3002114
0,0,0.2887071
0,1,0.5543781
0,1,0.6005282
0,0,0.14393026
0,0,0.10635813
0,1,0.58794266
0,1,0.5657351
0,1,0.651964
0,0,0.3794791
0,0,0.27228045
0,0,0.1963165
0,0,0.26079988
0,1,0.6278603
0,1,0.782095
0,1,0.58802575
0,0,0.43276054
0,1,0.578203
0,0,0.43114328
0,0,0.06500892
0,1,0.65613693
0,0,0.061770298
0,0,0.43828672
0,0,0.17606357
1,1,0.82679653
0,0,0.19180807
0,0,0.45300832
0,1,0.5490694
0,0,0.3016643
0,0,0.4564124
0,0,0.41458964
1,1,0.9157242
0,0,0.26443207
0,0,0.20827134
0,1,0.73530936
0,1,0.71919525
1,1,0.6218903
0,0,0.26026
0,0,0.28702667
0,0,0.45274612
1,1,0.85231537
0,1,0.6127697
0,0,0.1658512
0,1,0.74851763
0,1,0.50190526
0,0,0.26876345
0,0,0.24233945
0,0,0.323546
0,1,0.51436126
0,0,0.122038044
0,1,0.555406
0,0,0.19469994
0,0,0.46491477
0,0,0.24496134
0,0,0.27058616
0,1,0.5677657
0,1,0.5297424
0,0,0.23992914
0,0,0.48390684
0,0,0.28328225
0,0,0.2429216
0,1,0.60167485
0,0,0.10885375
0,0,0.45794484
0,0,0.24152167
0,1,0.60683984
0,1,0.64657766
0,0,0.2181084
0,0,0.09150353
0,0,0.05765496
0,1,0.5298669
0,0,0.16657901
0,1,0.7296637
0,0,0.12916747
0,0,0.21060593
0,0,0.3166096
1,1,0.76159644
0,0,0.221767
0,0,0.40592125
0,0,0.31276587
0,0,0.21141909
0,0,0.22454073
0,0,0.25393775
0,0,0.33039084
1,0,0.45560554
0,0,0.18321547
0,0,0.38051608
0,1,0.5865321
0,0,0.12732805
0,0,0.057192583
0,0,0.4615462
0,1,0.70195067
0,0,0.34151617
0,0,0.09177507
0,1,0.7037313
0,0,0.37213328
1,0,0.45817515
0,1,0.5013855
0,0,0.45664984
0,0,0.46200046
0,0,0.20498966
1,1,0.5817153
0,0,0.4418708
0,1,0.5311184
0,0,0.3784867
0,0,0.49013698
0,0,0.39541876
0,0,0.4088017
0,0,0.21564607
0,0,0.42547423
0,1,0.5877271
0,0,0.38966215
0,1,0.5536355
0,0,0.29081744
0,1,0.6334228
0,0,0.4706293
0,0,0.47954983
0,1,0.5452025
0,0,0.4637954
0,0,0.187676
0,0,0.1986446
0,0,0.18566936
0,1,0.6899543
0,0,0.3377846
0,0,0.09903783
0,0,0.14834855
0,0,0.16934124
0,0,0.09459975
0,0,0.2513161
0,0,0.30939716
0,0,0.28304103
0,0,0.25841266
0,0,0.24276225
0,0,0.17056091
0,0,0.0991322
0,1,0.6902382
0,1,0.8717388
0,0,0.2814745
0,0,0.15400134
0,1,0.5752649
0,0,0.29107833
1,1,0.87456024
0,0,0.21724954
0,0,0.09548567
0,0,0.099823944
0,0,0.07147125
0,0,0.27682534
1,1,0.5005994
0,1,0.6055751
0,1,0.5473019
0,0,0.1691544
0,0,0.46273765
0,0,0.14881942
0,1,0.566187
0,0,0.24595486
0,1,0.5058992
0,1,0.5919296
0,0,0.36707863
0,0,0.45695823
0,0,0.17789242
0,0,0.27858493
0,1,0.51360863
0,1,0.5620332
0,1,0.5746678
0,0,0.17912234
0,1,0.796504
0,0,0.3999353
0,1,0.56274205
0,0,0.11327299
0,0,0.46189073
0,1,0.53654414
0,0,0.33056828
0,0,0.13543746
0,0,0.32972285
0,0,0.28645983
0,0,0.04669861
0,1,0.55286556
0,1,0.60679805
0,0,0.1794607
0,0,0.3109552
0,0,0.13338512
0,0,0.087541685
0,1,0.5217515
0,0,0.26517984
0,0,0.42540875
1,1,0.65170366
0,0,0.3928481
0,0,0.30970854
0,0,0.1308971
1,1,0.8609715
0,1,0.58935565
0,0,0.4755464
0,0,0.28353405
0,0,0.33207682
0,0,0.26566732
0,0,0.20450267
0,0,0.19530323
0,1,0.51487803
0,1,0.83743507
0,0,0.27006918
0,1,0.57345694
0,0,0.114329
0,0,0.38784137
0,1,0.5760356
0,0,0.19969468
0,1,0.5377539
0,0,0.07356716
0,0,0.35171583
1,1,0.7989994
0,0,0.46657255
0,0,0.06878545
0,0,0.31658584
0,1,0.5113585
0,1,0.62710744
0,0,0.26772118
0,0,0.09677275
0,0,0.30208573
0,1,0.6317661
0,0,0.3528221
0,0,0.20582278
0,1,0.5155505
0,0,0.31914696
0,0,0.076206096
0,0,0.18670307
0,0,0.2949776
0,0,0.41434819
0,1,0.54192716
0,0,0.27562177
0,0,0.36920917
0,0,0.35792008
0,0,0.090514034
0,0,0.326637
0,0,0.33823875
0,0,0.45447013
1,1,0.7731952
0,0,0.24433537
0,0,0.0478638
0,1,0.67956394
0,0,0.124799095
0,0,0.37357718
0,0,0.35943657
0,0,0.1176428
0,1,0.555058
1,1,0.6872355
0,0,0.41198087
1,0,0.42962852
0,1,0.6974089
0,0,0.39594457
0,1,0.6642804
0,1,0.52170813
0,1,0.55211514
0,1,0.50346476
0,0,0.27545053
0,0,0.42538792
0,1,0.67091876
0,1,0.5911634
0,0,0.2702995
0,0,0.3401704
0,0,0.27570248
0,1,0.5888051
0,0,0.459424
1,1,0.74424344
0,0,0.27768782
0,0,0.2904756
0,0,0.17017734
0,0,0.42760563
0,0,0.19541088
0,0,0.4921539
0,0,0.12730773
0,0,0.3119988
0,0,0.21385027
0,0,0.11770506
0,0,0.20218654
0,0,0.3718911
0,0,0.08400806
0,0,0.4796128
0,0,0.22987622
0,0,0.20520625
0,0,0.42890197
1,0,0.4237909
0,0,0.078258194
0,0,0.45108986
0,1,0.59104025
0,0,0.35898283
0,0,0.39095262
0,1,0.6522471
0,0,0.30159754
0,0,0.44526017
0,0,0.15465456
0,0,0.3976325
1,1,0.53431094
1,0,0.32326227
0,0,0.35428002
0,1,0.511854
0,0,0.11351053
0,0,0.11677461
0,0,0.20027976
0,0,0.08855191
1,1,0.7207488
0,0,0.47919953
0,0,0.43768713
0,0,0.36560097
0,0,0.37627497
0,1,0.6344428
0,0,0.26343027
0,0,0.49286282
0,0,0.40382576
0,0,0.40118507
0,0,0.21834704
0,0,0.24613304
0,0,0.40593743
0,0,0.31911087
0,0,0.14590773
0,1,0.5934172
0,0,0.20954204
0,1,0.6084106
0,0,0.1514856
0,1,0.5160096
0,0,0.27190867
0,1,0.5677694
0,1,0.5412856
0,0,0.3426204
0,0,0.25870413
0,0,0.34736922
0,0,0.061960295
0,0,0.31307802
0,1,0.78578144
0,0,0.13932571
0,1,0.73991126
0,0,0.38959584
0,0,0.29229861
0,0,0.3366601
1,1,0.9099837
0,0,0.22506036
0,0,0.23429687
0,0,0.09653679
0,0,0.0749734
0,0,0.44805387
0,1,0.58231413
0,0,0.27570632
0,0,0.20675142
0,0,0.41055104
0,0,0.30917308
0,1,0.5938237
0,0,0.25979465
0,1,0.6090498
0,0,0.4800538
0,1,0.7529801
0,0,0.2866639
0,0,0.36438578
0,0,0.20963755
0,0,0.36930487
0,0,0.26145253
0,0,0.20832968
0,1,0.70374215
0,1,0.5688341
0,1,0.68183273
0,0,0.2505231
0,0,0.33681166
0,0,0.3068681
0,0,0.25899354
0,1,0.5084044
0,0,0.37419215
0,0,0.3536019
0,0,0.33124882
0,0,0.16719048
0,0,0.18751094
0,1,0.8706638
0,0,0.1635437
0,0,0.46165746
0,1,0.6201417
1,0,0.305734
0,1,0.7162249
0,0,0.14877896
0,0,0.22279297
0,0,0.11842032
0,0,0.22029255
0,0,0.4430255
0,0,0.46640918
0,0,0.23789755
0,0,0.2490609
0,1,0.8332602
0,1,0.549911
0,0,0.37072927
0,1,0.77137166
1,1,0.7505055
0,0,0.10691513
0,1,0.50640285
0,0,0.30803323
0,0,0.1324112
0,0,0.4886375
1,1,0.525378
1,0,0.16926095
0,1,0.7520747
0,0,0.1574987
0,1,0.73138046
0,0,0.34377268
0,0,0.42066646
0,0,0.38291973
0,0,0.00980595
0,0,0.07998715
0,1,0.65272135
0,1,0.60854936
0,1,0.7497753
1,0,0.48653552
1,0,0.41189858
0,0,0.30037087
1,0,0.47933546
0,1,0.8933261
0,0,0.1169967
0,1,0.534263
1,1,0.71955204
1,1,0.6338981
0,0,0.20828818
0,1,0.75269645
0,0,0.36551157
1,1,0.53639895
0,1,0.7722951
0,0,0.18634942
0,1,0.52332145
0,0,0.2830668
0,0,0.28901052
0,1,0.5492855
0,0,0.18718547
0,0,0.24457416
0,0,0.070162505
0,0,0.3934842
1,0,0.060076077
0,0,0.49088776
0,0,0.35878235
1,1,0.5780996
0,1,0.6708473
0,0,0.11074367
0,0,0.06752267
0,0,0.34202275
0,0,0.22946447
0,1,0.60672086
0,0,0.11289364
0,0,0.36018354
0,0,0.16719592
1,1,0.6667286
0,0,0.18646075
0,0,0.25830725
0,0,0.21271366
0,0,0.105344586
0,1,0.5126736
0,0,0.42731488
0,0,0.41506866
0,0,0.33797526
1,1,0.877555
0,1,0.6772196
0,0,0.3631409
0,0,0.47918606
0,0,0.35210022
0,0,0.18581235
0,0,0.1330983
0,1,0.62809783
0,1,0.559794
0,0,0.21117634
0,0,0.29958433
1,0,0.115534976
0,0,0.17150381
0,0,0.43167886
0,0,0.4001986
0,1,0.65653884
0,0,0.28488386
0,0,0.16154042
1,0,0.43682757
0,1,0.698491
0,0,0.07889551
0,1,0.7382641
0,0,0.29470384
0,0,0.24662048
1,1,0.55550766
0,0,0.44940847
0,0,0.092782855
0,1,0.6624709
1,1,0.7671839
0,0,0.21118611
0,0,0.22945365
0,1,0.67951506
0,0,0.42182603
0,0,0.3859664
0,0,0.36823165
0,1,0.90623045
0,0,0.21913444
0,0,0.21816505
0,0,0.23547864
0,0,0.055500414
0,0,0.4214682
0,0,0.3239424
0,0,0.3117213
0,0,0.29104987
0,0,0.24271275
0,1,0.7562696
0,0,0.12373366
0,0,0.46050203
0,1,0.7571087
0,0,0.36585075
0,0,0.21444316
0,0,0.2053791
0,0,0.2636942
0,0,0.22360498
0,0,0.38908717
0,0,0.36482024
0,0,0.23939529
0,0,0.2581117
1,1,0.9504948
1,1,0.83125466
0,0,0.46609226
1,1,0.6138908
0,0,0.17009582
0,0,0.2168023
1,0,0.45657754
0,0,0.4480401
0,0,0.22635731
0,1,0.83592933
0,1,0.57766753
0,1,0.6827401
0,1,0.5874215
0,0,0.28529415
0,0,0.40021053
0,1,0.5399167
0,0,0.4692583
0,1,0.61334914
0,0,0.2552373
0,0,0.11137488
0,0,0.31191427
0,0,0.17390263
0,0,0.20941629
0,0,0.40860307
1,1,0.7939772
0,0,0.16248174
0,0,0.17760552
0,1,0.5306469
0,1,0.60549575
0,0,0.19381511
0,0,0.10436671
0,1,0.6146654
0,0,0.3439143
0,1,0.60948575
1,1,0.8949642
0,0,0.21406326
0,1,0.5097931
1,0,0.17619725
0,1,0.78292197
0,1,0.63510394
0,1,0.7326801
0,0,0.24607159
0,0,0.3577808
0,0,0.34615508
0,0,0.48917508
0,0,0.4737432
0,0,0.11668221
0,1,0.63342434
0,1,0.5055365
0,0,0.381313
0,1,0.70496607
0,1,0.52073824
0,0,0.2838149
0,1,0.640055
0,0,0.31549767
0,0,0.18894741
0,1,0.74948984
0,0,0.38378245
0,0,0.18833683
0,1,0.7354367
0,0,0.45866957
0,1,0.6179864
0,0,0.17036496
0,0,0.38933012
0,0,0.3389879
0,0,0.2383591
0,0,0.40142956
0,1,0.8787154
0,0,0.18108977
0,1,0.6941207
0,0,0.47663286
0,1,0.7513645
0,0,0.46044096
1,1,0.8780926
0,0,0.065713204
0,0,0.46076518
0,0,0.28091565
0,0,0.43700117
0,0,0.49325866
0,1,0.6487415
0,0,0.27623153
0,0,0.17935412
1,0,0.26159298
0,0,0.3103834
0,0,0.44854248
0,0,0.31044105
0,1,0.5737827
0,1,0.6816021
0,0,0.34482637
0,0,0.49013183
0,0,0.25866753
0,0,0.45448127
0,0,0.17831767
0,0,0.4342286
0,0,0.47285882
0,0,0.292798
0,1,0.5172277
0,0,0.2758263
0,0,0.1154657
0,1,0.7239942
0,0,0.4986244
0,1,0.54243916
0,0,0.18667386
1,0,0.34139413
0,0,0.40587327
0,1,0.7545786
0,0,0.3533743
0,0,0.09903277
0,0,0.35013327
0,1,0.7839796
0,0,0.44375566
0,0,0.17912854
0,1,0.60639423
0,0,0.4296416
1,1,0.7460228
0,0,0.49550456
0,0,0.41035378
0,0,0.09938151
0,0,0.34286892
0,0,0.22102393
0,0,0.16015129
0,1,0.5442126
0,1,0.57073027
0,0,0.3857803
0,0,0.33025023
0,0,0.48627993
0,0,0.31126302
0,0,0.31300732
0,0,0.2708898
0,1,0.6698268
0,0,0.48077053
0,0,0.47641
0,0,0.45321298
0,1,0.80199
0,0,0.21131511
0,0,0.24089219
0,0,0.112934254
0,0,0.37180436
0,0,0.24729073
0,0,0.17558578
0,1,0.6130134
0,1,0.5490776
0,1,0.6084751
0,1,0.7686311
0,0,0.23135944
0,1,0.58073306
0,1,0.50656176
0,1,0.6577478
0,0,0.18186672
1,0,0.28293934
0,0,0.15284887
0,0,0.4957574
0,0,0.3562398
0,1,0.5113755
0,1,0.7697128
1,1,0.78893983
0,1,0.7617712
0,0,0.2084195
0,0,0.17081676
0,0,0.33588347
0,0,0.2784466
0,0,0.4489814
0,1,0.7517807
1,0,0.31664497
0,0,0.28598583
0,0,0.18033843
0,0,0.084313355
0,1,0.8334134
0,1,0.5645785
0,0,0.3546024
0,0,0.4611175
0,1,0.6208165
0,1,0.6135576
0,0,0.018105311
0,0,0.07460442
0,0,0.11922923
0,0,0.34987515
0,1,0.5166561
0,0,0.42899308
0,0,0.10791954
0,0,0.32355857
0,0,0.29315412
0,1,0.7711548
0,1,0.77028763
0,0,0.33598518
0,0,0.36317483
0,0,0.08855605
0,0,0.29069695
0,0,0.18681045
0,0,0.12922658
0,1,0.5456245
0,1,0.53689337
0,0,0.37616882
0,1,0.5154429
0,0,0.47340778
1,1,0.66169035
0,1,0.52276826
0,0,0.417865
0,0,0.22015314
0,0,0.18223482
0,0,0.24372576
0,0,0.28658408
0,1,0.6229568
0,1,0.7120355
0,0,0.2986536
0,0,0.35605067
0,0,0.250398
0,0,0.29230887
0,0,0.37177324
0,0,0.44682717
0,1,0.62529445
0,0,0.09509694
0,1,0.6550285
0,1,0.63242143
1,1,0.79105586
0,0,0.21008942
0,0,0.13052331
0,0,0.11048782
0,0,0.16443138
0,1,0.6844607
0,0,0.16741201
0,0,0.42436504
0,1,0.70566064
0,0,0.3928372
0,0,0.42794165
0,0,0.17381638
1,1,0.7258921
0,0,0.096644595
0,0,0.22274815
0,1,0.64768106
0,0,0.2889724
0,1,0.57622224
0,0,0.3080717
0,1,0.68949515
0,0,0.36059475
0,1,0.71891046
0,0,0.21815506
0,0,0.19122505
1,1,0.5312138
0,0,0.49640077
0,1,0.7789726
0,0,0.07118679
0,1,0.6339362
0,0,0.26526704
1,1,0.66923815
0,1,0.7532363
0,1,0.5380948
0,0,0.41015273
0,1,0.6597151
0,0,0.21469228
0,0,0.37044182
0,1,0.56966394
0,1,0.5609657
0,1,0.7469489
0,0,0.18458338
0,0,0.19608323
0,0,0.16484769
0,1,0.85359186
0,0,0.25320747
0,0,0.46563974
0,0,0.059292592
0,0,0.37103274
0,0,0.3730077
0,1,0.8710778
0,1,0.7055952
0,0,0.16791487
0,1,0.85835224
0,0,0.19931279
0,0,0.048059396
0,0,0.32544655
0,0,0.35947266
0,0,0.17201445
0,0,0.18094814
0,1,0.5805234
0,1,0.62793106
1,1,0.6914311
0,0,0.2803324
0,0,0.19027472
0,0,0.06176054
0,0,0.46734607
0,0,0.4091717
0,0,0.20448105
1,0,0.3898137
0,0,0.45064315
0,0,0.21320073
0,0,0.48164165
0,0,0.21732366
0,0,0.47944403
0,0,0.2704881
0,0,0.22907722
0,0,0.22812113
0,0,0.32643583
0,0,0.3534156
0,0,0.15053509
0,1,0.59039134
0,1,0.56839216
0,0,0.3984045
0,0,0.08415292
0,0,0.22496007
0,0,0.17400299
0,0,0.3602243
0,1,0.7000951
0,1,0.6013059
0,1,0.77985877
0,0,0.44592872
0,0,0.12123141
0,0,0.28197443
0,0,0.30250165
0,0,0.37987164
0,0,0.45578015
1,0,0.31526235
0,0,0.38376832
0,0,0.2179154
0,0,0.34801355
0,0,0.1243878
0,1,0.51368624
0,1,0.5235848
0,0,0.28717625
0,0,0.14827426
0,0,0.32979357
0,1,0.79961133
0,0,0.09642246
0,0,0.21677977
0,0,0.09952813
0,0,0.3252774
0,0,0.14719854
0,0,0.4019173
0,1,0.5587134
0,1,0.5955174
1,1,0.8107402
0,0,0.49693084
0,0,0.48630637
0,0,0.36301395
0,0,0.36659563
1,1,0.8008046
0,1,0.6942784
0,1,0.6417709
0,0,0.28920266
0,0,0.08795821
0,0,0.11430901
0,0,0.36746833
0,0,0.12852743
0,0,0.40701726
0,0,0.40469256
0,0,0.24280871
0,0,0.42394143
0,0,0.4919347
0,0,0.17495704
0,0,0.22890115
0,1,0.6446889
0,0,0.4209072
1,1,0.61184436
0,0,0.3275774
0,0,0.08617391
0,0,0.30046773
0,0,0.3386754
0,1,0.54539967
0,0,0.17039457
0,0,0.39978343
0,0,0.23364131
0,0,0.18424805
0,0,0.0592229
0,1,0.7655709
0,1,0.7180439
0,0,0.49168298
0,0,0.23462401
1,0,0.45998332
0,1,0.6715542
0,0,0.27132186
0,0,0.28222758
0,1,0.6284092
0,0,0.1336434
0,0,0.48490924
0,0,0.4114171
1,0,0.2537584
0,1,0.81794196
0,0,0.16634852
0,0,0.17872089
0,0,0.36701527
0,1,0.5521398
0,0,0.09188576
0,1,0.50807846
0,0,0.35465133
0,0,0.35463235
0,0,0.17938341
0,1,0.5778991
0,0,0.1571855
0,0,0.3140478
0,0,0.39717168
0,0,0.29601246
0,1,0.52630776
0,0,0.2561574
0,0,0.29592517
0,0,0.19619758
0,1,0.54800314
0,0,0.18584181
0,0,0.121785745
0,0,0.37004042
0,0,0.39629135
0,0,0.24511959
0,0,0.45130664
0,0,0.30997458
0,1,0.5948921
1,1,0.5864314
0,0,0.10688011
0,1,0.6538711
1,0,0.20764661
0,0,0.12128761
0,0,0.47275755
0,1,0.5189868
0,0,0.12473431
0,0,0.42649034
0,1,0.68875515
0,0,0.41610175
1,0,0.39325002
0,0,0.17000674
0,0,0.21104197
0,1,0.70393234
0,0,0.16792038
0,0,0.39312473
0,0,0.43964064
0,1,0.52532315
0,1,0.6242217
0,0,0.14153205
0,1,0.6974244
0,0,0.32116714
0,1,0.73080677
0,1,0.66878825
0,0,0.37284023
0,1,0.51551807
0,0,0.29057196
0,0,0.23252541
0,0,0.2973951
0,1,0.6691156
1,1,0.7300175
0,0,0.41381845
0,0,0.2664787
0,0,0.2679605
0,0,0.26954946
0,0,0.21093726
0,1,0.63438046
0,0,0.3009107
0,1,0.5743475
0,0,0.30926046
0,0,0.26837185
0,1,0.8611498
0,1,0.59757525
1,1,0.8054795
0,1,0.5793208
0,1,0.5182403
0,0,0.27540055
0,1,0.5051206
0,1,0.60192376
1,1,0.5767174
0,1,0.5104582
0,0,0.17624004
0,0,0.1781107
0,1,0.6325182
0,0,0.30287266
0,1,0.8595064
0,0,0.35385528
0,0,0.45895636
0,0,0.46697998
0,1,0.66038054
0,0,0.17698829
0,1,0.840391
0,1,0.7730627
0,1,0.5004867
0,1,0.6411997
0,0,0.39961535
0,0,0.12941925
0,0,0.09121484
0,0,0.44078267
0,0,0.23187293
0,0,0.388875
0,0,0.116192475
0,0,0.17125939
0,1,0.6622365
0,0,0.16689004
0,0,0.3032312
0,0,0.29404202
0,0,0.08763873
0,0,0.15461431
1,1,0.5905032
0,0,0.41075903
0,0,0.44710958
1,1,0.8097505
0,0,0.3911178
0,0,0.15394843
0,0,0.2939899
1,1,0.6187532
0,0,0.17693566
0,1,0.82833725
0,0,0.2493024
0,1,0.6720933
0,0,0.31759474
0,0,0.25002578
0,0,0.12460176
0,1,0.7831839
0,0,0.42186752
0,0,0.44264397
0,1,0.6674291
0,1,0.6413028
0,0,0.3451315
0,0,0.18388191
0,1,0.50805956
0,1,0.6490757
0,0,0.15448804
0,0,0.107467934
0,0,0.46973702
1,1,0.6361345
0,0,0.35852233
0,0,0.18190421
0,1,0.63928646
1,1,0.882792
0,0,0.10172945
0,0,0.312748
0,0,0.19426546
0,1,0.59013516
0,0,0.23022275
1,1,0.6676287
1,1,0.8637984
0,0,0.2309477
0,1,0.5987532
0,0,0.30013415
0,0,0.4640951
0,0,0.17019628
0,0,0.35232118
0,1,0.5694558
0,0,0.31644914
0,0,0.4191718
0,0,0.49526557
0,0,0.3660036
0,1,0.50707847
0,1,0.76184416
0,0,0.3949228
1,0,0.49047697
0,0,0.20037475
0,0,0.3063874
0,1,0.6475517
0,1,0.8517221
0,1,0.8423676
0,0,0.4060059
0,1,0.54260874
0,0,0.11652766
1,0,0.1713553
0,0,0.28315714
0,0,0.4166528
0,0,0.14952417
1,0,0.46912825
0,0,0.09980496
0,0,0.15365098
0,1,0.6151086
0,0,0.20468777
0,0,0.24406007
0,1,0.5702481
0,0,0.1829787
1,0,0.18542509
0,1,0.50187874
0,0,0.27980876
0,0,0.44440052
0,0,0.44101086
0,1,0.5513985
0,0,0.1538445
0,0,0.29028443
0,0,0.1853965
0,0,0.27092832
1,1,0.80537546
0,1,0.7768278
0,0,0.2760351
0,0,0.31710777
0,0,0.080175795
0,0,0.28462186
0,0,0.37454528
0,1,0.65730387
1,1,0.53807056
0,0,0.297267
0,0,0.358498
0,1,0.63087374
0,0,0.36362872
0,0,0.32925585
0,0,0.37500256
0,0,0.4506563
1,1,0.7797453
0,0,0.3426724
0,0,0.17387904
0,0,0.35210997
0,1,0.62139076
1,1,0.60207576
1,0,0.28357702
0,1,0.70431083
1,1,0.57512563
0,0,0.25058123
0,1,0.5205619
0,1,0.58038795
0,1,0.5623619
0,0,0.24710326
0,0,0.36903584
0,0,0.45067245
0,1,0.58965826
0,1,0.5081574
0,0,0.15047286
1,0,0.2969043
0,0,0.40779233
0,1,0.68005884
0,0,0.28969288
0,0,0.37683067
0,0,0.284974
0,0,0.18359101
0,1,0.54958194
0,0,0.35221893
0,0,0.07912183
0,0,0.15886344
1,0,0.11917196
0,1,0.67745906
0,0,0.2863229
0,0,0.4042872
0,1,0.6237777
0,0,0.2028721
0,1,0.90755373
0,1,0.7775872
0,0,0.22850205
0,0,0.19675161
1,1,0.56563026
0,0,0.14602837
0,0,0.33434755
0,1,0.8000218
0,0,0.2907605
0,1,0.7593902
0,1,0.54187715
0,0,0.27014998
0,0,0.38625872
0,1,0.5906663
0,0,0.32222745
0,0,0.19529873
0,0,0.09017687
1,1,0.69510657
0,0,0.22825374
0,0,0.11680229
0,0,0.18973565
0,0,0.30505976
0,1,0.6324127
0,0,0.12659256
0,0,0.07151302
0,1,0.516488
0,0,0.37324354
0,0,0.14220907
0,0,0.41511968
0,0,0.26828882
0,0,0.21976712
0,0,0.49232695
0,0,0.3494746
0,0,0.44294363
0,0,0.19033964
1,1,0.5378192
0,0,0.19810045
0,0,0.4072588
0,1,0.6761467
0,1,0.5954291
0,0,0.36004946
1,1,0.9299239
0,1,0.610451
0,0,0.45716828
0,1,0.6634203
0,0,0.078534566
0,1,0.56307274
0,0,0.4791614
1,1,0.74293494
1,1,0.58683246
0,1,0.58441544
0,0,0.19056357
0,0,0.16103384
0,0,0.33100256
0,0,0.4448873
0,1,0.6159893
0,0,0.26470518
0,0,0.3823725
0,0,0.28746238
0,0,0.38679674
0,0,0.37108034
0,0,0.10139643
1,1,0.6262852
0,0,0.19798502
0,1,0.6185464
0,1,0.6371459
0,0,0.4725469
0,1,0.67471176
0,0,0.33188486
0,0,0.27778473
0,0,0.13486418
0,0,0.3927766
0,0,0.34571406
0,0,0.2391482
0,1,0.64767236
0,0,0.063762404
0,0,0.35611585
0,0,0.27906555
0,0,0.32832497
0,0,0.19151293
0,1,0.74393207
0,0,0.42882726
0,0,0.47759715
0,1,0.58596814
0,0,0.49061885
0,1,0.5460457
0,1,0.5622897
0,0,0.32389164
0,0,0.16290908
0,1,0.6996438
0,1,0.83282286
0,0,0.49865574
0,0,0.42767617
0,0,0.46499535
0,0,0.3398796
0,0,0.11489
1,1,0.56662995
1,1,0.6632961
0,0,0.41724342
0,0,0.35015786
0,1,0.62574786
0,0,0.24189766
0,0,0.30384067
0,1,0.6906404
0,0,0.35001642
0,0,0.24421516
0,0,0.097093
0,0,0.23043276
0,0,0.34182677
0,0,0.22438692
0,1,0.68664104
0,1,0.6979225
0,0,0.24724992
0,0,0.165571
0,0,0.40143165
0,1,0.5754715
0,0,0.4977304
1,1,0.8788018
0,0,0.34325558
0,0,0.15498105
0,1,0.53247684
0,0,0.10495998
0,0,0.22572245
0,0,0.306933
0,0,0.18785352
0,1,0.56533927
0,1,0.6817034
0,0,0.39937454
0,0,0.41137743
0,0,0.12433326
1,0,0.46968365
0,0,0.2849801
0,0,0.29580778
0,1,0.56208956
0,0,0.14671703
1,1,0.7171345
0,0,0.1769681
0,0,0.3270986
0,1,0.50150007
0,0,0.36004686
0,0,0.45743573
0,0,0.41848788
0,0,0.37310073
0,1,0.54447615
0,0,0.32130828
0,0,0.36928314
0,0,0.384428
0,0,0.17631923
0,0,0.15521075
0,0,0.18666261
0,0,0.30669585
0,1,0.55167115
0,0,0.18307103
0,1,0.86510575
0,1,0.5980235
1,0,0.3831041
0,1,0.67693365
0,1,0.72079927
0,0,0.36707643
0,0,0.11141092
0,0,0.3302242
1,1,0.7080581
0,1,0.6071675
0,0,0.25462955
0,0,0.4773871
0,1,0.6354074
1,1,0.7750745
0,0,0.42857018
0,0,0.31412405
0,0,0.4709837
0,0,0.12642762
0,0,0.34599656
1,1,0.7403083
0,0,0.1302626
0,0,0.25659
0,0,0.43279788
0,0,0.25247267
1,0,0.39395913
0,0,0.12859191
0,1,0.5617503
0,0,0.10131132
0,0,0.18627714
0,0,0.3645281
0,1,0.6420167
0,0,0.11714501
0,0,0.10363555
0,0,0.06696651
0,0,0.29796207
0,1,0.56320715
0,0,0.42630222
0,1,0.66361445
0,0,0.32183778
0,0,0.13647331
0,0,0.24897449
0,0,0.14608541
0,1,0.6163776
0,1,0.6601402
0,0,0.1242293
0,1,0.81708366
0,1,0.6686687
0,0,0.42405832
0,0,0.4805313
0,1,0.6175799
0,1,0.6019225
0,0,0.47601977
0,0,0.084301606
0,0,0.08422749
0,0,0.25480828
0,1,0.6871082
0,0,0.1936406
0,0,0.12831563
0,0,0.14372933
0,1,0.8302083
0,1,0.62603474
0,0,0.18095101
0,0,0.3891461
0,0,0.25263593
1,1,0.55769765
0,1,0.92218816
0,1,0.618404
1,0,0.28943753
0,0,0.20814851
0,1,0.69874394
0,1,0.70143545
0,1,0.5926927
0,0,0.34125623
0,0,0.3698275
0,1,0.8400314
0,0,0.35172126
0,0,0.439372
0,1,0.5199155
0,0,0.3915445
0,0,0.19073744
0,0,0.17756349
0,0,0.20616947
0,0,0.29187688
0,0,0.34555435
0,0,0.3500402
0,0,0.3158046
1,1,0.6691006
0,0,0.1418096
0,0,0.2252312
0,1,0.5449845
0,0,0.18359388
0,0,0.10114789
0,0,0.49148548
0,0,0.27844936
0,0,0.2957846
0,0,0.22196312
0,0,0.3609588
0,0,0.2228165
0,1,0.6902233
0,0,0.14731075
0,0,0.21102156
1,1,0.720305
0,0,0.4294136
0,0,0.3642333
0,1,0.5030754
0,1,0.528572
0,0,0.26249412
0,1,0.8587169
1,1,0.77827233
0,0,0.22733591
0,0,0.03944843
0,0,0.45975164
0,0,0.13400681
0,1,0.6066399
0,0,0.34231114
0,0,0.27737263
0,1,0.6876911
0,0,0.15129976
0,0,0.2702617
0,1,0.83871937
0,0,0.15853947
0,0,0.24377851
0,0,0.3982256
0,0,0.37603146
0,0,0.21090983
0,1,0.548059
0,1,0.6358749
0,0,0.28428116
0,1,0.55308634
0,1,0.810548
0,0,0.35799015
0,0,0.34173828
0,1,0.5912014
0,0,0.43116954
0,0,0.15953676
0,0,0.36359924
0,1,0.7632922
0,1,0.690822
0,1,0.53800035
1,0,0.32309568
0,0,0.26935777
0,0,0.18575788
0,0,0.26339498
0,0,0.3110307
0,0,0.17800505
0,0,0.18091188
1,1,0.70152307
0,0,0.3059222
0,1,0.8146958
0,0,0.2918043
0,0,0.09776664
0,0,0.31574416
1,0,0.3813767
0,0,0.32047287
0,0,0.11728746
0,1,0.781702
0,0,0.40042374
0,1,0.67249143
0,0,0.12544663
0,0,0.30918583
0,0,0.09782507
0,1,0.72382367
1,0,0.48306075
0,0,0.24013767
0,0,0.08713181
0,0,0.27737743
0,1,0.59737617
0,1,0.5428447
0,1,0.5790622
0,0,0.114889145
0,0,0.3988063
0,0,0.4753487
0,1,0.5531495
0,0,0.489363
0,0,0.37377504
0,0,0.13902977
0,1,0.5602128
1,1,0.82352185
1,0,0.35565972
0,0,0.14689502
0,1,0.68991584
0,1,0.55982476
0,0,0.15570943
1,0,0.33045563
0,0,0.30340123
0,0,0.27185243
0,0,0.2125916
0,0,0.22226694
0,0,0.48521554
1,1,0.81049454
0,0,0.23094948
0,1,0.5026159
0,0,0.1281387
1,1,0.531395
0,0,0.0323759
0,0,0.13774087
0,0,0.49455118
0,1,0.7605954
0,0,0.10167471
0,0,0.37059978
0,1,0.56955725
0,1,0.5008767
0,0,0.29219797
0,0,0.21661137
0,0,0.17658715
0,0,0.4681095
0,0,0.3163893
0,1,0.6260328
0,0,0.4494155
0,0,0.4215389
0,0,0.14625195
0,1,0.7618877
0,0,0.31261522
0,0,0.27447152
0,1,0.58529544
0,1,0.5216542
0,0,0.18013227
0,1,0.5461408
0,0,0.308852
0,0,0.39053255
0,1,0.59248614
0,0,0.4130836
0,1,0.6401441
0,0,0.4550845
0,0,0.25988078
0,1,0.6302364
0,0,0.32106715
0,0,0.12957309
0,0,0.35272625
0,0,0.2362764
0,0,0.42634702
0,0,0.26792875
0,0,0.19707333
0,0,0.41156474
0,0,0.26041946
0,0,0.3611114
0,1,0.69411504
0,0,0.14153707
0,1,0.6508257
0,0,0.26187277
1,1,0.53687835
0,0,0.16252534
0,0,0.11129086
0,1,0.66340774
0,0,0.047908872
0,0,0.3144363
0,0,0.23735844
0,0,0.2059641
0,0,0.28376186
0,0,0.10746103
0,0,0.12445317
0,1,0.69602066
0,0,0.10759488
0,0,0.4105977
0,1,0.5421529
0,1,0.8197208
0,1,0.85556155
1,1,0.53191113
0,1,0.5867976
0,0,0.06927762
0,0,0.12698753
0,1,0.8004901
0,0,0.40177497
0,0,0.13475314
1,0,0.12437166
0,0,0.28523773
0,0,0.3738358
0,1,0.7160939
0,0,0.186382
0,0,0.2845995
0,1,0.56086636
0,0,0.2931352
0,1,0.6248234
0,0,0.08505985
0,1,0.6246741
0,0,0.41295615
0,0,0.35579255
0,0,0.14616524
0,1,0.54869604
0,0,0.3598356
1,0,0.43385175
0,0,0.43288857
0,0,0.45829135
0,1,0.7315395
0,0,0.34466118
0,1,0.6976468
0,0,0.35794306
0,0,0.24423924
1,0,0.36152202
0,1,0.86443955
0,0,0.2845427
1,1,0.8338648
0,0,0.49751192
0,0,0.34940317
0,0,0.3014776
0,0,0.19868146
0,0,0.2466152
0,0,0.1644096
0,0,0.30145353
0,0,0.48320004
0,1,0.5006494
0,0,0.23011124
0,1,0.5574149
0,0,0.20938446
0,0,0.26087633
0,0,0.24994142
0,0,0.21228285
0,0,0.47246492
0,0,0.22020243
0,0,0.42079908
0,0,0.46346423
0,0,0.38949284
0,0,0.28384456
0,0,0.115062416
0,0,0.10991781
0,1,0.7161323
0,0,0.16970828
0,0,0.29251945
0,1,0.7732049
0,0,0.4820818
0,1,0.6576541
1,0,0.38181242
0,0,0.48619968
0,1,0.705398
0,1,0.7016129
0,1,0.5945885
0,1,0.626646
0,0,0.43521494
0,0,0.23682241
0,0,0.34295633
1,1,0.5718357
0,0,0.09697013
0,0,0.3316392
0,0,0.2734952
0,1,0.63784146
0,1,0.66709644
0,1,0.7871056
0,1,0.6196465
0,0,0.4125795
0,0,0.34266508
0,0,0.4563425
0,0,0.21963648
0,1,0.6609463
0,0,0.11847219
0,1,0.78418857
0,0,0.31787273
0,0,0.17527924
0,0,0.2962367
0,0,0.22941893
0,0,0.29348734
0,1,0.8792246
0,0,0.10790009
0,0,0.40643433
0,1,0.59485227
0,0,0.3069555
0,0,0.41817147
0,1,0.65453875
0,0,0.18961024
0,1,0.8166095
0,1,0.6328455
0,0,0.3353913
0,0,0.13617265
1,0,0.44358194
0,1,0.6066781
0,0,0.29044327
0,0,0.38529575
0,0,0.38025796
0,0,0.17388286
0,1,0.50324696
0,1,0.86065984
0,1,0.6209458
0,1,0.8982148
0,1,0.56232095
0,1,0.70952755
0,0,0.49314538
0,0,0.36792663
0,1,0.54482496
0,0,0.19578348
0,0,0.24381803
0,0,0.49052665
0,0,0.057790678
0,0,0.2746762
0,0,0.48577255
0,1,0.59176874
0,0,0.20968966
0,1,0.5488657
0,0,0.43428558
0,1,0.63324785
0,0,0.47718295
0,1,0.56627464
0,0,0.27693415
0,0,0.4564189
0,0,0.115893155
0,1,0.8125787
0,0,0.114553325
0,1,0.6374288
0,0,0.35287857
0,0,0.22208437
0,0,0.26042908
0,0,0.2542139
0,0,0.3044716
0,1,0.725901
1,1,0.74606746
0,0,0.11101707
0,0,0.40340483
0,0,0.23868105
0,0,0.28069603
0,1,0.56409097
0,1,0.6755712
0,0,0.10886829
0,0,0.31235576
0,1,0.5481309
0,0,0.36698174
0,1,0.69969726
0,0,0.4402706
0,1,0.7263789
0,1,0.50925964
0,0,0.3587753
0,0,0.2112953
0,0,0.24161494
0,1,0.6163814
0,0,0.3038821
0,1,0.547929
1,0,0.18616417
0,1,0.69671696
0,0,0.23086663
0,0,0.23296545
0,0,0.32656786
0,0,0.091345266
0,1,0.50042945
0,1,0.58476037
0,1,0.6353282
0,0,0.12580688
0,0,0.47855666
0,1,0.600418
0,0,0.4041538
0,0,0.1345812
1,1,0.9143467
0,0,0.42974374
0,0,0.44845226
0,1,0.692161
0,1,0.6436438
0,0,0.39053944
0,0,0.47064537
0,1,0.7037572
0,0,0.22553606
0,0,0.40948886
0,0,0.17655359
0,0,0.089189224
0,1,0.82440007
0,0,0.093028165
0,0,0.08902376
0,1,0.5492031
0,0,0.32623887
0,0,0.05905853
0,0,0.1675234
0,0,0.43818745
0,0,0.33703026
0,0,0.11739737
0,0,0.2020204
0,0,0.22829151
0,0,0.22149317
0,0,0.14307715
0,1,0.5667133
0,0,0.37510017
0,0,0.11765474
0,0,0.2608134
0,0,0.15419608
0,1,0.62598467
1,1,0.68021685
0,1,0.7439547
1,1,0.60232055
0,0,0.2260071
0,0,0.34932947
0,1,0.849663
0,0,0.16752727
0,0,0.3351532
0,0,0.10195361
0,1,0.93700504
0,0,0.37661493
0,1,0.63740903
0,1,0.55866164
1,1,0.62579805
1,1,0.6883002
0,0,0.31628957
0,1,0.51514554
0,0,0.31509736
1,1,0.5382691
0,0,0.22683021
0,0,0.18171255
0,1,0.69991326
0,0,0.3180584
0,1,0.73821557
0,1,0.518262
0,0,0.28714487
0,1,0.6569953
0,1,0.63508636
0,1,0.58347374
0,0,0.25736883
0,0,0.2199607
0,1,0.5372711
0,0,0.22998372
0,0,0.3671442
0,0,0.4194199
0,0,0.2679159
0,1,0.7496754
0,1,0.8319952
0,1,0.7736945
0,0,0.20874007
0,0,0.17158927
0,0,0.3731186
0,0,0.21329167
0,0,0.42153734
0,0,0.3995445
0,0,0.40890485
0,1,0.5452051
0,0,0.30684677
0,0,0.14380068
0,0,0.42378864
0,0,0.29643607
1,1,0.51475585
0,0,0.41871807
0,0,0.4402669
0,0,0.18596655
0,0,0.1344656
0,0,0.44738793
0,0,0.15379065
0,1,0.73831326
0,0,0.10870548
0,0,0.109695114
1,0,0.22045593
0,1,0.69157124
0,0,0.36606392
0,0,0.289062
0,0,0.39942366
0,0,0.25367585
0,0,0.1702007
0,0,0.19663356
0,0,0.16732503
0,0,0.28391063
0,0,0.18091501
1,1,0.8744469
0,0,0.25240204
0,0,0.0785595
0,0,0.13670114
1,1,0.6343962
0,0,0.44357264
0,0,0.14123692
0,0,0.2822703
0,0,0.43708515
0,0,0.19333228
0,0,0.18037124
0,0,0.3561804
0,1,0.8184514
0,0,0.1301771
0,1,0.5381504
0,0,0.45938304
0,0,0.35785568
0,0,0.317422
1,0,0.33133
0,0,0.28214803
0,1,0.6891939
0,1,0.5784837
0,0,0.30779797
0,0,0.36336544
0,0,0.2093023
1,1,0.7685356
0,0,0.07991725
0,1,0.5312327
0,0,0.22101288
0,0,0.4031011
0,1,0.56558746
0,0,0.13950074
0,0,0.2556292
0,1,0.78256553
0,0,0.40958813
0,0,0.45407698
0,0,0.17534414
0,0,0.06571724
0,0,0.24414508
0,0,0.34115273
0,0,0.09932709
0,0,0.15813965
0,0,0.19219932
1,0,0.24894033
0,0,0.24350876
0,0,0.19914714
1,1,0.5101084
0,0,0.16749041
0,1,0.63445455
0,0,0.2675953
0,0,0.17578013
0,0,0.1665076
0,0,0.13257706
0,0,0.15117808
0,1,0.51638997
0,0,0.45735446
0,0,0.16862704
0,0,0.35116252
0,0,0.25969034
0,0,0.3262212
0,0,0.48323044
0,1,0.8052476
0,0,0.42319772
0,0,0.3473351
0,0,0.39979663
0,1,0.63808036
0,0,0.08542803
1,0,0.13697787
0,0,0.16475855
0,0,0.25643468
0,0,0.44780597
0,0,0.084338464
1,1,0.72302544
0,1,0.507434
0,0,0.08026557
0,0,0.11777636
0,0,0.18724023
0,0,0.1331032
0,0,0.060699325
0,0,0.18572275
0,1,0.6016854
0,0,0.09452467
0,0,0.4156742
0,1,0.73701054
0,0,0.31207544
0,1,0.54907465
0,0,0.27448177
0,0,0.14894529
0,0,0.08046618
0,0,0.29163554
0,1,0.6988518
0,0,0.145294
0,1,0.6126037
0,0,0.30750817
0,0,0.3950436
0,0,0.46381772
0,0,0.17081535
0,0,0.07477664
0,0,0.12556373
0,0,0.22205184
0,0,0.12730955
0,0,0.38634536
0,1,0.5758216
0,0,0.2908714
0,0,0.18074557
0,0,0.4637267
0,0,0.4636008
0,0,0.21389535
0,0,0.29260093
0,0,0.3430882
0,0,0.24633901
0,1,0.80330735
0,1,0.6214249
0,0,0.1144456
0,0,0.33360505
0,0,0.44175264
0,1,0.5152467
0,0,0.28862107
0,1,0.5493851
0,1,0.67024964
0,0,0.17188574
0,0,0.41862977
0,1,0.74593717
0,0,0.43607816
0,0,0.13460074
1,1,0.60006756
0,0,0.13648355
0,0,0.15803531
0,0,0.27273354
0,0,0.10902835
0,0,0.12515497
1,1,0.5201957
0,0,0.110323176
0,0,0.1610875
0,0,0.14735454
0,1,0.7613686
0,0,0.4241138
0,0,0.089433186
0,1,0.5460032
0,0,0.12874442
0,0,0.16070063
0,0,0.13712093
0,1,0.51570547
0,0,0.052105516
0,1,0.54782605
0,0,0.23071899
0,0,0.45442355
0,0,0.15760331
1,1,0.7029894
0,0,0.4876931
0,1,0.56600374
0,1,0.6894709
0,0,0.3923738
0,0,0.46114492
0,0,0.17057097
0,0,0.06589013
0,0,0.49939176
0,1,0.5445429
0,0,0.1473721
0,0,0.42828926
0,0,0.21716057
0,1,0.5039456
0,0,0.44817543
0,0,0.30256927
0,1,0.67904705
1,1,0.50662094
0,0,0.46729672
0,1,0.64769983
0,1,0.56959516
0,0,0.13348068
0,0,0.2656149
0,0,0.36551872
0,1,0.6809356
0,1,0.7167171
1,1,0.5387569
0,0,0.26937267
0,0,0.38077086
0,1,0.5166863
0,0,0.3148018
0,0,0.25947464
0,0,0.461063
0,0,0.13274117
1,1,0.50452757
0,0,0.25684217
0,0,0.10704439
0,0,0.10884217
0,0,0.15649237
0,0,0.30292898
0,0,0.4071847
1,0,0.38707367
0,1,0.75716007
1,1,0.78276944
0,0,0.19523977
0,1,0.5332059
0,1,0.6960586
0,0,0.2908113
0,0,0.45493478
0,0,0.1234188
0,1,0.5893102
0,0,0.22924495
1,1,0.6808643
0,0,0.36655742
0,0,0.23178488
1,1,0.88575083
0,0,0.3795315
0,0,0.15044537
0,0,0.1441779
1,1,0.5566696
0,0,0.35353142
0,0,0.43941826
0,0,0.45885134
0,0,0.1786477
0,1,0.62809896
0,0,0.13082786
0,0,0.27060977
0,1,0.84967136
0,0,0.18579112
0,0,0.37784022
0,1,0.52475363
1,1,0.7955345
0,0,0.13763718
0,1,0.5564933
0,0,0.24846481
0,0,0.4758899
0,1,0.6957259
0,0,0.09055325
0,0,0.40880817
0,0,0.39415365
0,0,0.28580406
0,0,0.18964872
0,0,0.28599948
0,0,0.48930514
0,0,0.15138113
0,0,0.17760324
0,0,0.27314594
0,1,0.73164004
0,0,0.27378935
1,1,0.7631049
0,1,0.556932
0,0,0.34391794
0,0,0.26921055
1,1,0.8359091
1,1,0.50487995
0,0,0.3918076
0,0,0.2423393
0,0,0.13871141
0,0,0.28730136
0,1,0.5077576
0,1,0.780015
0,0,0.21514335
0,1,0.5592645
0,0,0.17227651
0,0,0.120520465
0,0,0.24435416
0,0,0.2246606
0,1,0.86655766
0,1,0.7586063
0,1,0.6425723
0,1,0.54666865
0,0,0.14764486
1,1,0.7592097
0,1,0.5197008
0,0,0.1707328
0,0,0.117756866
0,0,0.4660978
0,0,0.12475939
0,0,0.4915875
0,0,0.14948516
0,1,0.65301925
0,0,0.15467547
0,0,0.33740884
0,0,0.20380181
0,1,0.6615417
0,0,0.239737
0,1,0.6436267
0,0,0.26396114
0,0,0.15055625
0,0,0.30571383
0,0,0.18650271
0,1,0.55423766
0,0,0.30315346
0,0,0.28016207
0,0,0.2315503
0,1,0.7374366
0,1,0.5038565
0,0,0.21276782
1,0,0.45987523
1,1,0.80172384
1,1,0.7772339
1,1,0.5836155
0,1,0.6504959
0,0,0.23943396
0,1,0.5676197
0,1,0.8290251
0,0,0.16533889
0,0,0.388502
0,0,0.35526243
1,1,0.6133806
0,0,0.33608258
1,1,0.7406447
0,0,0.31755853
0,0,0.37045607
0,0,0.33874777
0,0,0.24424323
0,1,0.8301061
0,1,0.53557837
0,0,0.4398201
0,0,0.15399683
0,0,0.29908955
0,1,0.65559995
0,0,0.49163345
1,0,0.40382972
0,0,0.45172328
0,0,0.22522873
0,1,0.6828813
0,0,0.4199063
0,0,0.26843855
1,0,0.37134767
0,1,0.5001735
0,0,0.29579085
0,0,0.35360867
0,0,0.3159467
0,1,0.5381449
0,0,0.31065235
0,0,0.37109464
0,1,0.7634231
0,0,0.17775896
0,0,0.17605798
1,0,0.46520716
1,1,0.8749707
0,1,0.7245044
0,0,0.4125413
0,0,0.21087705
0,0,0.24143456
0,0,0.19476132
0,0,0.08008808
0,0,0.2558814
0,1,0.6489536
0,0,0.2566658
0,0,0.48100975
0,0,0.23535709
0,0,0.3714673
0,0,0.4841983
0,0,0.19284776
0,0,0.28850937
0,1,0.5187898
0,0,0.19071338
0,0,0.11448792
0,1,0.72330385
0,0,0.17828019
0,0,0.18731394
0,1,0.61456126
0,0,0.45332018
0,0,0.108294375
0,0,0.38257846
0,0,0.45688412
0,0,0.2217468
0,0,0.49862382
0,1,0.6981193
0,1,0.713715
1,0,0.1770661
0,0,0.2734097
0,1,0.5486937
0,0,0.34914327
1,1,0.5017967
0,0,0.28335458
0,0,0.47584733
0,0,0.2334821
0,0,0.23918027
0,0,0.17281923
0,0,0.4280856
0,0,0.19190918
0,0,0.29492873
0,1,0.79438734
0,0,0.33225608
0,0,0.4716139
0,0,0.229263
0,1,0.6401354
0,1,0.6538614
0,0,0.25283203
0,1,0.7444707
0,1,0.56327516
0,1,0.5457931
0,0,0.18296474
1,1,0.6133566
0,0,0.3516104
1,1,0.54596454
0,1,0.52368623
0,1,0.5565347
0,0,0.36740595
0,0,0.36758354
0,1,0.74245596
0,0,0.25585023
0,0,0.40264145
0,0,0.26659328
0,1,0.7488053
0,0,0.24570791
0,0,0.21238188
0,0,0.25461432
0,0,0.47713003
0,0,0.29810756
0,0,0.44740227
0,0,0.2299999
1,0,0.21257325
0,1,0.78298056
0,1,0.73504597
0,0,0.120745875
0,0,0.17502806
0,0,0.45874223
0,1,0.5818343
0,0,0.3965637
0,0,0.16284351
0,0,0.18149029
0,0,0.15035203
0,0,0.20374966
0,1,0.68857574
0,0,0.4243875
0,0,0.09767011
0,0,0.4739938
0,0,0.21870765
0,0,0.22680254
1,1,0.70077795
0,0,0.16054362
0,1,0.764048
1,1,0.6518346
0,0,0.061264228
0,0,0.27410918
0,0,0.4644429
0,0,0.09371064
1,1,0.5563762
0,0,0.44257942
0,0,0.22428194
0,1,0.850607
0,0,0.4719454
1,1,0.83102417
0,0,0.13082594
0,1,0.65222
0,0,0.12276325
0,1,0.6752213
0,0,0.2940423
0,0,0.2713269
0,0,0.23285942
0,0,0.27969527
1,1,0.5404361
0,0,0.4613269
0,0,0.39996392
0,1,0.65305716
0,0,0.14730847
0,0,0.23877916
0,0,0.3692556
0,1,0.7156996
0,0,0.11633593
0,1,0.74503446
0,1,0.5240083
0,0,0.18444984
0,0,0.49986318
1,1,0.59298074
0,1,0.7139452
0,0,0.10463303
1,1,0.61293036
1,1,0.69997203
0,0,0.4115314
0,0,0.14802374
0,0,0.25163034
1,1,0.6014088
0,1,0.58707106
0,0,0.4734669
0,1,0.6049544
0,0,0.20445785
0,1,0.5358236
0,0,0.38492712
0,0,0.38075876
0,0,0.32853797
0,1,0.534144
0,1,0.76788473
1,1,0.62222075
0,1,0.5919436
0,0,0.36894998
0,0,0.13035618
0,1,0.51193637
0,1,0.5968494
0,1,0.75433344
0,1,0.5673231
0,0,0.08280029
0,0,0.14471492
0,0,0.4310628
0,0,0.26475358
0,0,0.3473328
0,0,0.07958729
0,0,0.33984277
0,1,0.52050024
0,0,0.34605354
0,0,0.37492502
0,0,0.14234863
0,0,0.3723467
0,0,0.20217592
0,0,0.4563696
0,0,0.34655443
0,0,0.076812856
0,0,0.29889977
0,0,0.24303196
0,0,0.15820001
0,0,0.30262926
0,1,0.62690115
0,0,0.21419732
0,1,0.8195198
0,0,0.2740049
0,1,0.63279444
0,0,0.14055789
1,0,0.48606518
0,0,0.2950982
0,0,0.2160383
0,0,0.38406405
1,1,0.578752
0,0,0.2779152
0,0,0.39753926
0,1,0.50947005
0,0,0.2814831
0,1,0.8700532
0,0,0.17842352
0,0,0.16061041
0,0,0.444695
0,0,0.4026523
0,1,0.6878788
0,0,0.2701712
0,0,0.47777635
0,0,0.41259643
0,0,0.26296812
1,1,0.5489345
0,1,0.5607809
0,1,0.5227499
0,0,0.33612666
0,1,0.7268065
0,0,0.09419613
0,0,0.2637397
0,1,0.6355457
1,0,0.17848952
0,0,0.2522353
0,1,0.65720165
0,0,0.1699142
0,1,0.6358739
0,0,0.49660996
0,0,0.33011708
0,0,0.17342602
0,0,0.21896864
0,1,0.60999024
0,1,0.6493875
0,1,0.7076832
0,0,0.36560085
0,0,0.105322726
0,0,0.21868569
1,1,0.68506247
0,0,0.29008594
0,0,0.41702574
0,0,0.022114107
0,0,0.47194177
0,0,0.20519343
0,0,0.2946612
0,0,0.27904812
0,0,0.24018437
0,1,0.60371804
0,1,0.58393186
0,0,0.29489183
0,0,0.07066701
0,0,0.19884259
0,0,0.3084513
0,1,0.52908015
0,0,0.10952264
0,1,0.72789776
0,0,0.19950788
0,0,0.05258534
0,1,0.5541037
0,0,0.028837081
0,0,0.16725273
0,0,0.21625681
0,1,0.85310155
0,0,0.3390678
0,0,0.23160438
0,0,0.4130974
0,1,0.5112989
0,1,0.7313031
0,0,0.20636487
0,0,0.25197315
0,0,0.31603134
0,0,0.37507072
0,0,0.20989895
0,0,0.34798706
0,1,0.6281322
0,1,0.56537724
0,0,0.23934413
0,0,0.2090729
0,0,0.33064047
0,0,0.30281505
0,0,0.47693092
0,0,0.46779236
1,1,0.8683142
0,0,0.3636975
0,0,0.3890569
0,0,0.22248983
0,0,0.47375077
0,1,0.7323169
0,0,0.18652868
0,0,0.23164345
1,1,0.8496612
0,0,0.18104823
0,0,0.1143437
0,0,0.33151072
0,1,0.74518996
0,0,0.45507836
0,0,0.25958082
0,0,0.15718736
0,1,0.9050708
0,1,0.8519891
0,0,0.14950828
0,0,0.15251166
0,0,0.30549443
0,0,0.24882549
0,0,0.11436023
0,0,0.23131229
1,1,0.83975244
0,0,0.3169869
0,0,0.37830344
1,1,0.7870093
0,0,0.19619255
0,1,0.78861064
0,0,0.2916272
0,0,0.20104748
1,1,0.77088994
0,0,0.026123948
0,0,0.10872631
0,1,0.6089265
0,0,0.30906156
0,0,0.21633354
0,1,0.78603715
0,1,0.6593753
0,1,0.70237595
0,1,0.52250236
0,1,0.5654938
0,1,0.62763405
0,1,0.5362174
0,0,0.23516853
0,1,0.5557176
0,0,0.15365161
0,0,0.092986375
0,1,0.7597317
1,0,0.3323935
0,1,0.5398633
0,0,0.32593587
0,0,0.36358902
0,1,0.7556187
0,0,0.09230164
0,1,0.81920207
0,0,0.3382662
0,1,0.5610189
0,0,0.11400876
0,0,0.3314004
0,1,0.5498201
1,0,0.21661887
0,1,0.5161381
0,0,0.39446837
0,0,0.4833465
0,0,0.19632207
0,0,0.20672981
0,0,0.33931735
0,1,0.67090666
0,1,0.60614526
0,1,0.6379255
0,0,0.3757827
0,0,0.3659548
1,0,0.1673923
0,1,0.6611249
0,0,0.17628357
0,0,0.18027383
0,0,0.44762534
0,1,0.82898676
0,1,0.6189295
0,0,0.48982444
0,0,0.25799394
0,0,0.4352164
1,1,0.6379561
0,0,0.2669855
0,0,0.30900463
0,1,0.67088944
0,0,0.3108519
0,0,0.060245004
0,0,0.14507923
0,0,0.21951629
0,0,0.2986132
0,0,0.34137794
0,0,0.1506862
0,0,0.106034175
0,0,0.31748295
0,0,0.4286945
0,0,0.20567825
0,0,0.3027328
1,1,0.52787
0,1,0.78034246
1,0,0.33986333
0,0,0.11125904
0,0,0.073067255
0,0,0.41589808
0,1,0.5773356
0,1,0.5183481
0,0,0.35916108
0,0,0.38505507
0,1,0.50465906
0,1,0.57187736
0,1,0.6586835
0,0,0.21988751
0,0,0.49477774
0,0,0.41220948
1,1,0.5974267
0,1,0.6743461
0,0,0.25754502
0,0,0.3366636
0,0,0.420525
0,0,0.20242397
0,0,0.4549194
0,0,0.22008346
0,0,0.4669834
0,0,0.2705225
0,0,0.2997396
0,1,0.68989563
1,1,0.6052651
0,0,0.09081999
0,1,0.5478286
1,0,0.45753312
0,0,0.16693625
0,1,0.74865913
0,1,0.5771489
0,1,0.5688869
0,0,0.48328507
0,1,0.7760098
0,0,0.117079556
0,0,0.48371512
0,1,0.8039904
0,0,0.458451
0,0,0.2543658
0,0,0.15458263
0,0,0.23380439
0,0,0.20165052
1,1,0.68700594
0,0,0.09398874
0,0,0.4361709
0,0,0.17970143
0,1,0.59515226
0,1,0.7506514
0,1,0.8131652
0,0,0.41464245
0,0,0.09899702
0,0,0.21117522
1,1,0.6377384
0,0,0.47119927
0,0,0.38263464
0,0,0.12637894
0,0,0.4031083
0,1,0.7021598
0,0,0.40115294
0,0,0.14311004
0,0,0.18329039
0,0,0.081956595
0,0,0.1756548
0,1,0.6928429
0,0,0.29600877
0,0,0.23032273
0,0,0.25215375
0,0,0.21645214
0,1,0.7310888
0,0,0.16916941
0,0,0.07185389
0,0,0.33405048
0,0,0.20607287
0,0,0.4319063
0,0,0.15977527
0,1,0.598403
0,0,0.14169392
0,0,0.16700074
0,0,0.3237998
0,0,0.33682176
0,0,0.22508569
0,0,0.17090197
0,0,0.27082792
0,0,0.32419994
0,0,0.37997183
0,1,0.5826654
0,1,0.62711686
0,0,0.17149425
0,0,0.1958608
0,0,0.47065085
0,0,0.4979899
0,0,0.39496478
0,1,0.68120635
0,0,0.29094025
0,0,0.15793876
0,0,0.101500176
0,1,0.64781857
0,1,0.6070303
0,1,0.5160904
0,0,0.17431667
0,1,0.6237587
0,0,0.13330345
0,0,0.39329928
0,0,0.11667376
0,1,0.5890309
0,0,0.12712719
0,0,0.21081926
0,0,0.31371844
0,0,0.32406327
0,0,0.20381704
0,1,0.6634573
0,0,0.18651025
0,0,0.36642945
0,0,0.45686442
0,0,0.17656037
0,1,0.5538463
0,0,0.47243795
0,0,0.2803635
0,0,0.37271756
0,0,0.34792638
1,1,0.92574215
0,0,0.28868932
0,1,0.82972074
0,0,0.0860606
0,0,0.31098592
0,1,0.513494
0,1,0.60378706
0,0,0.022469576
0,0,0.38823882
0,1,0.5457362
0,0,0.26358145
0,1,0.54630744
0,0,0.06769894
0,0,0.39465502
0,0,0.1490906
0,0,0.15254913
0,0,0.2229128
0,0,0.30136678
0,1,0.7604722
0,1,0.5035431
0,0,0.2135277
0,1,0.6609898
0,0,0.30907732
0,0,0.38936839
0,0,0.17022593
0,0,0.49217206
0,0,0.16517155
0,0,0.466978
0,0,0.26802343
1,0,0.27722967
0,0,0.3022801
0,0,0.27928317
0,1,0.5862456
0,0,0.3889443
0,0,0.4929785
0,0,0.11638787
0,0,0.27250367
1,0,0.46985054
0,1,0.6504961
0,1,0.5364579
0,0,0.38417026
0,0,0.46053883
1,1,0.56377864
0,0,0.116561584
0,0,0.43250227
0,1,0.5852535
0,1,0.5130028
0,0,0.22608402
0,0,0.22821261
0,0,0.16471939
0,1,0.6285838
0,1,0.6163384
0,0,0.2182687
0,0,0.46378884
0,0,0.19464172
0,1,0.5780491
0,0,0.2025755
0,1,0.6491935
0,1,0.53329855
0,0,0.4639859
0,0,0.29791373
0,0,0.16058947
0,0,0.29738826
0,0,0.3098659
0,0,0.43200353
0,1,0.54597926
1,1,0.5547524
0,0,0.17797975
0,0,0.27366352
0,0,0.071814135
0,0,0.39428043
0,0,0.33519343
0,0,0.4163012
0,0,0.44733927
0,0,0.22851534
0,0,0.27196544
0,0,0.47116974
0,0,0.18869613
0,0,0.43864608
0,0,0.30970898
0,1,0.6476066
0,0,0.40997297
0,0,0.40023553
0,0,0.48388076
0,0,0.22897927
0,0,0.21150573
0,0,0.42105344
0,0,0.2818068
0,1,0.5297579
0,0,0.31625128
0,0,0.43468636
0,0,0.2444367
0,0,0.11361345
0,1,0.60167605
0,1,0.80930364
0,0,0.15741792
0,0,0.26714507
1,1,0.8178006
1,1,0.51815397
0,0,0.49320436
0,0,0.13268547
0,1,0.68433094
0,0,0.23582903
0,0,0.34473643
1,1,0.5828181
0,1,0.5872987
0,0,0.42162243
0,0,0.33932033
0,0,0.23078832
0,0,0.16363525
0,1,0.5466914
0,0,0.12015678
0,0,0.2860696
0,1,0.7311343
0,0,0.28568658
0,0,0.18591566
0,0,0.307233
0,0,0.37133977
0,0,0.09311487
1,1,0.7880896
0,0,0.39002466
0,0,0.20750597
0,0,0.27564695
0,0,0.10269907
0,0,0.46123144
0,0,0.3146414
0,0,0.19987646
0,0,0.44200417
0,0,0.3903395
0,0,0.384226
0,0,0.19963974
0,1,0.59339124
0,0,0.34056076
0,0,0.12505163
0,0,0.1483187
1,0,0.38729206
0,0,0.06481548
0,0,0.2379044
0,0,0.17413183
1,1,0.7400018
0,0,0.32056797
0,0,0.18692406
0,1,0.51903564
0,1,0.60925555
0,1,0.6058912
0,0,0.29811466
0,0,0.12504527
0,0,0.3503011
0,0,0.12772721
0,0,0.07609941
0,0,0.48052827
0,0,0.18304029
0,0,0.19155492
0,0,0.39854705
0,0,0.26066583
0,0,0.3531796
0,0,0.37710246
0,0,0.42513385
0,1,0.5595314
0,0,0.13692449
0,0,0.48768482
0,0,0.39991647
0,1,0.7814359
1,1,0.8520996
0,0,0.08754346
0,0,0.17964523
0,0,0.44979864
0,0,0.37681144
0,0,0.35328647
0,0,0.3698423
0,0,0.23192863
0,0,0.039009813
0,0,0.28423136
0,0,0.13238533
0,0,0.3434446
0,0,0.13673936
0,0,0.34559408
0,0,0.27197343
0,0,0.34694144
0,0,0.12497235
0,0,0.18768442
0,0,0.34195727
0,0,0.45407352
0,1,0.6185843
0,1,0.7653022
0,0,0.31200063
0,0,0.06486821
0,1,0.7664388
0,0,0.26441878
0,0,0.4817553
0,0,0.24611984
0,0,0.023759874
0,0,0.40434703
0,1,0.6031933
0,1,0.5057575
0,0,0.07388359
0,0,0.25938758
1,1,0.83863866
0,1,0.5076146
0,1,0.54107296
0,0,0.18802746
0,0,0.38878855
0,0,0.1417789
0,0,0.14383245
0,0,0.3349241
0,1,0.6769478
0,0,0.061886404
0,0,0.4986029
0,0,0.120923966
0,0,0.08439078
0,0,0.19008173
0,0,0.28849742
0,0,0.48135698
0,0,0.22452515
0,0,0.25735196
0,1,0.7262899
0,1,0.5571112
1,0,0.38939974
0,0,0.39093754
0,0,0.037063863
0,0,0.12741978
1,1,0.9016426
0,0,0.19714761
0,0,0.13784316
0,0,0.37303865
0,1,0.7316976
0,0,0.25129944
0,0,0.30050278
0,1,0.65447956
1,1,0.6130659
0,0,0.44013035
0,0,0.26675737
1,1,0.8347225
0,1,0.65925103
0,0,0.29922652
0,1,0.5305095
0,1,0.8969203
0,0,0.3582482
0,0,0.14479545
0,0,0.081002705
0,0,0.46597156
0,0,0.32300818
0,0,0.4254124
0,1,0.5673403
0,0,0.08288893
0,0,0.28139034
0,0,0.34272122
0,0,0.2034052
0,1,0.7142378
1,0,0.49340916
0,0,0.48615548
0,0,0.23890391
0,0,0.1243582
0,1,0.6385973
0,0,0.18599686
0,0,0.016087033
0,0,0.47207296
0,0,0.21550204
1,1,0.55166054
0,0,0.47080582
0,1,0.5948219
0,0,0.059645988
0,0,0.20785585
0,1,0.5072709
0,1,0.5279143
0,0,0.24132195
0,1,0.5981183
0,0,0.082853556
0,1,0.75011283
0,0,0.17833276
0,1,0.63554335
0,1,0.58226174
0,0,0.44857973
0,1,0.67722243
0,1,0.5025486
0,1,0.50109696
0,1,0.75989515
0,1,0.51415926
0,0,0.36812297
0,0,0.2751819
1,1,0.9077604
0,0,0.17720686
0,0,0.27394077
0,0,0.15853448
0,1,0.56820685
0,0,0.100800924
0,0,0.06022533
0,0,0.28135368
0,1,0.6659999
0,0,0.21199727
0,0,0.21234617
0,0,0.24031289
0,0,0.3626226
0,0,0.21758494
0,1,0.7537067
0,1,0.6205007
0,1,0.57152385
0,1,0.5248743
0,1,0.65875465
0,1,0.51795924
0,0,0.2490348
0,1,0.5876377
0,0,0.4457882
0,0,0.23858917
0,0,0.2003291
0,0,0.45365867
0,1,0.524124
0,0,0.3563127
0,0,0.28741562
0,1,0.57399875
0,0,0.35368103
0,1,0.5262534
0,0,0.23784785
0,0,0.18179643
0,0,0.19571729
0,1,0.6723857
0,1,0.55494404
0,0,0.17676547
0,0,0.3499889
0,0,0.27340123
0,0,0.3436696
1,1,0.68889046
0,0,0.08496386
0,1,0.82838875
0,0,0.17661905
0,0,0.45195937
1,0,0.45430106
0,0,0.27060324
0,1,0.6620606
0,0,0.22941266
0,0,0.33254424
0,1,0.55805093
0,1,0.5649454
0,0,0.36985126
0,0,0.33748424
0,1,0.74582285
0,1,0.7239044
0,0,0.266978
0,0,0.110543005
0,0,0.24132168
0,0,0.49263537
0,1,0.73091936
0,0,0.22210346
0,0,0.17346762
0,0,0.46441513
0,0,0.43843815
0,1,0.59233147
0,1,0.8490879
1,1,0.6304648
1,0,0.22377577
0,0,0.42871648
0,0,0.26476774
0,0,0.3465017
0,0,0.306064
0,1,0.64705217
0,0,0.47768363
0,0,0.13865471
0,1,0.5044807
0,0,0.33059484
0,0,0.31611454
0,0,0.132605
0,1,0.5218065
0,0,0.19528845
0,0,0.29672194
0,1,0.826369
1,0,0.20773548
0,1,0.61400205
0,0,0.4571572
0,1,0.5773463
0,0,0.3819229
0,0,0.4543353
0,0,0.27773064
0,0,0.2828486
0,1,0.53474873
0,0,0.19879793
0,0,0.21770938
0,0,0.10779493
0,1,0.864788
0,1,0.76291203
0,0,0.08037003
0,1,0.71176255
1,1,0.57493126
0,1,0.6174837
0,1,0.7430973
0,1,0.6026393
0,1,0.64776134
0,0,0.19826502
0,0,0.3905184
0,1,0.6022424
0,0,0.24278112
0,1,0.8064268
0,1,0.58321196
0,1,0.55051494
0,1,0.73351634
0,0,0.43029085
0,0,0.32057735
0,0,0.40085572
0,1,0.5597324
0,1,0.5547693
0,1,0.61532956
0,0,0.40066624
1,1,0.8368496
0,0,0.4711634
0,0,0.36385545
0,0,0.26078242
1,1,0.57429874
0,1,0.8254511
0,0,0.31910384
0,0,0.39794382
0,0,0.15244812
0,0,0.48230314
1,0,0.4416576
1,1,0.813902
0,0,0.4557685
0,0,0.26843175
0,0,0.3492856
0,0,0.1750497
0,0,0.17092204
0,0,0.107526645
1,1,0.63943654
0,0,0.30368006
0,0,0.15075324
0,0,0.21251369
0,1,0.61866987
0,0,0.45326647
0,0,0.2117007
0,0,0.4739708
0,0,0.14534882
1,1,0.7723374
0,0,0.14191096
0,0,0.21393834
1,0,0.43729877
0,0,0.27537715
0,0,0.27296546
0,0,0.24991134
0,0,0.29585144
0,1,0.82748413
0,1,0.5874609
0,0,0.21806894
0,0,0.45957795
0,0,0.25234205
0,0,0.43663585
0,1,0.59481466
0,0,0.24367915
0,0,0.19776945
0,0,0.44171357
0,0,0.25929424
0,1,0.67141455
0,0,0.3385595
0,0,0.36453417
0,1,0.72279334
0,0,0.35343406
0,0,0.2795253
1,0,0.28337556
0,0,0.464031
0,0,0.07720436
1,1,0.8122535
0,0,0.33273903
0,0,0.13877904
0,0,0.38775465
0,0,0.29903364
0,1,0.64592147
0,0,0.41354296
0,0,0.15604222
0,0,0.2778791
0,0,0.29979175
0,1,0.65590626
0,1,0.75034297
0,0,0.37361103
0,0,0.4236
0,0,0.16059607
0,0,0.29206964
0,1,0.5624295
0,0,0.19582014
0,0,0.18204619
0,0,0.09126314
0,0,0.33703685
1,0,0.27579752
0,1,0.5765307
0,0,0.17204377
0,0,0.3698476
0,0,0.05251125
0,1,0.6636664
0,1,0.5347344
0,0,0.39376107
0,1,0.52474904
0,1,0.58688974
0,0,0.24287778
0,0,0.15300676
0,1,0.6478483
0,0,0.35157797
0,0,0.29946196
1,1,0.5155171
0,1,0.6172719
0,1,0.67369616
1,0,0.34087145
0,0,0.43724254
0,1,0.7527744
0,1,0.5710578
0,0,0.23468803
0,0,0.48559764
1,1,0.8180129
0,0,0.29869547
1,1,0.7121592
0,0,0.054882318
0,1,0.5821151
1,1,0.52739716
0,0,0.3166326
0,1,0.5138439
1,1,0.52818936
0,0,0.4035729
0,0,0.030876644
0,0,0.2940954
0,1,0.5114666
1,0,0.3450598
0,0,0.27419192
0,1,0.79675514
0,0,0.2413647
0,0,0.25158188
0,0,0.08867391
0,1,0.517677
0,0,0.19684209
0,0,0.10103163
0,0,0.47848785
0,0,0.3858212
0,0,0.107293844
0,1,0.5054321
1,1,0.50074375
0,0,0.22404066
1,1,0.60805494
0,0,0.17821573
0,0,0.27444667
0,0,0.13224155
0,0,0.19051103
0,0,0.3268531
0,0,0.4925814
0,0,0.47864643
0,0,0.33193853
0,0,0.19285376
0,0,0.45508683
0,0,0.20629531
0,0,0.1785521
0,1,0.9047031
0,0,0.4721829
0,1,0.7810541
0,0,0.35187906
1,0,0.47193128
0,1,0.5782443
0,0,0.2193707
0,0,0.28810105
1,1,0.61638874
0,0,0.05840984
0,0,0.2881336
0,1,0.6239179
0,1,0.5682558
0,0,0.29753077
0,0,0.26507407
0,0,0.14865142
0,0,0.16803187
0,1,0.7063378
0,1,0.52643514
0,0,0.23720734
0,0,0.42694867
0,1,0.69574124
0,1,0.6713864
0,0,0.18803586
0,0,0.49264017
0,0,0.43120825
0,0,0.28812745
0,0,0.33535022
0,0,0.47574845
0,0,0.14243223
0,0,0.34769872
0,0,0.2964236
0,0,0.3595291
0,1,0.7283582
0,0,0.1057146
0,0,0.28366542
1,1,0.5687216
0,0,0.23119614
0,1,0.5958389
0,0,0.3290877
0,0,0.29066247
0,0,0.10367713
0,0,0.49964252
0,1,0.735747
0,1,0.53776944
1,1,0.886664
0,0,0.35872126
0,1,0.5559836
0,0,0.33003205
1,1,0.576423
0,1,0.7787971
0,0,0.25472286
0,1,0.5122459
0,0,0.17069526
0,0,0.2751002
0,0,0.25688076
0,0,0.3759332
0,1,0.6693225
0,0,0.15349747
0,1,0.6980614
0,0,0.28771925
0,0,0.45209324
0,0,0.22331852
0,0,0.09164349
0,0,0.06686019
0,0,0.43681967
0,0,0.07639929
0,0,0.10919591
0,0,0.41301194
0,0,0.20841509
0,1,0.54118294
0,0,0.226088
0,0,0.14435987
0,0,0.35688436
0,0,0.4971441
0,0,0.379161
0,1,0.5816908
0,0,0.25312072
0,1,0.5183583
0,0,0.3920675
0,0,0.47724968
0,0,0.16450506
0,0,0.28125256
0,0,0.28151882
0,0,0.35144496
0,0,0.47866106
0,0,0.1378472
0,0,0.3060208
0,0,0.12546021
0,0,0.15020628
1,1,0.8130333
0,0,0.17347789
0,0,0.47496352
0,1,0.54287785
1,0,0.38566816
0,0,0.1512264
0,0,0.4526536
0,0,0.376458
0,0,0.19808887
0,0,0.32609728
0,1,0.7959696
0,0,0.48450062
0,0,0.12842397
0,1,0.6812586
0,0,0.17857948
0,0,0.13872413
0,1,0.5131763
0,0,0.14188506
0,0,0.17777124
0,1,0.68893164
0,0,0.13412835
0,1,0.80159974
1,1,0.73286635
0,0,0.23963015
1,1,0.7936859
0,0,0.40704516
0,1,0.5410008
0,1,0.59161204
0,1,0.5902211
0,0,0.18127179
0,0,0.25459296
0,1,0.69551516
0,1,0.5634682
0,0,0.40032566
0,0,0.188992
1,0,0.34819776
0,0,0.43730116
0,0,0.43907914
0,1,0.5287543
0,0,0.20666218
0,1,0.7319124
0,0,0.16386312
1,1,0.5928033
0,0,0.27219367
0,0,0.20628019
0,0,0.28134316
0,0,0.35799682
0,0,0.3539655
0,0,0.21856731
0,1,0.5817261
0,0,0.3812413
0,0,0.39522165
0,0,0.41865447
0,0,0.43251422
0,1,0.6378529
0,0,0.17346227
0,0,0.43411475
0,0,0.20418067
0,0,0.16714093
0,1,0.50032425
0,1,0.7272305
0,0,0.2561532
0,1,0.6630895
0,0,0.19240338
0,0,0.2716
0,1,0.54505783
0,0,0.31220266
1,1,0.79362905
0,1,0.5092288
0,0,0.091589265
1,0,0.4598412
0,0,0.21660864
0,1,0.5857406
0,0,0.4439753
0,1,0.73509276
0,0,0.17423756
0,0,0.40163165
0,1,0.511093
1,0,0.43271515
0,1,0.5415131
0,0,0.2885099
0,0,0.3847612
0,1,0.55298376
0,1,0.70597583
0,0,0.326784
0,0,0.20536588
0,1,0.59921324
0,1,0.55433387
0,0,0.19444326
0,0,0.29353344
0,1,0.5790308
0,0,0.4965049
0,0,0.107318975
0,0,0.22743389
0,0,0.22138846
0,0,0.12846924
1,0,0.34655145
0,0,0.342997
0,1,0.69934523
0,0,0.3026553
0,1,0.6648185
0,0,0.3737649
0,0,0.47583103
0,0,0.2251398
0,0,0.14636089
1,1,0.65613765
0,1,0.5197398
1,0,0.31826115
0,0,0.11510743
1,0,0.40740243
0,0,0.42087469
0,0,0.27941042
0,0,0.24679257
0,1,0.55925214
0,0,0.14744392
0,0,0.17998901
0,0,0.43847233
0,0,0.45468533
0,0,0.44053048
0,0,0.18935224
0,0,0.262829
0,0,0.37504408
0,0,0.2466107
0,0,0.27120754
0,0,0.21931133
0,0,0.49683082
0,0,0.13548769
0,0,0.40418628
0,0,0.11075564
0,1,0.5383918
0,1,0.78315544
0,0,0.10506581
0,0,0.4220927
0,0,0.07117998
0,0,0.19228815
0,0,0.08508334
0,1,0.57057565
0,0,0.12074839
0,0,0.061883554
0,1,0.6905208
0,1,0.6520749
0,1,0.56696165
0,0,0.1293542
0,0,0.34804034
0,0,0.27371907
0,0,0.473555
0,1,0.684753
0,0,0.34972152
0,1,0.5298466
0,1,0.6492251
1,1,0.527578
0,1,0.6524768
0,0,0.19336878
0,0,0.4216586
0,0,0.4928164
0,0,0.1333253
0,0,0.21307953
0,0,0.21919133
0,0,0.3014376
0,0,0.16826577
0,0,0.13205579
0,0,0.24386087
0,0,0.44164133
0,0,0.3374013
0,0,0.18811055
0,0,0.27496886
0,0,0.4458978
0,0,0.36437583
0,0,0.12016696
0,1,0.7943185
0,0,0.48269224
0,0,0.16000506
0,0,0.39473617
0,0,0.39134687
0,0,0.26409054
0,0,0.44343928
0,0,0.19345334
0,1,0.5148567
0,0,0.042718697
0,1,0.5598353
0,1,0.71102506
0,0,0.20705749
0,1,0.56079113
0,0,0.32936457
0,1,0.58481425
0,0,0.24585368
0,0,0.40165707
0,0,0.49941948
0,1,0.82823646
0,0,0.447909
0,1,0.7064836
1,1,0.8904808
0,1,0.66536266
0,0,0.28700748
0,1,0.63129324
0,0,0.21442601
0,1,0.5232989
0,1,0.61344975
0,0,0.253256
0,0,0.24734159
0,0,0.30312392
0,0,0.45983717
0,0,0.28037056
0,1,0.53399426
0,0,0.40254238
0,0,0.22901158
0,0,0.038758814
0,1,0.6887725
0,1,0.5977737
1,0,0.49997526
0,0,0.24985066
0,0,0.1830728
1,1,0.5152406
0,0,0.1839246
0,0,0.31539795
0,0,0.26117805
0,1,0.6027032
0,0,0.19545867
0,0,0.41514635
0,0,0.32514444
1,1,0.68796945
0,0,0.24003059
0,1,0.58207583
0,0,0.39106223
0,1,0.616495
1,1,0.6051153
0,0,0.3270864
0,1,0.7691169
0,1,0.5466934
0,0,0.28398564
0,1,0.5473826
0,0,0.4338033
0,1,0.6035182
0,1,0.518273
0,1,0.5039135
0,0,0.34514153
0,0,0.11611188
0,0,0.06641562
0,0,0.25168422
0,1,0.5668016
0,1,0.63527364
0,0,0.23623525
0,0,0.36335889
0,0,0.4295143
0,1,0.6323193
0,0,0.39251426
0,0,0.34035283
0,1,0.8764424
0,0,0.21527077
0,1,0.52222604
0,0,0.16366735
0,1,0.6818196
0,1,0.52257615
0,1,0.730329
0,0,0.22418262
0,1,0.547266
0,0,0.23764543
0,0,0.29007396
0,0,0.2567822
0,0,0.33701175
0,1,0.50379217
0,1,0.70530355
0,1,0.59272444
0,0,0.27735522
0,0,0.282931
0,0,0.22192928
0,0,0.23564157
0,0,0.40090314
0,0,0.16838317
0,0,0.15976703
0,0,0.38847658
0,0,0.18289293
0,0,0.38853303
0,1,0.5121539
0,0,0.26550287
0,0,0.2055804
0,1,0.56191224
0,0,0.311962
0,0,0.35703406
0,1,0.70332015
0,0,0.47909027
0,1,0.70717305
0,0,0.31467268
0,0,0.23548779
0,0,0.2501021
0,0,0.062399283
0,0,0.20595029
0,0,0.1259515
0,0,0.2838982
0,0,0.37323278
0,0,0.28850973
0,1,0.56724703
0,0,0.08281833
0,0,0.2625813
0,0,0.12094205
0,0,0.22588658
0,0,0.39351815
0,0,0.16932474
0,0,0.48434412
0,1,0.5657439
0,0,0.31914893
0,0,0.07628755
0,1,0.76903754
0,0,0.2231395
0,0,0.32981178
0,0,0.44545126
0,0,0.30593675
0,1,0.5648795
0,1,0.51445365
0,0,0.28036323
0,0,0.41654655
0,0,0.10222954
0,0,0.39189065
0,0,0.21563303
0,0,0.18066843
0,0,0.24701431
0,0,0.21506445
0,1,0.57250744
0,0,0.28220356
0,1,0.5916355
0,1,0.5480837
1,0,0.47171447
0,0,0.44532937
0,0,0.38293406
0,1,0.6832849
0,0,0.28675756
0,0,0.20929071
0,0,0.2437988
0,0,0.22491266
0,0,0.08043526
0,0,0.34437388
0,1,0.69431233
0,0,0.17563443
0,0,0.26633382
0,0,0.3592975
1,1,0.57719636
0,0,0.1797141
0,0,0.33627364
0,0,0.49811393
0,0,0.07783194
0,1,0.71903753
0,0,0.12764618
0,1,0.6365705
0,0,0.31660515
0,0,0.06842955
0,0,0.29535827
0,0,0.19626682
1,1,0.6921167
0,0,0.27413517
1,1,0.57495606
0,0,0.33957553
0,0,0.16337366
0,0,0.1618472
0,1,0.7423379
0,1,0.68886
0,0,0.12639794
0,1,0.5153863
0,0,0.17395152
0,0,0.06021432
0,1,0.65540946
0,0,0.3932897
0,0,0.4798065
0,1,0.7465667
0,0,0.38559568
0,0,0.25149927
0,0,0.42536423
0,0,0.15740398
0,0,0.09603892
0,0,0.43281624
0,0,0.4204483
0,0,0.17035903
0,1,0.59857965
0,0,0.12848099
0,1,0.52124596
1,1,0.91625583
1,1,0.89633334
0,1,0.6568087
0,1,0.611349
0,0,0.24586664
0,0,0.26835424
0,0,0.15707687
0,0,0.29884082
0,0,0.40164858
0,0,0.15947826
0,0,0.4014404
0,0,0.11749356
0,0,0.30864337
0,1,0.6478046
1,1,0.53758436
0,0,0.3430978
1,0,0.2724343
0,0,0.4619209
0,0,0.29098684
0,0,0.17754754
0,0,0.2836582
0,1,0.67151856
0,0,0.14961517
0,0,0.1089929
0,0,0.08981351
0,0,0.13316672
0,0,0.4657339
0,1,0.7738086
0,1,0.7556957
0,1,0.5628018
0,0,0.43108585
0,0,0.27056226
0,1,0.6360215
0,0,0.18834853
0,0,0.09712618
0,1,0.72101295
0,1,0.5791896
0,0,0.21864802
0,0,0.48147875
1,1,0.6017507
0,0,0.3245845
0,1,0.55913174
0,0,0.16072322
0,0,0.1886024
0,1,0.6566619
0,1,0.5761239
0,1,0.76689637
0,0,0.30187044
0,1,0.76462513
0,0,0.24568863
0,1,0.50134575
0,0,0.49238706
0,1,0.63713473
0,1,0.66487044
0,0,0.23880418
0,0,0.34452695
0,0,0.37380445
0,0,0.1341034
0,0,0.44934434
0,0,0.22344474
0,0,0.2630377
0,0,0.1471033
0,0,0.17012027
1,0,0.10320647
0,0,0.4819788
0,1,0.7065531
0,0,0.30721334
1,1,0.76783115
0,0,0.45748132
0,0,0.40678617
0,0,0.33771092
0,1,0.576559
0,0,0.23604755
0,0,0.17317344
0,0,0.19769013
0,0,0.10474848
0,0,0.21324001
0,0,0.3077225
0,0,0.14880824
0,0,0.25125355
0,1,0.6458313
0,1,0.5977138
0,1,0.55830896
0,1,0.5150717
0,1,0.5130871
0,0,0.46410033
0,0,0.181281
0,0,0.1391203
0,0,0.38867533
1,1,0.5223041
0,0,0.49535224
0,0,0.10940255
0,0,0.21373434
0,1,0.81563056
0,0,0.24609244
0,1,0.6124952
0,0,0.41427147
0,0,0.3723042
0,0,0.39745045
0,0,0.3369414
0,0,0.2665846
0,0,0.13508303
1,0,0.46763965
0,0,0.46005157
0,0,0.2476498
0,1,0.6295364
0,1,0.62114465
0,0,0.40997267
0,0,0.39959848
0,0,0.24861024
0,0,0.24428625
0,0,0.273579
0,0,0.24795257
0,1,0.75704837
0,0,0.1365128
0,1,0.57212174
0,0,0.20217247
0,0,0.45498034
0,1,0.67465144
0,1,0.60917497
0,1,0.51217616
0,0,0.29112947
0,0,0.050133456
0,0,0.16635865
0,0,0.21022989
0,1,0.62377626
0,1,0.68659776
0,0,0.3527884
0,0,0.18251127
0,0,0.3150751
0,0,0.41314265
0,0,0.25137144
0,0,0.22550404
0,0,0.18722609
0,0,0.40919682
1,1,0.5288964
0,0,0.4121951
0,0,0.22457896
1,0,0.3639552
0,1,0.6879945
0,0,0.2726761
0,0,0.32404375
0,0,0.2838415
0,0,0.33876613
1,1,0.54081154
0,0,0.41330424
0,0,0.43211326
0,0,0.33114648
0,0,0.24621569
0,1,0.7018517
0,0,0.09123801
0,0,0.17282233
0,0,0.48083583
0,0,0.11520104
0,0,0.18373863
0,1,0.64927536
0,0,0.18286891
0,0,0.245015
0,0,0.2891494
0,1,0.7822415
0,0,0.38446313
0,0,0.31010213
0,1,0.58286375
0,0,0.39162657
0,1,0.62688994
0,0,0.4278361
1,1,0.9112168
0,0,0.23803623
0,0,0.16972981
0,0,0.32996547
0,0,0.20123646
0,0,0.19157676
1,1,0.5685204
0,0,0.22346582
0,0,0.35180402
1,1,0.51814
0,0,0.29298586
0,1,0.5683048
0,0,0.4046869
0,0,0.4057663
1,0,0.12501341
0,1,0.68524355
0,0,0.15543061
0,0,0.3378675
0,0,0.49338207
0,1,0.6280393
0,0,0.42231882
0,0,0.4066149
0,1,0.60581005
0,0,0.3374269
0,0,0.46739253
0,1,0.6854076
0,1,0.64191204
1,1,0.56723964
0,0,0.3631223
0,1,0.6036313
1,1,0.8862601
0,0,0.06439326
0,0,0.16092104
0,0,0.10608552
0,1,0.7066914
0,0,0.4329927
0,0,0.23042624
0,0,0.21664777
0,0,0.20692126
0,0,0.23480476
0,0,0.26963076
0,0,0.3203485
0,1,0.66333866
0,0,0.1832169
0,1,0.57698005
0,0,0.08101611
0,0,0.48009256
0,0,0.20782737
0,0,0.3479836
1,1,0.91108704
0,0,0.2113793
0,0,0.30494168
0,1,0.6961486
0,0,0.45503044
0,0,0.1847553
1,1,0.7990966
0,0,0.39866593
0,0,0.45442542
0,0,0.26913726
0,1,0.6113786
0,0,0.20814867
0,0,0.18514253
0,1,0.8428787
0,0,0.15009475
0,1,0.5784603
0,0,0.36680123
0,0,0.39870512
0,0,0.26023513
0,0,0.14681515
0,0,0.19057237
0,1,0.6035971
0,1,0.54350954
0,0,0.47346798
0,1,0.5108876
0,0,0.11051085
0,1,0.70974725
0,1,0.73203534
0,0,0.29014742
0,0,0.339146
0,0,0.21656306
0,1,0.5428387
0,0,0.25197527
0,1,0.62229496
0,1,0.5842942
0,0,0.0812529
0,1,0.7203301
0,1,0.7131824
0,0,0.4433397
0,1,0.6226945
0,0,0.21438389
0,0,0.40748417
0,1,0.6300345
0,0,0.39022735
0,1,0.86184865
0,0,0.49156862
0,0,0.362426
0,0,0.27368432
0,0,0.16530558
0,0,0.17609535
0,1,0.71070737
0,1,0.5178416
0,0,0.27235472
0,1,0.56343555
1,1,0.59965503
0,1,0.5609168
0,1,0.53789425
1,1,0.5413569
0,0,0.23270589
0,0,0.24139768
0,1,0.5168567
0,0,0.35695037
0,0,0.26225755
0,0,0.45053348
0,1,0.6778393
0,1,0.8257577
0,0,0.3199583
0,0,0.44581783
0,1,0.50319064
0,1,0.59638447
0,0,0.21213359
0,0,0.23605317
0,0,0.28415594
0,0,0.13369921
0,0,0.10091151
1,0,0.49337682
0,0,0.36161888
0,0,0.107541844
0,0,0.39848265
0,1,0.72445077
0,0,0.15973227
0,0,0.32865974
0,0,0.3337305
0,0,0.14918129
0,1,0.5810707
0,0,0.19987564
0,0,0.28815037
0,0,0.1670015
0,0,0.35076082
0,1,0.56773627
0,0,0.1341439
0,0,0.18007794
0,1,0.63145375
0,0,0.3405394
0,0,0.38996264
1,1,0.5524016
0,0,0.14044449
0,0,0.15045567
0,0,0.48506817
0,0,0.3968496
0,0,0.28050274
0,0,0.34900838
0,0,0.24467705
0,0,0.48165083
0,1,0.88263386
0,0,0.31669268
0,0,0.43016565
0,0,0.28634706
0,0,0.12643628
0,1,0.54724836
0,0,0.39291048
0,1,0.57569164
1,1,0.86258286
0,0,0.24313958
0,0,0.34690106
0,0,0.4723626
0,0,0.23851676
0,0,0.25287974
0,1,0.58103144
0,0,0.18305677
0,0,0.11709173
0,0,0.27369845
0,0,0.25605407
0,1,0.55150586
0,0,0.16990158
0,0,0.39578557
0,0,0.23098595
1,1,0.8597067
0,0,0.045396946
0,0,0.2427954
0,0,0.22408558
0,1,0.64719254
0,0,0.20314996
0,0,0.38089544
0,0,0.41298512
0,0,0.33603597
0,0,0.43842503
0,0,0.32355723
0,0,0.18868418
0,0,0.1892633
0,0,0.12095597
1,1,0.7603731
0,0,0.23476826
0,0,0.20917106
0,0,0.30241296
0,0,0.27130672
0,0,0.26059535
0,0,0.05231109
0,0,0.20485754
0,0,0.31503
0,0,0.43232608
0,0,0.39299962
0,0,0.18139009
0,0,0.35345295
0,1,0.58290493
0,0,0.32387224
0,1,0.5691701
0,0,0.20576464
1,1,0.57545626
0,0,0.44580665
0,0,0.349515
0,0,0.44265154
0,0,0.2767405
0,0,0.18181655
1,1,0.74769413
0,1,0.5041277
1,0,0.4029172
0,1,0.52342343
0,1,0.7313885
0,1,0.5988822
1,1,0.5269402
0,0,0.13323043
0,0,0.16461426
0,1,0.6981092
0,1,0.5285585
1,1,0.80553836
0,1,0.7323611
0,0,0.31806844
0,1,0.6148011
0,1,0.58524567
0,0,0.26836643
0,0,0.4700402
0,1,0.59632015
0,0,0.27100584
0,0,0.41446483
0,0,0.3933482
0,0,0.3157313
0,0,0.12742957
0,1,0.5742243
0,1,0.7160882
0,0,0.11278524
0,0,0.39261872
0,0,0.48642543
0,0,0.48879358
0,0,0.31160986
0,0,0.12971656
0,0,0.2440403
0,1,0.69245076
0,0,0.3501003
1,1,0.8144387
0,1,0.54585886
0,0,0.3706525
0,1,0.5688622
0,0,0.33693382
0,0,0.14484172
0,0,0.19265798
0,0,0.41834638
0,0,0.38602418
0,0,0.16150427
0,0,0.49408123
0,1,0.81876117
0,1,0.53534263
1,0,0.22813095
0,0,0.290625
0,0,0.16207215
0,0,0.0802332
0,0,0.33031768
1,1,0.5723288
0,0,0.24739122
0,0,0.28082472
0,1,0.70544875
0,0,0.26085696
0,1,0.52772605
0,1,0.7251189
0,1,0.6214921
0,0,0.22124937
0,0,0.22059277
0,0,0.1900422
0,0,0.2405132
1,1,0.6472959
0,0,0.07430917
0,0,0.4162395
0,1,0.69725597
0,0,0.1003492
0,0,0.36511388
0,0,0.21543097
0,0,0.33740056
0,0,0.29610747
0,1,0.5172963
0,0,0.14122097
0,0,0.16383103
1,0,0.3629451
0,0,0.2640231
0,0,0.43009037
0,0,0.3415556
0,0,0.19224022
1,1,0.6860675
0,0,0.25652412
0,0,0.4595646
0,0,0.3452828
1,1,0.7882222
0,1,0.5434
0,0,0.42094707
0,0,0.16247182
0,0,0.3228694
1,1,0.7328327
0,1,0.5300071
0,0,0.2569782
0,1,0.5450277
0,0,0.26940092
0,0,0.36207512
0,0,0.41615123
0,1,0.616435
1,0,0.27315822
0,0,0.30657178
0,0,0.19688362
0,0,0.25194013
0,0,0.474795
1,1,0.6204426
0,0,0.16898559
0,0,0.22383255
0,0,0.3097449
0,0,0.056737717
0,0,0.30778658
0,0,0.48025185
0,0,0.4638865
0,0,0.49599883
0,0,0.08948582
0,0,0.22912866
0,0,0.31602105
0,1,0.5377467
0,1,0.64239216
0,0,0.103035584
0,0,0.44597566
0,1,0.6015869
0,1,0.50997984
0,0,0.38250172
1,0,0.39683476
0,0,0.33295587
0,1,0.5164104
0,1,0.7675548
1,1,0.71365553
0,0,0.22644046
0,0,0.41392332
0,0,0.42874444
0,0,0.3189275
0,1,0.5113037
0,0,0.45700547
0,1,0.5778477
0,0,0.3568285
0,0,0.20792733
0,1,0.74251235
0,0,0.28283828
0,0,0.26285368
0,0,0.36345217
0,0,0.3595044
0,1,0.57579875
0,0,0.45081612
0,0,0.4471605
0,0,0.22878957
0,1,0.70706385
1,0,0.40909535
0,0,0.3363878
0,0,0.2780172
0,1,0.65679187
0,1,0.59277457
0,0,0.3857716
0,0,0.20489937
0,1,0.6262608
0,0,0.09922361
0,0,0.34354028
1,0,0.4675221
0,1,0.6313426
0,1,0.7685883
0,0,0.14782497
0,1,0.6764849
0,0,0.3041934
0,1,0.6191954
0,0,0.3017938
0,1,0.5599725
0,0,0.38554615
0,1,0.70518583
0,0,0.25254807
0,0,0.053264666
0,0,0.29600054
1,1,0.837058
0,0,0.36116347
0,0,0.057810597
0,0,0.24612354
0,1,0.50530034
0,0,0.15371096
0,0,0.2929022
0,0,0.09046413
0,0,0.38800645
0,0,0.32646224
0,0,0.10004472
0,1,0.624729
0,0,0.31751475
0,1,0.5076389
0,0,0.3752048
0,0,0.39287356
0,0,0.1708017
0,0,0.4999205
1,0,0.25544178
0,0,0.089668445
0,0,0.09830632
1,0,0.26221436
0,0,0.20246778
0,0,0.2592264
0,0,0.39601955
0,1,0.6043536
0,0,0.13801146
1,0,0.4783644
1,1,0.539974
0,0,0.068220705
0,0,0.36301935
0,0,0.33647877
0,1,0.7253942
0,1,0.553828
0,0,0.37483662
0,0,0.30988756
0,0,0.35028213
0,0,0.17473194
0,1,0.50883776
1,1,0.64327914
0,1,0.6780799
1,0,0.33262926
0,0,0.47721535
0,0,0.43954316
0,0,0.40511835
0,0,0.23060228
0,1,0.5744751
0,1,0.6323879
0,0,0.20451236
0,0,0.4566564
0,0,0.13519719
1,0,0.11247994
1,1,0.5807961
1,1,0.81736976
0,0,0.21264783
0,1,0.79890394
0,1,0.5592961
0,0,0.34226066
0,1,0.51646096
0,1,0.5341134
0,1,0.7248635
0,0,0.20630027
0,0,0.18957959
0,0,0.424782
0,0,0.3239758
0,0,0.039337393
0,0,0.25708202
0,1,0.7580739
0,0,0.0794553
0,1,0.83517677
0,0,0.09274379
0,0,0.16568932
0,1,0.5180076
0,0,0.45156687
0,1,0.7242553
0,0,0.09806709
0,0,0.18913972
0,0,0.2420887
0,1,0.77040315
0,1,0.6717478
0,0,0.29680523
0,0,0.070942864
0,0,0.28529963
0,0,0.1711859
1,0,0.26670477
0,1,0.75020915
0,0,0.39450562
0,0,0.12489325
0,0,0.29232803
0,0,0.27736974
0,1,0.7337403
0,1,0.5575611
0,0,0.10094452
0,0,0.25236678
0,0,0.41957307
0,1,0.5504526
1,1,0.78632116
0,1,0.5865684
0,0,0.32379407
0,0,0.10964324
0,0,0.18373989
0,0,0.08302651
0,0,0.1302338
0,0,0.14639701
0,1,0.7350965
0,0,0.39947724
0,0,0.36627528
0,0,0.40200862
0,1,0.6409468
0,0,0.4967654
0,0,0.16319704
0,0,0.31928492
0,0,0.1804409
0,0,0.19029605
0,0,0.08157953
0,1,0.67375344
0,1,0.84532434
0,0,0.33980912
0,0,0.39026627
0,0,0.35055393
0,1,0.52202547
0,0,0.42132467
0,0,0.41575742
0,1,0.71849424
0,1,0.641729
0,0,0.20571737
0,0,0.104610376
0,1,0.5329515
0,0,0.21173127
0,0,0.30063546
0,0,0.23147495
0,0,0.4916293
0,0,0.29289
0,0,0.171306
0,0,0.4218135
0,0,0.39675993
0,0,0.28501824
0,0,0.3596973
0,0,0.36783814
0,0,0.3433403
0,0,0.09331195
0,0,0.3846516
0,0,0.15445365
0,1,0.5383658
0,0,0.21711478
1,0,0.2907456
0,0,0.123943776
0,0,0.34855908
0,0,0.085247055
0,0,0.48970068
0,0,0.27104643
0,1,0.5832124
1,0,0.46336612
0,1,0.8523691
0,0,0.23594481
0,1,0.7860296
0,0,0.32458928
0,0,0.2495844
0,0,0.21394368
0,0,0.1961567
0,1,0.6360233
0,0,0.3180533
0,0,0.088917956
0,0,0.408827
0,1,0.664052
0,0,0.1045113
0,1,0.62212795
0,0,0.15152444
0,0,0.47162732
0,0,0.11420019
0,1,0.80995864
0,1,0.64280975
0,0,0.40724018
0,0,0.36008877
0,1,0.7141344
0,0,0.46220687
1,1,0.67896205
0,1,0.74017406
0,1,0.5538515
1,1,0.6321542
0,1,0.5832736
0,0,0.33180755
0,0,0.4038871
0,1,0.5909898
0,0,0.051456016
0,1,0.53097886
0,0,0.3705551
0,0,0.43035674
0,0,0.16467679
0,0,0.49755678
0,0,0.13559145
0,0,0.24844469
0,0,0.33609757
0,0,0.31178546
1,1,0.6175634
1,1,0.57228374
0,0,0.10624769
1,0,0.33727756
0,0,0.45411757
0,1,0.70797193
0,1,0.57567674
0,0,0.37015787
0,0,0.103510045
0,0,0.16360745
0,0,0.3576759
0,0,0.1849413
0,0,0.21415432
0,0,0.20647673
0,0,0.49084592
0,1,0.6160324
0,0,0.082556255
0,1,0.59463453
0,0,0.2615851
0,1,0.58385026
0,0,0.3068689
0,0,0.32656968
1,0,0.42576078
0,1,0.5435901
0,0,0.4951159
0,1,0.7143874
0,1,0.62058485
0,1,0.8006764
0,0,0.30945772
0,1,0.78526044
0,0,0.3616338
0,0,0.32256246
0,0,0.295194
0,1,0.55096686
0,1,0.7934602
1,1,0.8852968
0,0,0.08384147
0,1,0.6227802
0,1,0.7802922
0,1,0.9032314
0,1,0.71148473
0,0,0.15160869
0,0,0.42715272
0,0,0.4334368
0,0,0.39647508
0,0,0.28089103
1,1,0.8978943
0,0,0.3082775
0,0,0.21540585
0,0,0.40369487
0,1,0.7153274
0,1,0.60057586
0,0,0.25732166
0,0,0.3720239
1,0,0.35193056
0,0,0.4852038
1,1,0.8833125
0,0,0.3948037
0,0,0.095993705
0,0,0.2524337
0,0,0.19037507
0,1,0.51757485
0,0,0.42739317
1,0,0.3734648
0,0,0.35454288
0,1,0.57844234
0,1,0.5043886
0,0,0.44719276
0,0,0.31031236
0,0,0.17087667
1,1,0.71246064
0,0,0.347649
0,0,0.27523106
0,0,0.30525523
0,0,0.29852313
0,1,0.75930995
0,0,0.29995736
0,0,0.37074715
0,0,0.14415325
0,0,0.2187212
0,0,0.4382244
0,0,0.34709445
0,0,0.34528217
1,1,0.80230606
0,0,0.2759881
0,1,0.68361837
0,0,0.10982133
0,0,0.121692024
0,1,0.628782
0,0,0.20638295
1,1,0.7094191
0,0,0.1959762
0,0,0.2658269
0,0,0.39389354
0,0,0.429949
0,0,0.38776875
0,0,0.3743778
0,0,0.2137691
1,1,0.66858864
0,0,0.30971137
0,0,0.4506986
0,0,0.28431743
0,1,0.5761159
0,0,0.26262903
0,0,0.27653497
0,0,0.19428828
0,0,0.44968012
0,0,0.36553276
0,0,0.31015465
0,0,0.3239593
0,0,0.3021087
0,1,0.7462522
0,0,0.30003616
0,0,0.38796246
0,0,0.23274975
0,1,0.78716636
0,0,0.345149
0,0,0.1943375
0,0,0.3217103
0,1,0.66817164
0,0,0.062063333
0,0,0.43526995
0,0,0.19298841
0,0,0.08610818
0,1,0.62803423
0,0,0.39489108
0,0,0.30279845
1,1,0.72084135
0,0,0.22055583
0,0,0.08999334
0,1,0.64625835
0,0,0.26824695
0,1,0.65013486
0,0,0.41370717
0,0,0.33340457
1,1,0.5480858
0,0,0.23512265
0,0,0.099869825
0,1,0.5456824
0,1,0.62495434
0,0,0.05654695
0,0,0.28603268
0,0,0.25695306
0,0,0.37010658
0,1,0.5948503
0,1,0.5832005
1,0,0.3154859
0,0,0.22246219
0,1,0.5722749
0,0,0.27806613
0,1,0.72208256
0,0,0.37583134
0,0,0.29362985
0,1,0.56693804
0,0,0.29787755
0,0,0.17635888
0,0,0.07620284
1,0,0.28608897
0,0,0.28840202
0,0,0.25575534
0,0,0.4013556
0,1,0.7047882
0,0,0.18826222
0,0,0.096507974
0,1,0.758494
0,0,0.24378133
0,1,0.5543098
0,0,0.18349072
0,0,0.3077789
0,1,0.7590411
0,0,0.36541167
0,0,0.3725835
0,1,0.5120918
0,0,0.18636957
0,0,0.17637819
0,0,0.39851665
0,0,0.28927884
0,1,0.87059665
0,0,0.15546241
0,0,0.35245678
0,0,0.27613273
1,1,0.60078377
0,0,0.13248143
0,0,0.49955884
0,1,0.5257884
0,0,0.21577178
0,0,0.302361
0,1,0.9138293
0,0,0.36280802
0,0,0.32828584
0,0,0.40897775
0,0,0.457339
0,0,0.461041
0,0,0.31851083
0,0,0.14043118
0,0,0.38460335
0,0,0.2553123
0,0,0.23200701
0,0,0.34263802
0,0,0.40405276
0,1,0.54287034
0,0,0.46025804
0,0,0.26947436
1,1,0.6011627
0,0,0.20002775
0,0,0.46085316
0,1,0.56434494
0,1,0.7355892
0,1,0.5018275
0,0,0.32505965
0,1,0.87182385
0,0,0.33492646
0,0,0.23780005
0,0,0.3145014
0,1,0.8050228
0,0,0.39757377
0,0,0.10752313
0,0,0.36920974
0,0,0.17431656
0,0,0.44701335
0,1,0.5886013
0,0,0.32102758
0,0,0.15908323
0,1,0.63257074
1,0,0.19593364
0,0,0.22256863
0,0,0.26474985
0,0,0.12192667
1,0,0.25709274
0,0,0.19213094
0,0,0.34746745
0,0,0.21661392
0,0,0.47593665
0,0,0.3899535
0,1,0.6564156
0,0,0.33618322
0,0,0.14098793
0,0,0.2222413
0,0,0.3699606
0,1,0.5476892
0,1,0.703147
0,0,0.47081432
0,0,0.09951457
1,1,0.8375281
0,1,0.567174
0,1,0.5614257
0,0,0.46991843
0,0,0.37233752
0,0,0.34855276
0,0,0.093666345
0,0,0.39861092
0,1,0.6226577
0,1,0.59511155
0,0,0.147368
0,0,0.3924791
0,0,0.406162
0,0,0.39757612
0,0,0.49873957
0,0,0.4615965
0,1,0.663261
0,1,0.530424
0,0,0.39004567
0,1,0.5848958
0,1,0.54871464
1,1,0.6353956
0,0,0.27132496
0,1,0.5973881
0,1,0.7891492
0,1,0.73275644
0,0,0.4476823
0,0,0.24291748
0,1,0.7559538
0,0,0.24517381
0,0,0.21722052
0,0,0.41243014
0,0,0.24726623
0,0,0.24898767
0,1,0.5731087
0,1,0.6025525
0,0,0.2378157
0,0,0.4222626
0,0,0.43455523
0,1,0.51074547
0,1,0.80077225
0,0,0.47175342
0,0,0.35881734
0,0,0.35921448
0,0,0.3587106
0,0,0.30989072
1,0,0.24909317
0,0,0.22217631
0,0,0.22734375
0,0,0.3164883
0,0,0.195931
0,0,0.22126046
0,0,0.3614354
0,1,0.7109165
0,0,0.46429288
0,1,0.6960857
0,0,0.35277447
0,0,0.2035219
0,0,0.3710288
0,0,0.3973374
0,0,0.33527997
0,0,0.18307902
0,0,0.41191486
0,0,0.4644254
0,0,0.22384745
0,0,0.18631965
0,0,0.404559
0,0,0.14037907
0,0,0.360101
0,0,0.22789794
0,0,0.10174167
0,0,0.42721245
0,0,0.36077455
0,0,0.2216917
0,1,0.70168996
0,0,0.16943371
0,0,0.16981898
0,0,0.20438
0,1,0.6971129
0,0,0.4243431
0,0,0.26091293
0,1,0.67448133
0,0,0.27067986
0,1,0.50808734
0,0,0.22105399
0,0,0.4562991
0,0,0.2599027
0,0,0.43323818
0,0,0.42152467
0,0,0.21530092
0,1,0.8329253
0,0,0.075337015
0,0,0.29816198
0,1,0.71789676
0,0,0.34936538
0,0,0.21090671
0,0,0.2878821
0,0,0.45806688
0,0,0.1284884
0,0,0.12997094
1,1,0.9011444
0,0,0.22003244
0,1,0.52894187
0,0,0.4686547
0,0,0.3819148
0,0,0.41623357
0,1,0.8163744
0,0,0.28326526
0,1,0.7414885
0,0,0.32731435
0,0,0.15654393
0,0,0.15191537
0,0,0.47647765
0,0,0.31360042
0,1,0.542813
0,0,0.21934658
0,0,0.39586568
0,0,0.3277971
0,1,0.5644895
0,1,0.5301328
0,0,0.15348265
0,0,0.29096588
0,0,0.12549596
0,1,0.64383936
0,0,0.22698921
0,1,0.52805406
0,1,0.5621993
0,1,0.6294263
0,0,0.34502688
0,0,0.09150622
0,1,0.7586329
0,1,0.83984524
0,0,0.29117158
0,0,0.4077145
0,0,0.22823243
0,0,0.09922362
0,0,0.11183589
0,1,0.8568383
0,1,0.63918585
0,0,0.22349942
0,0,0.19693607
0,0,0.17571831
0,0,0.17645602
0,0,0.41786292
0,1,0.69133365
0,0,0.4542824
0,0,0.30993372
0,0,0.29613623
0,0,0.2532995
0,0,0.26498434
0,0,0.29414636
0,0,0.42087215
0,1,0.72999865
0,0,0.28458455
0,1,0.7898663
0,1,0.69436634
0,0,0.37220636
0,1,0.6360048
0,0,0.41644424
1,0,0.3207182
0,0,0.25207344
0,0,0.27613404
0,0,0.30488357
0,0,0.21175857
0,0,0.31109992
0,0,0.26986992
1,1,0.5986462
0,0,0.32072133
0,0,0.18974824
0,0,0.46273938
0,0,0.41045547
0,0,0.32088888
0,0,0.26555336
0,0,0.20288068
0,0,0.1771762
1,1,0.85417706
0,0,0.38620493
0,0,0.1372745
0,0,0.15590832
1,1,0.64253753
0,0,0.14599253
0,0,0.34397268
0,0,0.24610509
0,1,0.60940295
0,1,0.82376266
0,1,0.60313755
0,1,0.7537286
0,1,0.59230244
0,1,0.52727807
0,1,0.5377473
0,0,0.22736727
0,1,0.5085963
0,1,0.5319347
0,0,0.20942767
1,1,0.886874
0,0,0.3351712
0,0,0.443314
0,0,0.12168239
0,0,0.098931156
0,0,0.4766832
0,0,0.2579619
0,0,0.09838759
0,0,0.2678347
0,1,0.5806298
0,0,0.45580164
0,0,0.45264632
0,0,0.2678418
0,0,0.3070141
0,1,0.5035809
0,0,0.2045511
0,0,0.35833162
0,1,0.67939746
0,0,0.29310298
0,0,0.30498856
0,1,0.5188177
0,0,0.2173523
0,0,0.4752246
0,0,0.4026568
0,0,0.35128424
0,0,0.13768212
0,0,0.17261621
0,0,0.05742789
0,0,0.14335886
0,0,0.3038614
0,1,0.78119516
0,0,0.1341628
0,0,0.41370988
0,1,0.58647
0,0,0.30025247
0,1,0.555827
0,0,0.09316235
0,1,0.5088564
0,0,0.46291482
0,0,0.22190915
0,0,0.26507515
0,0,0.16705622
0,0,0.0909165
0,0,0.14934364
0,1,0.57632655
0,0,0.23761187
0,0,0.40487778
0,0,0.1707389
0,1,0.7508782
0,0,0.14093189
0,0,0.042509817
0,1,0.67105716
0,0,0.1356175
0,1,0.5765523
0,0,0.30345848
0,0,0.390276
0,0,0.2944903
0,0,0.40678504
0,1,0.6362085
0,0,0.2500428
1,1,0.5703493
0,0,0.26753545
0,0,0.14934076
0,0,0.49377632
0,0,0.058599353
0,0,0.05281891
0,0,0.3047932
0,0,0.42362496
0,0,0.09738778
0,0,0.2420245
0,1,0.50279456
0,0,0.15323596
0,0,0.04267429
0,0,0.1872827
0,0,0.29359552
0,0,0.45772246
0,1,0.6120031
0,0,0.18713674
1,1,0.6399361
0,0,0.2683097
1,1,0.5044672
0,1,0.50938493
0,1,0.54097694
0,1,0.5440855
0,1,0.7209421
1,1,0.67768836
0,0,0.37092185
0,1,0.6238231
0,0,0.076244704
0,0,0.19486481
0,1,0.5953982
0,0,0.46747372
1,1,0.7455957
0,0,0.26169863
0,0,0.19363682
0,0,0.25927305
0,0,0.026787065
0,0,0.38738254
0,0,0.2854332
0,0,0.30206218
0,0,0.26682588
0,0,0.4575483
0,0,0.278384
1,0,0.18945779
0,0,0.18637769
0,1,0.70762855
1,1,0.8667296
0,1,0.6711646
0,1,0.5394021
0,0,0.13709229
0,1,0.74465084
0,0,0.19733945
0,1,0.6953945
0,0,0.21938123
0,0,0.0864314
0,1,0.6064813
0,0,0.2647574
0,0,0.09202043
0,1,0.7533339
0,0,0.14818844
0,0,0.1243562
0,0,0.2269847
0,0,0.31207436
0,1,0.7802658
0,0,0.44000563
0,0,0.4321553
0,0,0.2255567
0,1,0.5743552
0,0,0.37954292
0,0,0.14503226
0,0,0.38705873
0,0,0.3969063
0,0,0.49834314
0,1,0.7171999
0,0,0.37951684
0,0,0.095170595
0,1,0.6351035
0,0,0.2776832
0,0,0.2612443
0,1,0.57144475
1,1,0.78685296
0,1,0.5144371
0,0,0.4844587
0,1,0.7490742
1,1,0.57467294
0,0,0.26899287
0,0,0.3963839
0,0,0.3842234
0,1,0.55338204
0,1,0.5405908
0,0,0.38001457
0,0,0.27846748
0,0,0.13560651
0,1,0.62425715
0,0,0.3481236
0,0,0.37157714
0,0,0.454625
0,0,0.48933777
0,1,0.82613134
0,0,0.13219911
0,0,0.21027794
0,1,0.6021614
0,0,0.3026481
0,1,0.8222547
0,0,0.39664832
0,0,0.4909116
0,0,0.4328563
0,1,0.5655363
0,1,0.5747849
0,0,0.42094183
0,0,0.2716905
0,0,0.100804426
0,0,0.45866245
0,0,0.18061993
0,0,0.30846655
0,0,0.06560972
0,1,0.6151156
0,0,0.4229137
0,1,0.5394695
0,0,0.22853994
0,0,0.3173939
0,1,0.666166
1,1,0.63342917
0,0,0.16509679
0,0,0.3773506
0,1,0.5128905
0,0,0.1691157
0,1,0.5532716
0,0,0.39452893
0,1,0.544039
0,0,0.33941165
0,0,0.35662118
0,1,0.7016079
0,0,0.25566778
0,0,0.33822465
0,0,0.41607326
0,0,0.335997
0,1,0.86025625
0,0,0.28714904
0,0,0.25875857
0,0,0.18928175
0,0,0.14432994
1,0,0.36173436
0,1,0.91568446
0,0,0.12154469
0,1,0.5972673
0,0,0.31961894
0,0,0.14350979
0,0,0.44692504
0,0,0.33531603
0,0,0.33082137
0,0,0.40338776
0,0,0.3671527
0,0,0.0418254
0,0,0.42472088
0,0,0.4910336
0,0,0.306853
0,0,0.44850674
0,1,0.5292574
1,1,0.9070203
0,1,0.7259461
0,0,0.2963486
0,0,0.25923944
0,1,0.5468075
0,0,0.3167695
0,0,0.26116335
0,1,0.6208494
0,0,0.2736905
0,0,0.469462
0,0,0.2648626
0,0,0.48925006
0,0,0.39883825
1,1,0.72025824
0,0,0.19520259
1,1,0.5517494
0,0,0.37761572
0,0,0.3300349
0,0,0.35693443
0,0,0.3861763
1,1,0.7223903
0,0,0.27908215
0,1,0.75736743
0,0,0.43703526
0,1,0.64597267
0,1,0.69510907
0,0,0.15712784
0,1,0.7364036
0,0,0.3556414
0,1,0.66011137
0,0,0.4556813
0,0,0.46459147
1,0,0.32031846
0,0,0.40026286
0,0,0.40910068
0,0,0.333178
0,0,0.27116656
0,0,0.48201
0,0,0.26866198
0,0,0.11252296
0,0,0.4351055
1,0,0.231568
0,0,0.35867366
0,0,0.2490209
0,0,0.24329615
0,1,0.6048343
0,0,0.2751045
0,0,0.3412705
0,0,0.41275296
0,0,0.19452232
0,0,0.09921033
0,0,0.3388472
0,0,0.17947747
0,0,0.1747928
0,0,0.0867285
0,1,0.8852698
0,0,0.23937884
0,0,0.38524005
0,0,0.44973162
0,0,0.27290556
1,0,0.056130704
0,0,0.3395675
1,1,0.58806
0,0,0.2987664
0,1,0.7239641
0,0,0.19428839
0,1,0.7058877
0,1,0.67595553
0,0,0.26850554
0,0,0.15970014
0,1,0.7210005
0,0,0.3820255
0,0,0.27569658
0,0,0.19495648
0,1,0.5703906
0,0,0.45157504
0,0,0.31044003
0,0,0.31258422
0,1,0.6635324
0,1,0.5401008
0,0,0.46412534
0,0,0.26433522
0,0,0.1097078
1,0,0.46877348
0,0,0.27951282
1,1,0.5928388
0,0,0.31499097
0,0,0.1951623
0,0,0.48157555
0,1,0.64321077
1,1,0.84452325
0,0,0.10253243
1,0,0.23423983
1,1,0.52326703
0,0,0.44055372
0,1,0.5618423
1,1,0.83170986
0,0,0.25728592
0,0,0.15384081
0,0,0.42922744
0,0,0.27571106
0,0,0.18577367
0,0,0.17189495
0,1,0.89183795
0,0,0.26475218
0,1,0.5612613
0,1,0.57700163
0,0,0.17845495
0,1,0.68013215
0,0,0.40301138
0,0,0.17729549
1,1,0.77553016
0,0,0.2503348
0,0,0.15119573
0,1,0.5413574
1,0,0.32789811
0,0,0.4333485
0,1,0.88230497
0,0,0.3390236
0,0,0.46360865
0,0,0.3131531
0,1,0.77788484
0,0,0.3266656
0,0,0.11492996
0,1,0.5780068
0,0,0.2785431
0,1,0.65581495
0,0,0.3554883
0,0,0.23166095
0,0,0.38816246
0,0,0.21531494
0,0,0.4205117
0,0,0.22182034
0,0,0.19573158
0,0,0.312656
0,0,0.34938467
0,0,0.47442693
0,0,0.3546166
0,0,0.116878524
0,0,0.1547715
0,1,0.6955517
1,0,0.46558195
0,0,0.09597228
0,0,0.34736362
0,1,0.57375515
0,0,0.079665415
0,0,0.31661442
0,0,0.1390607
0,0,0.13309784
0,0,0.22334905
0,0,0.13207363
0,0,0.3631693
0,1,0.5692679
0,0,0.18149173
0,0,0.27903625
0,1,0.5268871
0,1,0.5879254
0,1,0.5645955
0,0,0.3889255
1,1,0.6963161
0,1,0.7214673
0,1,0.50385845
0,1,0.5729898
0,0,0.38702652
0,0,0.18374345
0,0,0.49183917
0,1,0.57159376
0,0,0.37156522
0,1,0.78715557
0,1,0.6203033
0,0,0.16719744
0,0,0.26187122
0,0,0.22183517
0,0,0.25140783
0,0,0.1757268
0,0,0.16760953
0,0,0.24321991
0,0,0.47254497
0,0,0.34054947
0,0,0.45783126
0,0,0.30442864
0,0,0.38475809
0,0,0.3011482
0,1,0.56018186
0,0,0.2360876
0,0,0.23249204
0,0,0.1810694
0,0,0.37450573
0,0,0.35187906
0,0,0.27027026
0,0,0.15564863
0,0,0.446706
0,0,0.20519716
0,0,0.060712162
0,1,0.565332
0,0,0.34526005
0,0,0.4143205
0,0,0.21473856
0,0,0.27970728
0,0,0.4205936
0,0,0.15760815
0,1,0.59746075
0,0,0.28007996
0,0,0.42225224
0,0,0.09723481
0,0,0.13046156
0,0,0.21786077
0,1,0.63508356
0,0,0.2235622
0,1,0.6984479
0,1,0.5712663
0,1,0.7830113
0,0,0.07764997
0,1,0.62340605
0,1,0.6966322
0,0,0.44852504
0,1,0.59219134
0,0,0.09043024
0,0,0.45221198
0,1,0.50406414
0,0,0.2865847
0,0,0.06674293
0,0,0.14841308
1,1,0.72921365
0,0,0.13402696
0,0,0.4560345
0,1,0.8078956
0,0,0.21438989
0,0,0.34988958
0,0,0.19619563
0,0,0.1558442
0,1,0.5821295
0,1,0.7448721
1,1,0.76278275
0,0,0.37518996
0,0,0.24613287
1,1,0.8947768
0,0,0.45437256
0,0,0.3444053
1,1,0.7773397
0,0,0.3405213
0,1,0.66611683
0,0,0.32227746
0,0,0.3674886
0,0,0.17466918
0,0,0.16914715
0,1,0.6082324
0,0,0.41462153
0,1,0.61164236
0,1,0.63120466
0,0,0.37414527
0,0,0.26243967
0,0,0.23069479
0,0,0.30060956
0,0,0.46713787
0,1,0.57056576
0,1,0.6772323
0,0,0.14509986
0,0,0.3010989
0,1,0.5160491
0,1,0.58574575
0,1,0.7165079
0,0,0.3168998
0,0,0.21638273
1,0,0.21583383
0,0,0.262955
0,0,0.3653765
0,0,0.06325332
0,0,0.06681917
0,0,0.38268656
0,0,0.19673485
0,0,0.25360063
0,0,0.23056379
0,0,0.13383864
0,0,0.2127446
0,0,0.22169928
0,1,0.7367749
0,0,0.22715254
0,0,0.22881159
0,0,0.45947826
0,0,0.2694239
0,0,0.45094815
0,0,0.30970183
0,1,0.56779116
0,1,0.5482042
0,1,0.528293
0,0,0.19586852
0,0,0.39239025
0,0,0.37837464
0,1,0.71196157
0,0,0.47760573
0,0,0.049777564
0,0,0.40354478
0,0,0.4290335
0,1,0.6461865
0,0,0.28864884
0,0,0.22527532
0,0,0.30852026
0,0,0.27951
0,1,0.5390369
0,0,0.22357473
0,0,0.24420668
0,0,0.080440156
0,0,0.30163088
0,1,0.5795134
0,1,0.56303304
0,0,0.18288529
0,0,0.2593193
0,0,0.27690277
0,0,0.21134399
0,0,0.46330112
0,0,0.383255
1,1,0.6831575
0,1,0.563347
0,0,0.14886267
0,1,0.6917056
0,0,0.26256365
0,1,0.56090146
0,0,0.1796356
0,1,0.6567854
0,0,0.20710653
0,0,0.15808074
0,1,0.70344216
0,0,0.3260171
0,0,0.1064572
0,1,0.6027965
0,1,0.5887818
0,0,0.41144806
0,0,0.29588485
0,1,0.5563222
0,0,0.29470074
0,0,0.37909028
0,0,0.40242094
0,0,0.26684758
0,0,0.11929909
1,1,0.6593665
0,1,0.70668185
0,0,0.110441945
0,0,0.11746489
0,0,0.047471114
0,1,0.5355105
0,1,0.5538085
0,0,0.4092223
0,0,0.3486341
0,0,0.18953817
0,1,0.5208313
0,0,0.32927993
0,0,0.41795737
0,0,0.39221933
0,0,0.3427079
0,1,0.7636358
0,1,0.8346415
0,0,0.1942168
0,1,0.8951445
0,0,0.33218116
0,0,0.4684803
0,0,0.42041424
0,0,0.2901425
1,1,0.89743555
0,0,0.4776992
0,0,0.35982814
0,0,0.15531616
0,1,0.7866503
0,0,0.4007003
0,0,0.4803146
0,0,0.28710726
0,0,0.3605025
0,0,0.33096817
0,0,0.27831647
0,1,0.6070693
0,0,0.18157655
0,0,0.10950586
0,0,0.123753466
0,0,0.3658972
0,0,0.22931454
1,0,0.3227453
0,0,0.05864655
0,0,0.4494278
0,0,0.4486523
0,0,0.40829465
0,0,0.2444754
0,1,0.7073212
0,0,0.14015126
0,0,0.17974687
0,0,0.48369232
0,1,0.53900427
0,0,0.26135886
0,0,0.17619607
0,1,0.51719254
0,1,0.69805104
0,0,0.30822647
0,0,0.13400204
0,0,0.2170467
0,1,0.51569426
0,0,0.33313346
0,0,0.12845461
0,0,0.21191834
1,0,0.1496187
0,0,0.20621754
0,0,0.17033257
1,0,0.38794652
0,0,0.3666924
0,0,0.14359035
0,0,0.2132391
0,1,0.5411469
0,0,0.46644294
0,0,0.44394064
0,1,0.8094638
0,0,0.36812064
0,0,0.2094564
0,0,0.45810196
0,0,0.4095459
0,1,0.5035666
0,0,0.19207306
0,0,0.21777096
0,0,0.20984796
0,0,0.3139197
0,0,0.24559863
0,0,0.44476497
0,1,0.69973046
0,1,0.5209017
0,1,0.67544544
0,0,0.29071894
0,0,0.4383374
0,0,0.344436
0,0,0.47509092
0,0,0.34143776
1,1,0.75383586
0,0,0.29789758
0,0,0.32310066
0,0,0.13726394
0,0,0.40727514
0,0,0.30641818
0,1,0.5257602
0,0,0.26392972
0,1,0.5074369
0,0,0.19885051
0,1,0.52653754
0,1,0.5152095
0,1,0.73161894
0,0,0.31134638
1,0,0.4774626
0,0,0.27466103
0,0,0.39828762
0,0,0.17046584
0,0,0.28651682
0,0,0.34319374
0,0,0.42102644
0,0,0.079683155
0,0,0.3105792
0,0,0.2701942
0,1,0.5081219
0,0,0.15149419
0,0,0.4404403
0,0,0.46862727
0,0,0.34318122
0,0,0.115442716
0,0,0.15053208
0,0,0.4542826
0,1,0.81787497
0,0,0.22461864
0,0,0.0796415
0,0,0.21620177
0,0,0.10431667
0,1,0.5473291
1,1,0.70322204
0,1,0.78778005
0,0,0.46298698
0,0,0.10000635
0,0,0.28115314
0,0,0.26226458
0,0,0.23797119
0,0,0.12732099
0,0,0.11616228
0,1,0.6674087
0,1,0.5435245
0,0,0.24282289
0,1,0.7155317
0,0,0.24487315
1,0,0.38510945
0,1,0.64088356
0,0,0.30419672
0,0,0.4905458
0,0,0.45794675
0,0,0.4805851
0,0,0.2563852
0,0,0.42618656
0,0,0.46203074
0,1,0.61190724
0,0,0.13907295
0,0,0.26351807
0,0,0.34791183
0,0,0.25737366
0,1,0.7089348
0,0,0.38470027
0,0,0.44400483
0,1,0.69402224
0,0,0.46807376
0,0,0.23861724
0,0,0.34269223
0,0,0.32067928
0,0,0.084245436
0,1,0.58064675
0,0,0.22463371
0,0,0.25799283
0,0,0.45988002
0,0,0.45889536
0,1,0.76709664
1,1,0.7110507
0,0,0.46517074
0,1,0.83437055
0,0,0.30472195
0,0,0.19377883
0,0,0.3178878
0,0,0.10735812
0,0,0.4082342
0,1,0.6166657
1,1,0.6462903
0,0,0.19337414
0,0,0.25844207
1,1,0.77294105
0,0,0.13463391
0,1,0.6967462
0,0,0.31717238
0,1,0.6534026
0,0,0.24804708
0,1,0.56048954
0,0,0.36209548
0,0,0.21872102
0,0,0.14235212
0,0,0.21557198
1,0,0.3233317
0,1,0.54615
0,0,0.48215574
0,0,0.2574188
0,0,0.3234858
0,0,0.16984123
0,0,0.31208467
1,1,0.77083176
0,1,0.7627462
0,0,0.27512455
0,0,0.26979047
0,0,0.3518323
0,1,0.6122838
0,0,0.1464794
0,0,0.11135494
0,0,0.41936213
0,0,0.4851951
0,0,0.32881457
0,1,0.5798519
0,0,0.15237308
0,1,0.8023232
0,0,0.18792857
0,0,0.30106205
0,1,0.833511
0,0,0.21320675
0,0,0.33996093
0,1,0.6241498
0,0,0.11894829
0,0,0.07366935
0,0,0.3208903
0,0,0.2361437
0,1,0.5126643
0,0,0.26068377
0,0,0.1952781
0,0,0.48557004
0,0,0.43285316
0,0,0.14396697
0,1,0.81811315
0,0,0.2874255
0,0,0.31966352
0,0,0.4327234
0,1,0.5001299
0,0,0.23365508
0,1,0.6318246
0,0,0.415399
1,1,0.549433
0,0,0.11507181
0,1,0.6609327
0,0,0.051551078
0,1,0.5204353
0,0,0.32555008
0,0,0.21951036
0,1,0.53941834
0,1,0.5679299
0,0,0.35349733
0,1,0.5532482
0,1,0.65056324
0,1,0.842238
0,0,0.19821833
0,1,0.5979759
0,1,0.81141126
0,0,0.21380559
0,0,0.045013275
0,1,0.90603924
0,0,0.45761994
0,0,0.39063418
0,0,0.3121615
0,0,0.33909482
0,1,0.5036153
0,1,0.5771195
0,0,0.20883295
0,0,0.43244466
0,0,0.10655567
0,0,0.090757325
0,0,0.14215189
0,0,0.19988307
0,0,0.16642661
0,1,0.54691535
0,0,0.3311143
0,0,0.46916005
0,1,0.51843345
0,0,0.46999347
1,1,0.83313525
0,0,0.24333231
0,0,0.22329174
0,0,0.31633314
1,0,0.25035158
0,0,0.21038583
0,0,0.19645327
0,1,0.54558784
0,1,0.5480763
0,1,0.5449728
0,0,0.3625072
0,1,0.5922914
0,0,0.25336984
0,0,0.371463
0,0,0.48223543
0,1,0.74972075
0,0,0.39858034
0,1,0.69625497
0,0,0.11782685
0,0,0.46529427
0,0,0.4830015
0,0,0.3818874
0,0,0.22156607
1,0,0.49280939
0,0,0.3259534
0,0,0.252098
0,0,0.2797268
0,0,0.4081626
0,0,0.34528297
0,0,0.38505074
0,1,0.7578131
1,1,0.64883786
0,0,0.3943942
0,0,0.2401041
0,0,0.21806942
0,1,0.6200776
0,1,0.66512424
0,0,0.21633497
0,0,0.4354896
0,1,0.70480984
0,0,0.42730713
0,1,0.7901687
0,1,0.69159806
0,1,0.7026741
0,1,0.8107647
0,1,0.5985638
0,0,0.155213
0,0,0.34608144
1,0,0.4883527
0,0,0.42950866
0,0,0.34283888
1,1,0.6590218
0,1,0.74972564
0,0,0.23351541
0,1,0.58697116
0,0,0.36852792
0,0,0.14414924
0,0,0.37334606
0,0,0.4179484
0,1,0.6542087
0,0,0.41773456
0,0,0.08511969
0,0,0.30956578
0,1,0.5541517
0,0,0.15606341
0,0,0.27498046
0,1,0.6727891
0,1,0.50890225
0,0,0.47044584
0,0,0.45151788
0,1,0.5890935
0,0,0.2195117
0,0,0.43972698
0,0,0.20016153
0,0,0.36820138
0,0,0.49287984
0,0,0.48568356
0,0,0.314252
0,0,0.086962365
1,1,0.8689775
0,0,0.18728589
0,1,0.8262969
0,0,0.22258635
0,0,0.30601177
0,0,0.46830976
0,0,0.06877746
0,1,0.7748136
0,0,0.40073988
0,0,0.35814828
0,1,0.6902399
0,0,0.074965395
0,0,0.21450227
0,0,0.25959298
0,0,0.17015521
0,0,0.43347293
0,1,0.5925617
0,0,0.24319921
0,0,0.32583916
0,0,0.4488296
0,0,0.28453448
0,0,0.33030105
0,0,0.14003891
0,1,0.8206067
0,0,0.22466937
0,1,0.67773956
0,0,0.17792375
0,0,0.18835498
0,1,0.6227689
0,1,0.63643026
0,0,0.44248846
0,0,0.3016489
0,1,0.5347863
0,0,0.12560304
0,1,0.6023096
1,1,0.6794164
0,0,0.37811586
0,1,0.647877
0,1,0.6841891
1,1,0.7359521
0,0,0.27817917
0,0,0.2807753
0,0,0.4752244
0,0,0.44273695
0,0,0.26803854
0,0,0.36513397
0,0,0.12224294
0,0,0.37120757
0,0,0.4535136
0,0,0.16187653
0,0,0.08737818
0,0,0.33673972
0,0,0.2373427
0,0,0.18024026
0,0,0.3699225
0,0,0.1542329
0,1,0.56608254
1,1,0.5994784
0,0,0.36694828
0,0,0.20290156
0,0,0.15859753
0,0,0.36755437
0,0,0.44924486
0,0,0.12431493
0,0,0.10825555
0,0,0.24923189
0,0,0.21888314
0,0,0.18031047
0,0,0.34258386
0,0,0.17094062
0,1,0.5231911
0,0,0.164516
0,1,0.505287
0,0,0.10461949
0,0,0.3974615
0,0,0.32819313
0,1,0.8776356
0,0,0.43289876
0,0,0.2665395
0,0,0.34641996
0,0,0.49269423
0,0,0.38513407
0,0,0.33727562
0,0,0.24525248
0,0,0.4721466
0,0,0.2952475
0,0,0.32709068
0,0,0.4840337
0,0,0.24790211
0,0,0.061258074
0,0,0.4846254
0,0,0.18571137
1,1,0.7031574
0,0,0.11393581
0,1,0.6027986
1,1,0.7061854
0,0,0.15015578
0,1,0.80444545
0,0,0.46502694
0,1,0.7875929
0,1,0.5708863
0,0,0.23129258
0,0,0.3506783
0,0,0.4534594
0,0,0.37115717
0,0,0.24443547
0,0,0.11730374
0,1,0.72638625
0,0,0.28037712
0,0,0.37939456
0,1,0.6141906
0,0,0.043882925
0,0,0.1377606
0,1,0.71914953
0,1,0.62052894
0,0,0.41691342
0,0,0.42838636
0,0,0.46365768
0,0,0.26365823
0,0,0.3996125
0,0,0.12725231
1,1,0.7991678
0,0,0.31707877
1,1,0.56479186
0,0,0.12597024
0,0,0.43111286
0,1,0.707432
0,0,0.30502912
0,0,0.13120735
0,1,0.8200909
0,1,0.7097762
0,0,0.30372357
0,0,0.2346644
0,1,0.5869403
0,0,0.2502065
0,0,0.093753695
0,0,0.062352546
0,0,0.303931
1,0,0.40478706
0,1,0.620606
0,0,0.25957164
0,0,0.446702
1,1,0.6085453
0,1,0.5784566
0,0,0.121421844
0,0,0.49825084
0,0,0.44437513
0,0,0.20112869
0,0,0.30909908
0,1,0.5689553
0,0,0.30743718
0,0,0.07435284
0,0,0.45893905
0,0,0.48287162
0,1,0.8850773
0,0,0.42046922
1,0,0.4301125
0,1,0.72288114
0,0,0.13158928
1,1,0.8524342
1,1,0.81422377
0,0,0.33980635
0,0,0.303757
0,0,0.13571037
0,1,0.54082507
0,0,0.15466203
0,0,0.1800725
0,1,0.63789386
0,0,0.20464252
0,0,0.23234917
0,1,0.66294086
0,0,0.48600918
0,1,0.72629
0,1,0.6123907
0,0,0.45194018
0,1,0.7677979
0,0,0.17655638
1,1,0.826572
0,0,0.13550463
0,0,0.4505859
0,1,0.6605936
0,0,0.3349396
0,1,0.6812352
0,0,0.25143033
0,0,0.22555697
0,0,0.1904107
0,0,0.36654785
0,0,0.4806055
0,0,0.37935618
1,1,0.71801585
0,0,0.36872795
0,0,0.16735138
0,0,0.3038391
0,0,0.41381165
0,0,0.39372408
0,0,0.10774271
0,0,0.3305545
0,0,0.36828282
0,0,0.38176584
0,0,0.26736486
0,1,0.5234985
0,0,0.2457097
0,0,0.12769102
0,0,0.35743168
0,1,0.56544447
0,0,0.19090483
0,0,0.094813995
0,0,0.34511682
0,0,0.47489667
0,0,0.26986438
0,0,0.11455257
0,0,0.4018191
0,0,0.13802788
0,0,0.407918
0,1,0.73019713
0,0,0.25760102
1,1,0.92283356
0,0,0.18232143
0,0,0.13666886
0,0,0.16289285
0,1,0.71917427
0,0,0.30562118
0,0,0.26174933
0,0,0.10389155
0,0,0.32740238
0,1,0.50428927
0,0,0.40145394
0,0,0.14274515
0,0,0.42743018
1,1,0.7350881
0,0,0.29400355
0,0,0.40428022
0,0,0.08203013
0,0,0.36092335
0,1,0.5156876
0,1,0.6599348
0,0,0.119027555
0,0,0.29504228
0,0,0.2391857
0,0,0.31314504
0,1,0.7041169
0,1,0.79165083
0,0,0.3228909
0,0,0.104212485
0,0,0.36226758
1,0,0.465829
0,0,0.18938516
0,0,0.31256726
0,1,0.78345126
0,1,0.7622943
1,0,0.46307832
0,0,0.16782391
0,1,0.78388816
0,0,0.41313493
0,1,0.535561
0,0,0.1260311
0,0,0.34105262
0,1,0.58071613
0,0,0.44329247
0,1,0.5443366
0,0,0.12386946
0,0,0.27417317
0,0,0.07020544
0,1,0.77707934
0,1,0.60251385
0,0,0.20479228
0,0,0.27627668
0,0,0.29569104
1,1,0.65894747
0,0,0.36310947
1,1,0.63634443
0,1,0.66594416
0,0,0.30496413
0,0,0.32593706
0,0,0.43852547
1,1,0.7664692
0,0,0.34172118
0,0,0.14838551
0,1,0.7754819
1,1,0.87415004
0,0,0.2910461
0,0,0.23451596
0,0,0.18810105
0,0,0.32125422
0,0,0.3644434
0,0,0.22527663
0,1,0.660248
0,0,0.38816237
0,0,0.34966588
0,0,0.18817118
0,0,0.103522204
0,1,0.6571571
0,0,0.07817499
0,0,0.21635813
0,0,0.4189849
0,0,0.27074143
0,0,0.43368727
0,0,0.10107877
1,1,0.52561414
0,0,0.21955247
0,0,0.15520854
0,0,0.24187624
0,0,0.39193437
0,1,0.73500717
0,0,0.3610159
0,0,0.16471547
0,0,0.2634371
0,0,0.1655445
0,0,0.35613084
0,0,0.39540857
0,0,0.093170226
0,0,0.2692954
0,0,0.4595882
0,1,0.51370263
0,0,0.2939184
0,0,0.24349852
0,0,0.49629745
0,0,0.2935054
0,1,0.7093752
0,0,0.46018946
0,0,0.3464087
0,0,0.15547131
1,0,0.27132347
0,1,0.5502707
1,0,0.28822613
1,1,0.8119298
0,0,0.23104157
0,0,0.15711111
0,0,0.39083943
0,0,0.2666014
0,0,0.15881133
1,0,0.44470853
0,1,0.5271401
0,0,0.4503305
0,0,0.13928609
0,1,0.678163
0,0,0.4456333
0,0,0.25292176
0,0,0.14924408
0,0,0.345256
0,0,0.28439778
0,0,0.31526995
0,0,0.3282445
0,0,0.41006806
0,0,0.26423237
0,1,0.6647028
0,0,0.11308047
0,1,0.5250335
0,1,0.51637274
0,1,0.54483116
0,0,0.061269157
1,1,0.65363544
0,0,0.43068966
0,0,0.4516875
1,1,0.7509294
0,0,0.28616145
0,1,0.66839576
0,1,0.52808195
0,0,0.2803785
0,0,0.28143686
0,0,0.18153761
0,1,0.64019036
0,0,0.14690323
0,0,0.2220474
0,0,0.14557317
0,1,0.6833646
0,0,0.10531473
0,0,0.1357365
0,0,0.4883701
0,0,0.35937625
0,1,0.6069499
0,0,0.14880912
0,1,0.7401751
0,0,0.11503419
0,0,0.29991364
0,0,0.44927108
0,0,0.057881087
0,0,0.49549714
0,0,0.28314817
1,1,0.92959124
0,1,0.513669
0,0,0.42520174
0,0,0.47062278
0,0,0.450595
0,1,0.775852
0,1,0.7291381
0,0,0.38422844
0,0,0.43561226
0,0,0.46950957
0,0,0.20709924
0,0,0.41389847
0,0,0.43560562
1,0,0.41028225
0,0,0.4143228
0,0,0.447361
0,0,0.29466268
0,0,0.38125682
0,0,0.2533874
0,0,0.42535543
0,1,0.5661285
0,0,0.19417912
0,0,0.31378105
0,0,0.34789428
0,0,0.36130035
0,1,0.6193197
0,0,0.22462338
0,0,0.19684295
0,0,0.21998516
0,0,0.42410275
0,1,0.5194882
0,0,0.32975772
0,0,0.2019755
0,0,0.3114552
0,0,0.20032753
0,0,0.15696211
0,0,0.2805059
0,0,0.38260338
0,0,0.2077771
1,1,0.65906
0,0,0.48319593
0,0,0.08180542
0,0,0.29278
0,0,0.17997749
0,1,0.68630683
0,0,0.44327083
0,0,0.15276457
0,0,0.19305815
0,0,0.260738
0,0,0.121376954
0,0,0.21678235
1,0,0.47854847
0,0,0.35391936
0,1,0.5667203
0,0,0.27295914
0,1,0.67073303
0,1,0.6881907
0,0,0.22778185
0,0,0.38354737
0,0,0.20856519
0,0,0.20203416
0,0,0.16327271
0,0,0.16309509
0,0,0.36219016
0,1,0.5305466
0,0,0.13695963
0,0,0.32023534
0,0,0.09101681
1,1,0.7034602
0,0,0.15608644
0,0,0.46830517
0,0,0.38480484
0,0,0.33192697
0,0,0.32205096
0,0,0.23287211
0,0,0.10527879
0,1,0.6514809
0,0,0.15252124
1,0,0.47482747
0,0,0.49540877
0,0,0.22568217
0,0,0.3538285
0,0,0.17337127
0,0,0.48628297
0,1,0.5553499
0,1,0.76150054
0,1,0.64030015
1,0,0.4253213
0,0,0.44189286
0,1,0.5818723
0,1,0.6650947
0,0,0.26484925
0,0,0.15238711
0,0,0.3771285
0,0,0.17163832
0,1,0.77072555
0,1,0.6723326
0,0,0.46557638
0,1,0.69427794
0,0,0.4377741
0,0,0.21599299
1,1,0.555263
0,1,0.6899978
0,0,0.23218052
0,0,0.3144982
0,1,0.58897483
0,0,0.22160253
0,1,0.56516576
0,0,0.48815718
0,0,0.31099594
0,1,0.62125474
0,1,0.6076314
0,1,0.53529865
0,0,0.17095795
1,1,0.55589294
0,0,0.37489498
0,1,0.65439117
0,0,0.458514
0,1,0.5670507
0,1,0.5520505
0,1,0.75030535
0,1,0.5736681
0,0,0.2534501
0,0,0.24258256
0,1,0.51678634
0,0,0.12967643
0,0,0.3018036
0,1,0.7429543
0,0,0.40114126
0,0,0.21883625
0,0,0.114531755
0,1,0.5395317
0,1,0.5454458
0,0,0.30038083
0,1,0.5746111
0,0,0.3298286
0,0,0.3901647
0,0,0.2103448
0,0,0.451093
0,1,0.61184365
0,1,0.724103
0,1,0.5425379
0,0,0.13394038
0,0,0.39054134
0,0,0.16165042
0,0,0.20595184
0,0,0.2955007
0,0,0.19368239
0,0,0.48394746
0,0,0.28945062
0,0,0.48938912
1,1,0.5886844
0,0,0.44993654
0,0,0.35115445
0,1,0.5681476
0,0,0.15535092
0,1,0.61913717
0,0,0.3787417
0,1,0.6024182
0,1,0.6101776
0,1,0.6074283
1,1,0.75381196
0,0,0.08730392
0,0,0.15225558
0,1,0.53160876
0,1,0.51506966
0,0,0.20809299
0,0,0.148316
0,0,0.14300443
0,1,0.53763443
0,0,0.123646736
0,1,0.8215901
0,0,0.2376009
0,0,0.453132
1,1,0.5093062
0,0,0.08318343
0,0,0.2556434
0,0,0.46048757
0,0,0.050732985
0,1,0.6630098
0,0,0.4088416
0,1,0.81063527
1,0,0.48930183
0,0,0.2894791
0,0,0.1748046
0,0,0.35516095
1,1,0.75822574
0,0,0.4642637
0,0,0.23896337
0,0,0.097722396
0,0,0.13889846
0,0,0.12259163
0,0,0.32404307
0,0,0.10647714
1,1,0.5513398
0,0,0.40733016
0,0,0.3008131
0,0,0.45181984
0,0,0.21336754
0,1,0.70088404
0,0,0.18615587
0,0,0.14766514
0,1,0.6493045
0,0,0.03215192
0,0,0.40123412
0,0,0.4447938
0,0,0.20097554
0,0,0.2316805
0,0,0.30829328
0,0,0.07690339
0,0,0.33692512
0,1,0.58113074
0,0,0.32396412
0,1,0.8187166
0,1,0.5330401
0,0,0.34269518
1,0,0.40095872
0,0,0.046255767
0,0,0.2842765
1,1,0.81240815
0,1,0.59864104
0,0,0.15865171
1,1,0.5863759
0,0,0.36831033
0,1,0.6280051
0,0,0.42952225
1,1,0.5684411
0,1,0.65127337
0,0,0.4679884
0,0,0.21663052
0,0,0.37517875
0,0,0.16456874
0,0,0.29823166
0,0,0.22798441
0,0,0.28966817
0,1,0.7977056
0,0,0.49612638
0,0,0.42167985
0,1,0.500332
0,1,0.55557966
0,1,0.55295974
0,1,0.55835366
0,0,0.09209962
0,0,0.13451095
0,0,0.13808997
0,0,0.30233252
0,0,0.34872243
0,0,0.13561949
1,1,0.8446839
0,0,0.24769929
0,0,0.46400607
0,1,0.64002496
0,0,0.28309527
0,1,0.6514764
0,0,0.3103848
0,0,0.15560368
0,0,0.27965394
0,0,0.47217914
1,0,0.4634901
0,1,0.8009964
0,1,0.53492296
0,0,0.32964748
0,0,0.093611546
0,0,0.41833794
1,0,0.21548812
0,0,0.16363372
0,0,0.39554688
0,0,0.19867186
0,0,0.16855076
0,0,0.40674967
0,0,0.29292408
0,0,0.3004729
1,1,0.8818785
0,0,0.2855681
0,0,0.14238359
0,0,0.19138098
0,0,0.2741258
0,0,0.3162846
0,0,0.42215958
0,0,0.12932025
0,1,0.5736983
0,0,0.15920037
0,0,0.4187848
0,0,0.41301507
1,0,0.12242426
1,0,0.42382842
0,0,0.2873602
0,0,0.49555954
0,0,0.1200257
0,0,0.04427997
0,0,0.377538
0,1,0.6471982
0,0,0.28527862
0,0,0.20970634
0,0,0.30237934
0,0,0.23637232
0,0,0.23146297
0,0,0.4885305
0,0,0.07569961
0,0,0.19316377
0,0,0.24133946
0,0,0.3936294
0,0,0.3334602
0,1,0.72100353
0,0,0.31271958
0,0,0.3031276
0,0,0.31407094
0,0,0.2217082
0,0,0.32172143
0,0,0.18918721
0,0,0.20582192
1,1,0.78372407
0,0,0.18603258
0,1,0.7851056
0,1,0.61065716
0,0,0.1443864
0,0,0.39223015
0,0,0.3590625
0,0,0.15504706
1,0,0.17989737
0,0,0.091695465
0,0,0.10481685
1,1,0.79810447
1,0,0.3454083
0,0,0.13738112
0,0,0.30385342
0,0,0.22862822
0,0,0.32815728
1,0,0.39819354
0,1,0.6343512
0,0,0.3296236
0,1,0.6319147
0,0,0.09899146
0,0,0.34405327
0,0,0.20068459
0,0,0.083018176
0,0,0.13069242
0,1,0.53107244
0,0,0.49243775
0,0,0.2357943
0,0,0.3257341
0,1,0.59800947
0,0,0.15799546
0,0,0.49725014
0,1,0.93460834
0,0,0.4776698
0,0,0.34962368
0,1,0.5412653
0,1,0.55851024
0,0,0.2815476
0,0,0.37804097
0,1,0.7122739
0,0,0.30665419
0,0,0.2498634
0,0,0.33750638
0,0,0.18792243
0,1,0.50482565
0,1,0.5336932
0,0,0.14913514
0,0,0.22196056
0,0,0.21227272
0,1,0.82904136
0,0,0.44609436
0,0,0.4116733
0,0,0.23322392
0,1,0.55992776
0,1,0.7593378
0,0,0.31543994
0,0,0.35663265
0,1,0.6512685
1,1,0.5458106
1,0,0.47243398
0,0,0.42775702
1,1,0.533587
0,0,0.4019262
0,1,0.87205434
0,0,0.16435142
0,0,0.28068683
0,0,0.2048144
0,0,0.15174341
0,0,0.46671605
0,0,0.08215961
0,1,0.6835954
1,0,0.42407084
0,0,0.14273106
0,1,0.5353626
0,0,0.09661927
0,0,0.39889532
0,0,0.18775408
0,0,0.19546977
0,0,0.30684742
0,0,0.22674488
0,0,0.28616536
0,0,0.13816006
0,1,0.6243225
0,0,0.34287956
0,0,0.36405757
0,1,0.6456868
0,1,0.6953673
0,0,0.23510876
0,0,0.26571563
0,0,0.2850139
0,1,0.65435654
0,0,0.13117115
0,0,0.3116615
0,0,0.47718024
0,0,0.35706043
0,1,0.6324531
0,0,0.30049402
0,0,0.34184816
0,1,0.69181675
1,1,0.6254319
0,0,0.40095496
0,0,0.16975771
1,1,0.81806463
0,0,0.34155458
0,0,0.40727708
0,0,0.12342833
0,1,0.6479982
0,1,0.5970425
0,0,0.41777208
0,0,0.4458256
0,1,0.77424645
0,0,0.25699928
0,0,0.33929396
0,0,0.22686563
0,1,0.6958327
0,1,0.5501215
0,0,0.33393523
0,1,0.73962057
0,0,0.096592225
0,0,0.33617637
0,0,0.0664905
0,1,0.5741688
0,0,0.49890205
0,0,0.43722767
0,0,0.2996417
0,0,0.11490559
0,0,0.2343152
0,1,0.63717735
0,0,0.16115561
0,0,0.3308166
0,0,0.11523794
0,0,0.44403887
0,1,0.8653843
0,1,0.5332075
0,0,0.1881185
0,0,0.48075548
0,0,0.48387745
0,0,0.43236622
0,0,0.25654346
0,0,0.25066122
0,0,0.10996396
0,0,0.13756962
0,0,0.11179299
0,0,0.11271264
0,0,0.39039508
0,0,0.22814105
0,0,0.16234942
1,0,0.3537185
1,1,0.7104105
0,1,0.6932426
0,0,0.3969878
0,0,0.42025536
1,0,0.40393856
0,0,0.27411345
0,1,0.5342117
0,0,0.4031417
0,0,0.27529323
0,0,0.24608111
0,0,0.20207429
0,0,0.12584901
0,0,0.4401927
0,0,0.27093488
0,1,0.6315271
0,0,0.045456164
0,0,0.079346135
0,1,0.50501186
0,0,0.26282728
0,0,0.14435402
0,0,0.3655163
0,0,0.1437306
0,0,0.48018715
0,0,0.41824764
0,0,0.27286917
0,0,0.18879342
0,0,0.18167655
0,0,0.3208855
0,0,0.44626
0,0,0.03197128
0,1,0.5264231
0,0,0.38955265
0,0,0.24925496
0,0,0.0948205
0,0,0.30966043
0,0,0.29319814
0,0,0.19562654
0,0,0.123890996
0,0,0.33804572
0,0,0.23399955
0,1,0.64599437
0,1,0.5467147
0,0,0.1062057
0,1,0.5324836
0,0,0.30279922
0,0,0.2303902
0,0,0.31412643
0,0,0.25050178
0,1,0.5288602
0,0,0.22593771
0,0,0.36153778
0,0,0.40039247
0,0,0.2652309
0,0,0.42826107
1,1,0.6210231
0,1,0.6070077
0,0,0.1195885
0,0,0.123944245
0,1,0.54607433
0,0,0.3570686
0,0,0.17848384
0,0,0.226985
0,0,0.20303124
0,0,0.13354632
0,0,0.22222303
0,0,0.32902813
0,0,0.27732223
0,1,0.5581641
0,0,0.11657885
0,0,0.42384988
0,0,0.3159603
0,0,0.21311262
0,0,0.13665564
0,0,0.34786898
0,0,0.2441158
0,0,0.47889438
0,1,0.51149786
0,0,0.4426978
0,1,0.67272145
0,0,0.118878
1,0,0.41307455
0,0,0.12079584
0,1,0.52015
0,0,0.12419895
0,1,0.5596818
0,1,0.8038445
0,0,0.2401776
0,0,0.13333909
0,0,0.18463404
0,0,0.29979157
0,0,0.101025835
0,0,0.46087104
0,0,0.45435768
0,0,0.37887836
0,0,0.30764082
0,0,0.2578741
0,1,0.62618804
0,0,0.28586885
0,0,0.30227703
0,1,0.67865306
0,0,0.2921533
0,1,0.52523535
0,0,0.3297946
0,0,0.31468675
0,0,0.19388652
0,0,0.47123113
0,1,0.506888
0,0,0.24577427
0,0,0.29888904
0,1,0.6373843
0,1,0.60290277
0,1,0.72124887
0,1,0.69541353
0,0,0.090272225
0,1,0.615762
0,0,0.21222717
0,0,0.2584678
0,1,0.5219627
1,0,0.46061906
0,0,0.21800342
0,1,0.5844035
0,0,0.16248083
0,0,0.35075596
0,0,0.14714749
0,0,0.35960186
0,0,0.45418078
0,0,0.27211297
0,1,0.6213698
0,0,0.16945082
0,1,0.81782687
0,0,0.3623955
0,0,0.4648695
0,0,0.4682191
0,0,0.23576698
0,0,0.23523338
0,0,0.371395
0,0,0.47853667
0,0,0.34285688
0,0,0.17730765
0,0,0.11647605
0,0,0.36978617
0,1,0.6732782
0,0,0.26915622
0,0,0.2796825
1,0,0.2971075
0,0,0.18461744
0,0,0.458416
0,1,0.5300223
0,0,0.4270028
0,0,0.34231564
0,0,0.35420528
0,0,0.31212807
0,1,0.5072995
0,0,0.43391958
0,0,0.30546337
0,0,0.28508592
0,1,0.5439758
0,0,0.4406063
0,0,0.13217603
0,0,0.4640798
0,1,0.51803464
0,1,0.6038531
0,0,0.4493895
0,0,0.34001946
0,0,0.2231082
0,0,0.15245494
0,0,0.45058948
0,1,0.70166624
0,0,0.15237075
0,0,0.16447069
0,0,0.34083784
0,1,0.53162813
0,1,0.83979726
0,0,0.23611142
0,0,0.043343164
0,1,0.5140929
0,0,0.22723158
0,0,0.49336573
0,0,0.20936
0,0,0.13997687
0,0,0.4495317
0,1,0.6168849
0,1,0.5700349
0,1,0.6465867
0,0,0.3272259
0,0,0.4467433
0,0,0.39200428
0,0,0.32002723
0,0,0.3126462
0,0,0.2702991
0,1,0.54745626
0,0,0.4769681
1,0,0.42416263
0,1,0.85886794
0,0,0.27680314
0,0,0.46093258
0,1,0.60406613
0,1,0.52148926
0,0,0.023072943
0,0,0.23474768
1,0,0.41315272
0,1,0.5637416
0,0,0.4662727
0,0,0.46800748
0,1,0.6639201
0,1,0.7198962
0,0,0.20143652
0,0,0.16205885
0,0,0.18484882
0,0,0.22324401
0,1,0.69535166
0,1,0.57766014
0,0,0.29270983
0,0,0.4022391
1,0,0.4092693
0,1,0.78965586
0,0,0.09239006
0,0,0.22003368
0,0,0.11303935
0,0,0.27988634
0,1,0.5144989
0,0,0.24239966
0,1,0.6822172
0,0,0.22896972
0,1,0.79137933
0,0,0.4932651
0,0,0.24456571
0,1,0.7675398
0,1,0.78475124
0,0,0.27803588
0,0,0.05948695
0,0,0.05776149
0,0,0.44182456
0,0,0.101185896
0,0,0.3572842
0,0,0.46026695
0,0,0.24877596
0,0,0.27235693
0,1,0.65573364
0,0,0.32552832
0,0,0.24061933
1,1,0.9192449
1,1,0.8355759
0,0,0.19869411
0,0,0.117007926
0,1,0.9014969
0,0,0.269159
0,0,0.2074098
0,0,0.15512577
0,0,0.33550975
0,1,0.557733
0,1,0.6295788
0,0,0.18110518
0,1,0.68420035
0,0,0.21268837
1,0,0.28720772
0,0,0.14586146
0,0,0.4820391
0,0,0.43802395
0,0,0.28506815
0,1,0.5477734
0,1,0.65400463
0,0,0.17319259
1,1,0.80193675
0,1,0.55727094
0,0,0.31573135
0,0,0.17806725
0,0,0.24573389
0,0,0.115678616
0,0,0.08797242
0,1,0.54291755
0,0,0.31345162
0,0,0.07274848
0,0,0.3368084
0,0,0.26043314
0,0,0.096671976
0,0,0.37363645
0,0,0.17431052
0,0,0.23169346
0,0,0.4779694
0,1,0.5666524
0,1,0.68128365
0,1,0.7592162
0,0,0.22597896
0,1,0.5387377
0,1,0.6170825
0,0,0.23255736
0,0,0.14378643
1,1,0.6026381
0,0,0.23350705
0,1,0.6590338
0,0,0.2845647
0,0,0.11971035
0,0,0.17852339
0,1,0.56369835
0,0,0.19964878
0,0,0.19679886
0,1,0.5842285
0,1,0.7067317
0,0,0.24734597
0,1,0.5486136
0,0,0.29185733
0,0,0.4127901
0,0,0.33546063
0,0,0.45128065
0,1,0.6263928
0,0,0.1423747
1,0,0.24604745
0,0,0.22384721
0,0,0.4466883
0,1,0.674385
0,0,0.30317387
0,0,0.27798185
0,0,0.29141685
0,0,0.37017557
0,0,0.19920832
0,1,0.5084081
1,1,0.63078123
0,0,0.2769971
0,1,0.7343758
0,0,0.13026462
0,0,0.22698165
0,1,0.57381123
0,0,0.10313601
0,0,0.27098987
0,0,0.33937696
0,0,0.44716376
0,0,0.24065667
0,0,0.21869062
0,0,0.49212688
0,0,0.064453125
0,0,0.07295738
0,0,0.47025657
0,1,0.62385225
1,1,0.576095
1,1,0.5883103
0,0,0.3501437
0,0,0.22923072
0,1,0.6874161
0,0,0.18922615
0,0,0.17216034
1,1,0.5623568
0,0,0.21744236
0,1,0.5122858
0,0,0.06345081
0,0,0.39446244
0,0,0.35207033
0,0,0.15920845
1,1,0.78583574
0,1,0.56943125
0,1,0.52567714
1,1,0.59496284
0,0,0.40340188
0,1,0.5308633
0,0,0.25161362
0,0,0.42171535
0,1,0.6244652
0,0,0.04587432
0,0,0.254262
0,1,0.67627853
0,0,0.49395695
1,1,0.7063734
0,1,0.5477017
0,0,0.3900017
0,0,0.16248895
0,0,0.19062184
0,0,0.1820718
0,0,0.06066588
0,0,0.30413854
0,0,0.28019136
0,0,0.2807074
0,0,0.088281035
0,1,0.6653825
0,0,0.49754193
1,1,0.6601303
1,1,0.7766508
0,0,0.20106722
0,1,0.51159626
0,0,0.26126036
0,0,0.2946791
0,0,0.32989985
0,1,0.81013566
0,0,0.30169955
0,0,0.17295085
0,0,0.46729875
0,0,0.06337582
0,1,0.5256513
0,0,0.2472263
0,0,0.37902895
0,0,0.11383813
0,0,0.43499106
0,0,0.23296683
0,0,0.118887275
0,0,0.14171775
0,0,0.3985483
0,1,0.7544851
0,0,0.27692083
0,1,0.50917053
0,0,0.27202153
0,0,0.10729983
0,0,0.25116092
0,0,0.28312737
0,0,0.152193
1,1,0.51635635
0,0,0.42153504
0,0,0.3895819
0,0,0.29752833
0,1,0.74306506
0,1,0.5471241
0,0,0.09504704
0,0,0.32744974
0,0,0.32690394
0,0,0.09633487
0,0,0.16292936
0,0,0.22029513
0,0,0.11338646
0,0,0.4739799
0,0,0.124900214
0,1,0.6894706
0,0,0.10511447
0,0,0.15805066
0,0,0.17226207
0,0,0.4591026
0,0,0.14043312
0,0,0.31286338
0,0,0.3770235
1,1,0.59278274
0,0,0.35123715
0,0,0.19286963
0,0,0.4476864
1,1,0.72572315
0,0,0.027834874
0,0,0.15740427
0,0,0.40317428
0,0,0.0684299
0,0,0.38270202
1,1,0.8238742
0,1,0.53325564
0,0,0.14572832
0,0,0.20985886
0,0,0.42902434
1,1,0.6647586
0,1,0.714569
0,0,0.24258307
0,1,0.50719315
0,0,0.4367756
0,0,0.15926152
0,0,0.2971809
1,0,0.1569318
0,1,0.5527719
0,0,0.2673088
0,0,0.14813976
0,1,0.6732922
0,0,0.46464646
0,0,0.3424441
0,0,0.16451927
1,1,0.89747995
1,1,0.8661
0,0,0.13147677
0,1,0.51646554
0,0,0.40270695
0,0,0.34282437
0,1,0.8420163
0,0,0.34099275
0,0,0.1414536
1,1,0.62513816
0,1,0.53741837
0,0,0.147792
0,0,0.3357878
0,0,0.29672915
0,1,0.6244756
0,0,0.27903005
0,0,0.4719468
0,0,0.29642192
0,0,0.10444734
0,1,0.60925096
0,0,0.30073118
0,0,0.09224498
0,0,0.15242907
0,0,0.094712034
0,0,0.3777466
0,1,0.70365345
0,0,0.27257326
0,0,0.3822743
0,1,0.6689284
0,1,0.5027281
0,0,0.08254432
0,0,0.33042124
0,0,0.333514
0,0,0.19986017
1,0,0.2235585
0,0,0.35832003
0,0,0.18055092
0,0,0.14338198
0,0,0.4995217
1,1,0.57589036
0,0,0.3457945
0,1,0.6366234
0,1,0.5435686
0,1,0.5844498
0,0,0.26581874
0,0,0.4011107
0,0,0.102778345
0,0,0.2622127
0,0,0.47420833
0,0,0.25606906
1,1,0.64260864
0,0,0.09148198
0,1,0.5059042
0,0,0.36574453
0,0,0.42608663
0,0,0.3656615
0,0,0.3507757
0,0,0.3721272
0,0,0.30672628
1,0,0.37665924
0,0,0.19518836
0,0,0.17347145
0,0,0.051684167
0,0,0.20606211
0,0,0.40890965
0,0,0.24528183
0,0,0.43276528
0,0,0.20285526
0,1,0.88168067
0,0,0.0994741
1,1,0.5023188
0,0,0.27331808
0,0,0.26335138
0,1,0.6799931
0,0,0.21874659
0,1,0.79733884
0,0,0.17144792
0,1,0.53225285
1,1,0.6835446
0,0,0.45280385
0,0,0.20740381
0,0,0.40737662
0,0,0.4092209
0,0,0.10037915
0,0,0.4234833
0,1,0.78382564
0,0,0.21451464
0,0,0.41615888
0,1,0.6671815
0,0,0.26931876
0,1,0.83159953
0,0,0.45796874
1,0,0.44081226
0,0,0.33672032
0,0,0.37022525
0,0,0.2103049
0,0,0.29443175
0,1,0.6287192
0,0,0.14189143
0,0,0.114740826
0,0,0.063574344
0,0,0.11286336
0,0,0.30234876
0,1,0.7346471
0,0,0.1294168
0,0,0.47398776
0,0,0.120906234
0,1,0.7866013
0,1,0.51455915
0,0,0.1427468
0,0,0.3154264
0,0,0.4806779
0,1,0.52036554
0,1,0.76916903
1,1,0.51435363
0,0,0.46179116
0,1,0.6134252
0,0,0.35742685
0,0,0.23449767
0,1,0.68838763
0,1,0.79816866
0,0,0.3225984
0,1,0.7138529
0,0,0.3245702
0,0,0.4153413
0,0,0.39394337
0,0,0.08411119
1,0,0.3224572
0,0,0.36547574
0,1,0.54616344
0,0,0.45972794
0,0,0.22224648
0,1,0.55303943
0,1,0.5130251
0,0,0.13109943
0,1,0.6310793
0,0,0.23448
0,0,0.267254
0,0,0.18867937
0,0,0.488491
1,1,0.647059
0,0,0.35071075
0,0,0.24144638
0,0,0.13523659
0,0,0.34364873
0,0,0.045137525
0,0,0.23334645
0,0,0.3558131
0,0,0.35386315
0,0,0.48728505
1,0,0.33829665
0,0,0.17865066
0,1,0.7552377
0,0,0.35664925
0,0,0.38824472
0,0,0.44014618
0,1,0.8699532
0,1,0.5505835
0,0,0.45647627
0,0,0.15876566
0,0,0.3721328
0,1,0.53118145
0,0,0.35618564
0,0,0.27574202
1,1,0.5522044
0,0,0.21253873
0,0,0.3254584
0,0,0.15918268
0,0,0.14966753
0,1,0.5863564
0,1,0.67221475
0,0,0.2702287
0,0,0.18714514
0,1,0.6648416
0,0,0.4287201
0,0,0.2630159
0,1,0.55455416
0,0,0.35809448
0,1,0.5192488
0,1,0.57000065
0,0,0.17261368
0,0,0.17701459
0,0,0.26500708
0,1,0.7155369
0,1,0.53602827
0,0,0.3308323
0,0,0.21883512
0,1,0.5189982
0,0,0.480415
0,0,0.40042847
0,1,0.6879242
0,1,0.58761287
0,1,0.501434
0,1,0.7288236
1,1,0.9321211
0,0,0.34305936
1,1,0.6779096
0,1,0.5159129
1,1,0.90894747
0,0,0.22297302
0,1,0.72713804
0,0,0.3728059
0,1,0.67804563
0,0,0.3803413
1,0,0.4772499
0,1,0.57467383
0,0,0.42426482
0,0,0.15345809
0,1,0.7575879
0,0,0.060983177
0,0,0.4095306
0,0,0.39780512
0,0,0.14384027
0,0,0.24614096
0,1,0.71182483
0,0,0.090307765
0,0,0.4315885
0,0,0.16253927
0,0,0.4242667
0,1,0.616682
0,0,0.20179343
1,1,0.69110197
0,0,0.45718765
0,0,0.2549782
0,0,0.28833753
0,0,0.39197853
0,0,0.13966557
0,0,0.17439486
0,0,0.15488814
0,0,0.372812
0,0,0.31087348
0,0,0.43525118
0,0,0.29840237
0,1,0.584696
0,0,0.44374055
0,1,0.7886965
0,0,0.45190418
0,0,0.29616103
0,0,0.46132052
0,0,0.4176919
0,1,0.68202317
1,1,0.56498444
0,0,0.25083935
0,0,0.18137655
0,0,0.33432195
0,0,0.4143832
0,0,0.2262026
0,0,0.10734817
0,0,0.14866076
0,0,0.28133067
0,0,0.23121814
0,0,0.23570219
1,0,0.40986714
0,0,0.15614533
0,0,0.41366926
0,0,0.2608394
0,0,0.47284907
0,1,0.642671
0,0,0.3710051
0,0,0.22932386
0,0,0.17372727
0,0,0.44254416
0,0,0.25385058
0,0,0.08030959
0,0,0.20145461
0,1,0.53811336
0,0,0.11532054
0,1,0.5600324
0,1,0.75169027
0,1,0.557957
0,1,0.70663613
0,0,0.112638146
0,0,0.43234512
0,0,0.20464857
0,1,0.80194885
0,0,0.2580297
0,0,0.22473867
0,0,0.40852734
1,0,0.4607293
1,1,0.81234646
0,1,0.56061184
0,0,0.25528514
0,1,0.604662
0,1,0.62515587
0,0,0.4803937
0,0,0.46373406
0,0,0.31176445
0,0,0.3205623
0,0,0.45318964
0,1,0.8235025
0,0,0.09392647
0,0,0.26608193
0,0,0.41093183
0,0,0.30070367
1,1,0.648606
0,0,0.42947012
0,0,0.36018726
0,1,0.7467376
0,0,0.2875312
0,0,0.41640165
0,0,0.07228755
0,0,0.4788997
0,0,0.3883886
0,0,0.17128167
1,0,0.24951333
0,0,0.46254578
0,0,0.42982098
0,1,0.5463492
0,0,0.24430856
0,0,0.27812305
0,1,0.6361446
0,0,0.11646931
0,0,0.43836653
0,0,0.16962114
0,0,0.40590787
0,0,0.35463428
0,0,0.35759518
0,0,0.2643218
0,0,0.21773277
0,0,0.060796574
0,0,0.06923511
0,0,0.38621902
1,0,0.45563456
0,0,0.10752503
0,0,0.44094104
0,0,0.2748973
0,0,0.15991168
0,0,0.29409033
0,0,0.42556846
0,0,0.48040482
0,1,0.74804324
0,0,0.3998998
0,0,0.42780837
0,0,0.35042882
0,0,0.27019492
1,0,0.16302404
0,0,0.32842597
0,0,0.3105631
0,0,0.37850487
0,0,0.32939768
0,0,0.18625851
0,0,0.2270044
0,0,0.2572958
0,1,0.63457376
0,0,0.43422434
1,1,0.56052667
0,1,0.7530048
0,0,0.048097678
0,1,0.6407803
0,1,0.52278346
0,1,0.6004846
0,0,0.3055015
0,1,0.5040297
0,1,0.59695953
0,0,0.3616737
0,1,0.53378904
0,0,0.24360867
0,0,0.42852002
0,0,0.27243304
0,0,0.34008476
0,1,0.5347562
0,0,0.2916256
0,0,0.2929672
0,0,0.4680227
0,0,0.379641
1,1,0.5492715
0,0,0.17835928
0,0,0.14434944
1,0,0.1893639
1,1,0.69954115
0,0,0.47693026
0,0,0.4315407
0,1,0.59251225
1,0,0.43858054
0,1,0.5680455
0,0,0.38968438
0,1,0.5839698
0,0,0.20622484
0,1,0.5032898
0,0,0.376196
0,0,0.41279766
1,1,0.58798385
0,1,0.7116337
1,0,0.33638322
0,0,0.32212704
0,0,0.46442428
0,1,0.66517156
0,0,0.39277136
0,1,0.68576443
1,0,0.46671262
0,0,0.123100184
0,0,0.258142
0,1,0.6249327
0,0,0.34103832
0,0,0.2783643
0,0,0.43770576
0,0,0.34097177
0,0,0.24319379
0,0,0.07829229
0,0,0.18256684
0,1,0.64264727
0,0,0.24827479
0,1,0.5803427
0,1,0.62501454
0,0,0.05525559
1,0,0.46803364
0,0,0.08243197
0,0,0.24107262
0,0,0.28265628
0,1,0.6722166
1,1,0.75462615
0,0,0.10855571
0,0,0.44895935
0,1,0.5448925
0,0,0.19846706
1,1,0.835545
0,0,0.3303568
0,0,0.35259926
0,0,0.13031939
0,0,0.22193158
0,0,0.16414809
0,1,0.59075993
0,1,0.5432254
0,0,0.22319302
0,0,0.29847404
0,1,0.7512296
1,0,0.4132592
0,0,0.16948645
0,0,0.18110056
1,1,0.81854534
0,1,0.6450757
0,0,0.17530179
0,1,0.6591111
0,0,0.25874895
0,0,0.49306896
0,1,0.6161263
0,0,0.41942796
0,0,0.086944155
0,0,0.49661854
0,0,0.16894166
0,0,0.39777708
0,0,0.046318203
0,1,0.6412315
0,1,0.55850375
0,0,0.122463204
0,0,0.38693464
0,0,0.39573893
0,0,0.23063786
0,0,0.24488437
0,1,0.53710574
1,1,0.65615034
0,0,0.14179327
1,0,0.43306413
0,0,0.27928457
0,0,0.14474419
1,1,0.78969836
0,0,0.32916164
0,0,0.4195135
0,0,0.39504156
0,0,0.07178642
0,0,0.25800171
0,0,0.40197477
0,0,0.32262254
0,0,0.14893657
0,1,0.67746013
0,0,0.4366015
0,0,0.27333072
1,1,0.87452537
0,0,0.29466456
0,0,0.06686743
0,1,0.59534425
0,1,0.6631211
0,1,0.6392825
0,0,0.17955458
0,0,0.24287218
0,1,0.5834602
0,1,0.60138994
0,1,0.7714341
0,0,0.44780713
0,1,0.5005385
0,0,0.12132968
0,0,0.26736072
0,0,0.26026776
0,1,0.88322735
0,0,0.2214249
0,1,0.60874075
0,0,0.15932344
0,0,0.20467028
0,1,0.595646
0,0,0.17703062
0,1,0.8485722
0,0,0.1990038
0,0,0.3232642
0,0,0.45445803
1,1,0.8582865
0,0,0.49469158
0,1,0.81756717
0,0,0.36225706
0,0,0.21288025
0,0,0.24127315
0,1,0.7496285
1,1,0.6643576
1,0,0.23898578
0,1,0.57544047
0,0,0.47782838
0,0,0.17705591
0,0,0.31855986
0,0,0.23410909
0,1,0.7515536
0,0,0.24333341
0,0,0.36777502
0,1,0.51354223
0,0,0.15578994
0,0,0.057689436
0,1,0.58073795
0,0,0.16578187
0,0,0.4087464
0,1,0.5511585
1,1,0.51927346
0,0,0.2690769
0,0,0.35894576
0,0,0.383993
0,0,0.2820898
0,1,0.7050928
0,1,0.5329445
0,1,0.50092524
0,0,0.22748871
0,1,0.5864984
0,0,0.31741259
0,0,0.274633
0,0,0.32802024
0,0,0.16947041
0,0,0.48012742
0,0,0.3857047
0,0,0.26752293
0,0,0.2637152
0,0,0.13092555
1,1,0.6209926
1,0,0.42635408
0,0,0.41961852
0,0,0.36981982
0,0,0.36204866
0,0,0.23717482
0,0,0.24165504
0,1,0.6434244
0,1,0.6441209
0,1,0.6292378
0,0,0.057303313
0,0,0.23308066
0,1,0.55715257
0,1,0.6572004
0,0,0.4660274
0,0,0.3071132
0,0,0.2956927
0,0,0.15924315
0,0,0.21829143
0,0,0.20727889
0,0,0.47336093
0,1,0.5545495
0,0,0.21287845
0,1,0.8100102
1,0,0.18920586
1,1,0.5112133
0,0,0.3385633
0,0,0.35045126
0,0,0.4334302
0,0,0.20430301
0,0,0.1277853
0,0,0.18753986
0,0,0.40882662
0,0,0.285395
0,0,0.43475688
0,1,0.6337981
0,0,0.1569397
0,0,0.33581242
0,1,0.5030646
0,0,0.46252328
0,0,0.31216693
0,0,0.1306475
0,0,0.11130801
0,1,0.54671013
0,0,0.32243225
0,0,0.24503174
0,0,0.12584294
0,0,0.16126063
0,0,0.16259271
0,1,0.50277495
0,0,0.25279883
0,0,0.3539846
0,1,0.57859594
0,0,0.33308145
0,0,0.4677906
0,0,0.1767709
0,0,0.09533462
0,0,0.4401454
0,0,0.437646
0,1,0.6031305
0,1,0.58471894
0,1,0.59589404
0,1,0.5025434
0,1,0.74016315
0,1,0.7379553
0,0,0.09178011
0,0,0.34897193
0,0,0.45762682
0,0,0.19414148
0,1,0.68575275
0,0,0.11579892
0,0,0.13750999
0,0,0.0462921
0,1,0.7070253
0,1,0.58365506
0,1,0.74499565
0,0,0.293679
0,0,0.26473942
0,0,0.10910909
0,0,0.41224095
0,0,0.19094478
0,0,0.359407
0,0,0.40613124
0,1,0.5653841
0,0,0.27257657
0,0,0.38833463
0,0,0.22343339
0,0,0.47644025
0,0,0.30644804
0,0,0.25349662
1,0,0.25694
0,0,0.2967712
0,0,0.46912217
0,1,0.6449294
0,1,0.5014612
0,1,0.56054664
0,0,0.47298807
0,0,0.07254005
0,1,0.63216394
0,0,0.27760556
0,1,0.72354895
0,0,0.4083799
0,0,0.33766285
0,1,0.6670505
0,1,0.53819823
0,0,0.20053625
0,0,0.4209742
0,0,0.46279943
0,0,0.31153834
0,1,0.63616127
0,1,0.6491815
0,0,0.17205043
1,1,0.82261753
0,0,0.4826372
0,0,0.3422966
0,0,0.3164883
0,0,0.15644531
0,0,0.25993878
0,0,0.1781222
0,1,0.8369528
0,0,0.4974555
0,1,0.59984946
0,0,0.23226461
0,0,0.15583973
0,0,0.28684464
0,0,0.13818583
0,1,0.6114111
0,0,0.05344027
0,0,0.08125662
0,0,0.4978568
0,0,0.115146466
0,0,0.4146794
0,1,0.5260317
0,0,0.27651334
0,1,0.6245401
0,0,0.30518457
1,0,0.1222309
0,0,0.4010889
0,0,0.29290286
0,0,0.30499086
0,0,0.46118692
0,1,0.7357784
0,0,0.2597213
0,0,0.35030243
0,1,0.62559646
0,1,0.6002318
0,0,0.32706636
0,0,0.39926624
0,0,0.26735786
0,1,0.6456418
0,1,0.8481872
0,0,0.28209972
1,1,0.6114206
0,0,0.24973328
0,0,0.08804217
0,1,0.6661873
1,0,0.4976121
0,1,0.6243711
1,0,0.4691481
0,1,0.5505922
0,1,0.5103759
0,0,0.12361307
1,0,0.21184899
0,0,0.13014643
0,0,0.22169118
0,1,0.72883385
0,1,0.5288058
0,0,0.33833972
0,0,0.31793255
0,0,0.3101471
0,1,0.5735408
0,1,0.55707335
0,1,0.63246876
0,0,0.27184558
0,0,0.27144524
0,0,0.07014602
0,0,0.22562751
0,1,0.7613023
0,0,0.24620122
0,1,0.54462767
1,1,0.65623814
0,0,0.41093394
0,0,0.12640189
0,1,0.5137665
0,1,0.7766171
0,0,0.22429447
0,1,0.61293507
0,1,0.6402929
0,0,0.19030866
1,1,0.82913357
0,1,0.528812
0,0,0.2659361
0,0,0.43150675
1,1,0.8744628
0,1,0.7189347
0,0,0.1523516
0,0,0.31157514
0,0,0.13158429
0,0,0.46631542
0,1,0.7271083
1,1,0.8518829
0,0,0.3266065
0,0,0.3631517
0,1,0.74953145
0,0,0.14919575
0,0,0.36756566
0,0,0.44770187
0,0,0.42180547
0,0,0.12163687
1,0,0.19694732
0,0,0.2478171
0,0,0.22114933
0,1,0.7829097
0,1,0.6212321
0,0,0.35288864
0,0,0.19861682
0,1,0.6223736
0,0,0.47824323
0,0,0.13784993
0,0,0.121631004
0,0,0.2191171
0,0,0.1907088
0,0,0.13228783
0,0,0.09508631
0,0,0.42946494
0,1,0.7653113
0,0,0.42421284
0,0,0.41940394
0,0,0.1423744
0,1,0.59383017
0,0,0.21095408
0,0,0.18067701
0,0,0.23619093
0,1,0.6916612
0,0,0.4096657
0,1,0.64276505
0,0,0.17885906
0,0,0.04176515
0,0,0.19499195
0,1,0.6537728
0,0,0.16637614
0,1,0.58233374
0,1,0.5138667
0,0,0.282777
0,1,0.7220848
0,1,0.81268084
0,0,0.35440543
0,1,0.5446357
0,0,0.18025455
0,1,0.6538256
1,0,0.43020692
0,0,0.2878284
1,1,0.7003745
0,0,0.3959819
0,0,0.20050833
1,0,0.28330266
0,0,0.3347907
0,0,0.1133162
0,0,0.14163727
0,0,0.27177587
0,1,0.7024222
0,0,0.25552967
0,0,0.16111375
1,1,0.6071958
0,0,0.37512633
0,0,0.15420754
0,0,0.42116442
0,0,0.40368783
1,1,0.70544064
0,1,0.77191854
0,1,0.7900223
1,1,0.9251518
0,0,0.46103382
0,0,0.3174239
0,0,0.121542804
0,0,0.35101968
0,0,0.24430734
0,0,0.23379189
0,1,0.52871746
0,0,0.41503388
0,0,0.117185965
0,0,0.36554834
0,0,0.35479775
0,0,0.48402968
0,0,0.38125354
0,0,0.060143888
0,0,0.48755953
0,0,0.26039585
0,0,0.08091917
0,0,0.46211964
0,0,0.4734794
0,0,0.25806764
0,1,0.61430764
0,0,0.47905755
0,0,0.32937965
0,0,0.18581581
0,0,0.13982368
0,1,0.5210537
0,0,0.23849322
0,0,0.26861742
1,1,0.7664307
0,1,0.5343812
0,1,0.6379277
0,0,0.10066266
0,0,0.47513115
0,1,0.64691323
0,0,0.10739955
1,1,0.6602782
0,0,0.15181457
0,0,0.1636364
0,0,0.14731295
0,0,0.097491436
0,0,0.4687701
1,1,0.77235
0,0,0.46072066
0,0,0.41045004
1,1,0.6638871
1,1,0.75675005
0,0,0.054313462
0,0,0.06281305
0,1,0.77871776
0,0,0.3482582
0,0,0.25070006
0,0,0.424416
0,0,0.12009917
0,0,0.19632803
0,0,0.20756511
0,0,0.14494039
0,0,0.30102572
0,1,0.6173126
0,0,0.43181574
0,0,0.44155282
0,0,0.30641934
0,1,0.75445837
0,1,0.7390242
0,0,0.15192658
0,0,0.13527158
0,0,0.07796597
0,1,0.8252381
0,1,0.50215024
0,1,0.55830145
0,1,0.65681994
0,1,0.8179668
0,0,0.08138695
0,0,0.1317839
0,0,0.24078703
0,1,0.80124384
0,0,0.28456712
0,0,0.46463585
0,1,0.5040249
0,0,0.13402343
0,0,0.29242143
0,1,0.7735815
0,1,0.63416576
0,0,0.2151718
0,0,0.35788047
0,0,0.2570469
1,1,0.7052904
0,0,0.37023678
0,0,0.36211404
0,0,0.4349789
0,0,0.37205145
0,1,0.6845351
0,0,0.28021386
0,1,0.57180214
1,0,0.39958775
0,0,0.07971244
0,0,0.3464251
0,0,0.090600014
0,0,0.2849799
0,0,0.28374878
1,1,0.92617196
0,0,0.14905286
0,0,0.2141635
0,0,0.2416654
1,1,0.6622293
0,1,0.54565156
1,1,0.76389694
0,0,0.20017137
1,0,0.2485943
0,0,0.39993632
0,0,0.18465656
0,1,0.5498573
0,0,0.3760337
0,0,0.094810314
0,0,0.41839513
0,1,0.66844636
1,0,0.49517423
0,1,0.61740893
0,0,0.1826363
0,0,0.09134133
0,0,0.13011354
0,0,0.31231153
0,0,0.45928958
0,1,0.6975743
0,0,0.3481347
0,0,0.4687758
0,1,0.588853
0,1,0.666089
0,0,0.34645042
0,0,0.14790846
0,0,0.08675957
0,1,0.7462581
0,0,0.3763775
0,0,0.40410334
0,0,0.21970004
0,0,0.46593013
0,0,0.24597524
0,1,0.5394119
1,1,0.7684708
1,1,0.7551635
0,0,0.28646073
1,0,0.33106902
0,0,0.111068845
1,1,0.51019245
0,0,0.3248271
1,1,0.76449656
0,0,0.34000966
0,0,0.35798207
0,0,0.25867885
0,0,0.3680294
0,1,0.5873652
0,0,0.1757503
0,0,0.10005515
0,0,0.062387742
0,0,0.13412425
0,0,0.12366578
0,0,0.3732874
1,0,0.26645795
0,1,0.6497761
1,1,0.71870184
0,1,0.6065609
0,0,0.32787955
0,0,0.3222886
0,1,0.535371
0,0,0.230374
0,0,0.20544735
0,0,0.1403846
0,0,0.1274639
0,0,0.20856597
1,0,0.4027522
0,0,0.263245
1,1,0.67840457
0,0,0.29397145
0,0,0.3929081
0,0,0.14705992
1,1,0.60483193
0,0,0.4758287
1,1,0.5436476
0,0,0.24707831
0,0,0.44975233
0,1,0.503128
0,0,0.4908926
0,0,0.30128795
0,0,0.15039119
0,0,0.10488539
0,0,0.4960961
0,1,0.6335802
0,1,0.83163613
0,0,0.20561342
0,0,0.4091254
0,0,0.23911215
0,1,0.5643505
0,0,0.3417745
0,0,0.14888433
0,1,0.5063241
0,1,0.6727439
0,0,0.19590832
0,0,0.23120254
0,0,0.23420937
1,0,0.32157207
0,0,0.26044255
0,1,0.6708437
0,0,0.19396843
0,1,0.6383725
0,1,0.50861186
0,0,0.12678592
0,1,0.63961047
0,0,0.41432574
0,0,0.16603614
0,0,0.33182707
0,0,0.24717613
0,0,0.23017247
0,0,0.39750215
0,0,0.28160775
0,0,0.11235881
0,1,0.57623166
0,1,0.78608775
0,0,0.4598858
0,0,0.3031116
0,1,0.87924045
0,0,0.44419762
0,0,0.11310578
0,0,0.17929311
0,0,0.2615545
0,0,0.27631515
0,1,0.63794804
0,1,0.50384843
0,1,0.6960646
0,0,0.4249849
1,0,0.33299297
0,0,0.3081219
0,0,0.25738576
0,0,0.20580494
0,1,0.91293895
0,1,0.54990417
0,0,0.335516
0,1,0.6217589
0,0,0.21735199
0,0,0.1874948
0,0,0.39813897
0,1,0.74712896
0,1,0.67468286
1,1,0.8228897
0,0,0.25062433
0,0,0.3502779
0,0,0.36893973
0,0,0.13857016
0,0,0.1429117
1,1,0.88092625
1,0,0.33679843
0,1,0.56671315
0,1,0.5909677
1,1,0.707539
0,0,0.44740522
0,0,0.08183802
0,1,0.81715584
0,0,0.32775193
0,0,0.3902575
0,1,0.61783165
0,0,0.24252108
0,0,0.15233283
1,0,0.23383193
0,0,0.25927883
0,0,0.2768289
0,1,0.59131014
0,0,0.443212
0,1,0.50944245
0,0,0.101624854
0,0,0.42445785
0,0,0.1706902
0,0,0.4447919
0,0,0.36783537
0,0,0.38639238
0,0,0.3171931
0,0,0.32546574
0,0,0.36552
0,0,0.19614044
0,0,0.07210957
0,0,0.49908495
0,1,0.7427973
0,1,0.5300131
0,0,0.15661892
0,1,0.6325107
0,0,0.49624512
0,1,0.5181206
0,0,0.48688003
0,1,0.5402809
0,1,0.81288016
0,1,0.683236
0,0,0.15996724
0,0,0.30328715
0,1,0.7060002
1,1,0.67408353
0,0,0.3247024
0,1,0.55150986
0,1,0.6798444
0,1,0.8129152
0,1,0.731932
0,0,0.2800298
0,0,0.46532246
0,1,0.5060849
0,0,0.35897
1,1,0.7278773
0,0,0.17045087
0,1,0.6655693
0,1,0.7739806
0,0,0.3776549
0,0,0.17105024
0,1,0.62317437
0,0,0.2759786
0,1,0.53878325
0,0,0.14334407
0,0,0.33461395
0,0,0.1894127
0,0,0.3153492
0,1,0.67411387
0,0,0.4191019
0,0,0.2426987
0,0,0.4874886
0,1,0.5558233
0,1,0.7163264
0,1,0.6963216
0,1,0.57698125
0,1,0.5109613
0,0,0.16847011
0,1,0.5903809
1,0,0.47176138
0,0,0.25719965
0,1,0.73068374
0,0,0.29430306
0,0,0.16909678
1,1,0.5738104
1,0,0.3571227
0,0,0.3969347
0,0,0.14241123
0,0,0.18720631
0,0,0.4903171
0,0,0.19174936
0,0,0.16163076
0,0,0.3667076
0,0,0.45669755
0,0,0.43277064
0,0,0.23015161
0,0,0.4366721
0,0,0.3275265
0,1,0.5718509
0,0,0.15480451
0,0,0.23256241
0,0,0.4998528
0,1,0.6948091
0,0,0.4000662
0,0,0.37249994
0,1,0.53512627
0,0,0.43868393
0,0,0.33453548
0,0,0.12697111
0,0,0.49558377
0,0,0.3014277
0,1,0.70879847
0,1,0.562006
0,0,0.49144423
0,1,0.56963974
0,1,0.5460504
1,1,0.61750245
0,0,0.17758565
1,0,0.4474787
0,1,0.72742116
0,0,0.37261844
0,1,0.52184415
0,0,0.46014705
1,1,0.8439984
0,0,0.40119803
0,0,0.4876556
0,0,0.46719387
0,0,0.4226739
0,0,0.31763783
0,0,0.32051435
0,0,0.24100013
0,1,0.5896228
0,1,0.60710317
0,0,0.3769651
0,0,0.23681359
0,0,0.16713792
0,0,0.4427564
0,1,0.680008
0,0,0.46922293
0,0,0.2507117
0,0,0.35954642
0,0,0.44372153
0,1,0.65824014
1,1,0.7526568
0,0,0.41159976
0,1,0.5578308
0,0,0.12640414
0,0,0.4174688
0,0,0.2504195
0,0,0.18677686
0,0,0.16112691
0,1,0.65690935
0,0,0.24460982
0,0,0.18387485
0,0,0.4374481
0,0,0.4641593
0,0,0.4392589
0,0,0.159643
1,1,0.5914654
0,0,0.29841584
0,1,0.79758847
1,0,0.17043282
0,1,0.89796686
1,0,0.41429293
0,0,0.15738572
0,0,0.18473907
0,0,0.36096132
0,1,0.64194626
0,0,0.38680503
0,0,0.07538489
0,0,0.47064257
0,0,0.09180317
0,0,0.22143428
0,0,0.43660432
0,0,0.14557113
0,0,0.25159672
0,0,0.31367242
0,0,0.17228377
0,1,0.5004059
0,1,0.5030682
0,0,0.23449281
1,0,0.36448196
0,0,0.21079917
0,1,0.63104844
0,0,0.22122711
0,0,0.40056044
0,0,0.20135343
1,1,0.5207771
0,0,0.21974735
0,1,0.5874212
0,0,0.26699743
0,0,0.49213487
0,0,0.1848232
0,0,0.0853002
0,0,0.290174
0,1,0.64743876
0,1,0.5015823
0,1,0.5849852
0,0,0.16174957
0,0,0.41196746
0,0,0.30579868
0,1,0.6776865
0,0,0.14409551
0,0,0.4110078
0,0,0.12800738
0,0,0.31934613
0,0,0.49875486
0,0,0.36555448
0,1,0.6552591
1,1,0.5629268
0,1,0.7172908
0,0,0.35701734
0,0,0.4638511
0,0,0.058659922
0,0,0.21041808
0,0,0.3480897
0,0,0.24401204
0,0,0.29824686
0,0,0.3675362
0,1,0.75077474
0,0,0.30300108
0,1,0.50088906
0,1,0.5030789
0,1,0.77385753
0,0,0.19590366
0,0,0.37828824
0,0,0.2585895
1,1,0.9232548
0,1,0.69481266
0,0,0.27465945
0,1,0.708982
0,0,0.23526524
0,1,0.5386226
0,0,0.16042328
0,0,0.17022888
0,0,0.028899135
0,1,0.5546613
0,0,0.26599193
0,0,0.10636699
0,1,0.571727
0,0,0.3134743
0,0,0.11288557
0,0,0.24931754
0,0,0.15413876
0,0,0.35034987
0,0,0.29655075
0,1,0.6451076
0,0,0.23987201
0,0,0.17269301
0,1,0.5378976
0,0,0.11239507
0,0,0.10838301
0,0,0.44718075
0,0,0.36726445
0,1,0.7936358
0,1,0.80834854
0,0,0.10845348
0,0,0.3844138
0,1,0.610021
0,1,0.63587654
1,0,0.26712197
0,1,0.54638314
0,1,0.54864544
0,0,0.40986526
0,0,0.31394336
0,0,0.18284588
0,0,0.10790684
0,0,0.2696789
0,0,0.09904166
0,0,0.37135592
0,1,0.8650748
0,0,0.3770178
0,0,0.39113438
0,0,0.32359788
0,0,0.23111023
0,0,0.43783653
0,0,0.2266685
0,0,0.22309305
0,0,0.14427704
0,0,0.30461854
0,1,0.5439113
1,1,0.7458858
0,0,0.4248732
0,0,0.28395116
0,0,0.17140482
0,0,0.4928533
0,1,0.6074134
0,1,0.63434064
0,1,0.6728623
0,0,0.4287326
0,0,0.40257055
1,1,0.51601225
0,0,0.12242011
0,1,0.7503264
0,0,0.08325248
0,0,0.19792072
0,0,0.40989354
0,0,0.38701016
0,1,0.5322112
0,0,0.44474727
0,0,0.31252414
0,0,0.27854934
0,0,0.29578862
0,1,0.55214745
0,1,0.8529369
0,0,0.23561864
0,1,0.83811545
1,1,0.728085
0,1,0.66344875
0,0,0.09888721
0,0,0.05976851
0,0,0.23435469
0,0,0.46052507
0,1,0.6531855
0,1,0.5345817
0,0,0.31319758
0,0,0.38054046
0,0,0.17386425
0,0,0.3051422
0,0,0.289377
0,0,0.35884333
0,0,0.11589351
0,0,0.32024908
0,0,0.42473155
0,1,0.57175833
0,0,0.09812877
1,1,0.877511
0,1,0.5832467
0,0,0.3444624
0,0,0.17382875
0,0,0.24788363
0,0,0.45666286
0,0,0.311921
0,0,0.29504126
0,1,0.64141935
0,0,0.1762214
0,0,0.47693628
0,0,0.18154982
1,0,0.345295
0,0,0.35664722
0,1,0.6212956
1,0,0.19806549
0,0,0.44487634
0,0,0.1136498
0,0,0.34111232
1,0,0.40091193
0,0,0.2107906
0,0,0.3118418
0,1,0.6155576
0,0,0.11283318
0,0,0.22788316
0,0,0.15502395
0,1,0.7630938
0,0,0.10786641
1,0,0.19540836
0,0,0.2329467
0,0,0.30155253
0,0,0.4026584
0,0,0.1916199
0,1,0.60767263
0,0,0.42817634
0,1,0.55300653
1,0,0.47779888
0,0,0.18621416
0,1,0.5025811
0,1,0.6118283
1,0,0.3209221
0,0,0.33136868
0,0,0.28438023
0,0,0.3163401
0,0,0.34847513
0,0,0.2156035
0,0,0.2283878
0,0,0.16152486
1,1,0.7167078
0,0,0.36148426
0,1,0.83859825
0,0,0.2614924
0,1,0.5813343
0,0,0.16966794
0,0,0.44714993
0,0,0.14316739
0,0,0.3260061
0,0,0.08678305
0,1,0.5828692
0,0,0.2168544
0,1,0.6954646
0,1,0.5640109
0,1,0.7294712
0,1,0.5555538
0,1,0.7738571
0,0,0.3474837
0,0,0.22958148
0,0,0.2721726
0,0,0.46105105
0,0,0.49448588
0,0,0.33316305
0,0,0.12810703
0,0,0.12616503
0,0,0.3968673
0,0,0.20353203
0,0,0.48377606
0,0,0.14501101
0,1,0.53061867
0,0,0.44157198
0,0,0.068039425
0,0,0.05061935
0,0,0.21625243
0,1,0.82605195
0,1,0.6991558
0,0,0.14847916
0,1,0.84844834
0,0,0.40422183
0,0,0.26333004
0,0,0.4273559
0,0,0.21192245
0,0,0.20209251
0,0,0.14669053
0,0,0.14596203
0,0,0.105335265
0,0,0.28479442
0,0,0.3285058
1,1,0.7191635
1,1,0.6557849
0,0,0.12085618
0,0,0.3168516
0,0,0.32251084
0,1,0.54342633
0,0,0.24179842
0,0,0.44289964
0,0,0.2147271
0,0,0.15441532
0,0,0.43430954
0,0,0.32425436
0,1,0.6485354
0,1,0.6625243
1,1,0.73924255
0,0,0.16479708
0,1,0.5137393
0,0,0.118892744
1,1,0.5413882
1,0,0.39162457
0,0,0.06256215
0,1,0.65762854
0,0,0.24751213
0,0,0.17227475
0,0,0.20840529
0,1,0.53786933
0,0,0.14771612
0,0,0.27014208
0,0,0.476077
0,1,0.57541186
0,0,0.30404538
1,1,0.6811831
0,0,0.3013199
0,0,0.19229998
0,0,0.12708482
0,1,0.55962473
0,1,0.57405806
0,0,0.48395407
0,0,0.371941
0,0,0.15452257
0,0,0.4266093
0,0,0.40774342
0,0,0.46505302
0,1,0.65753007
0,0,0.22804217
0,1,0.5610921
1,0,0.4794841
0,1,0.5541718
0,0,0.3607989
0,0,0.31295347
0,0,0.12695846
0,0,0.08126458
0,0,0.4493096
0,0,0.15699741
0,1,0.7036552
0,1,0.68790734
0,0,0.07859005
0,0,0.38193417
0,1,0.5101166
0,0,0.19801179
0,0,0.4950722
0,0,0.24829459
0,0,0.4097584
0,0,0.06600498
0,0,0.32427976
0,1,0.68162453
0,0,0.30467927
1,1,0.675641
0,0,0.09858592
1,1,0.5017637
0,0,0.30409935
0,1,0.5111939
0,1,0.7811942
0,0,0.13287741
0,0,0.26111466
0,1,0.68423176
0,1,0.69885385
1,1,0.5622612
0,0,0.4777241
0,0,0.401692
0,1,0.84982663
0,0,0.2765831
0,0,0.38425875
0,0,0.06640287
0,0,0.18212236
0,1,0.51325583
0,0,0.0859788
0,1,0.54893905
0,0,0.3812674
1,1,0.5384318
0,1,0.5886595
0,0,0.24243262
0,0,0.18646567
0,0,0.47893238
0,0,0.3167735
0,0,0.28706482
0,0,0.24773084
0,1,0.65161747
0,1,0.6815287
1,1,0.7162942
0,1,0.5977837
0,1,0.50785005
0,0,0.12818804
0,1,0.5065698
0,1,0.78004944
0,0,0.36166978
0,0,0.3055824
0,0,0.14829889
0,0,0.45316178
0,1,0.6124949
0,0,0.35684252
0,0,0.23465027
0,0,0.39689335
0,0,0.1968406
0,0,0.17116223
0,0,0.3605231
0,0,0.45829582
0,0,0.3546749
0,1,0.60881716
0,0,0.33164805
0,0,0.3762808
0,1,0.5534908
0,0,0.23843813
0,0,0.22539458
0,0,0.26525214
0,0,0.3546374
0,0,0.44905886
0,0,0.35654938
0,0,0.16316178
1,1,0.7726194
0,1,0.58577496
0,0,0.16048369
0,1,0.5543373
0,0,0.3886662
0,0,0.08672722
0,0,0.31888554
0,0,0.107831284
0,0,0.2307428
0,1,0.5223422
1,1,0.6912371
0,0,0.124956936
0,0,0.18853547
0,0,0.1980681
0,0,0.4183888
0,0,0.1409865
0,0,0.17513344
0,0,0.15661058
0,0,0.45782727
0,1,0.5340288
0,1,0.6152463
0,0,0.06574382
0,1,0.54666287
0,0,0.09890519
0,1,0.5387082
0,0,0.21317817
0,0,0.21540816
0,0,0.49109018
0,0,0.2961221
1,1,0.52119017
0,1,0.5366116
0,0,0.49676052
0,0,0.09448207
0,0,0.14423192
0,1,0.59626377
0,0,0.33416036
0,0,0.47606975
0,1,0.66699195
0,0,0.11395512
0,0,0.32304308
0,0,0.19861317
0,0,0.22387388
0,1,0.7318949
0,0,0.39590076
0,0,0.21126819
0,1,0.85981125
0,0,0.09572656
0,1,0.83947605
0,0,0.35406235
0,1,0.6962327
1,1,0.6256513
0,1,0.77345955
0,1,0.57653415
0,0,0.25725183
0,0,0.2944421
0,0,0.17625041
1,1,0.77967113
0,0,0.14219393
0,0,0.092775136
0,0,0.4472912
0,0,0.34990025
0,0,0.48742768
0,0,0.2941589
0,0,0.47715595
0,1,0.61102295
0,0,0.22728004
0,0,0.17428522
0,0,0.20050459
1,0,0.4555086
0,1,0.61892045
0,1,0.78482866
1,1,0.5653782
0,1,0.6397755
0,0,0.10198686
0,0,0.10878834
0,0,0.46405876
0,0,0.30223987
1,1,0.75038
0,1,0.5495586
0,0,0.26961565
0,0,0.45847246
0,0,0.17977323
0,0,0.23690213
0,0,0.09784198
0,1,0.8537482
1,1,0.81498927
0,1,0.6288078
0,1,0.68121606
0,0,0.4225312
0,0,0.36543655
0,0,0.19089891
0,0,0.3026204
0,0,0.17757727
0,0,0.23475397
0,0,0.31986758
0,0,0.47669712
0,0,0.18380891
0,0,0.11325015
0,1,0.5379772
0,0,0.47117132
0,0,0.12726536
0,0,0.4206268
0,0,0.23492984
0,0,0.4151849
0,0,0.46931234
0,1,0.734429
0,0,0.372094
0,1,0.6499393
0,0,0.33577836
0,1,0.64653057
0,1,0.5899412
0,0,0.44304726
0,0,0.39356196
0,1,0.5688542
0,0,0.2701811
0,1,0.5689541
0,1,0.71059936
0,0,0.17438123
0,0,0.38767058
0,0,0.16135573
1,1,0.57354623
0,0,0.14877556
1,1,0.58181006
0,0,0.213846
0,0,0.25980186
0,0,0.25992286
0,1,0.7478348
0,0,0.36885992
0,1,0.5166773
0,0,0.49479914
0,0,0.49623713
0,0,0.2790897
0,0,0.14333372
0,0,0.12878528
0,0,0.25877383
0,1,0.52797943
0,0,0.19180255
0,0,0.42674473
0,0,0.28229752
0,0,0.25083977
0,0,0.20015761
0,0,0.19451636
0,1,0.7563418
0,1,0.6833832
0,0,0.10461845
1,1,0.5213306
0,0,0.26573834
0,0,0.34505752
0,1,0.70143783
0,0,0.29807937
0,0,0.1884825
0,0,0.48654184
0,0,0.078127295
0,0,0.37369248
1,0,0.3839365
0,1,0.5015525
0,0,0.29783133
0,0,0.19536977
0,0,0.08578556
0,0,0.30928114
1,1,0.7933507
0,0,0.32508615
0,0,0.17687175
0,1,0.75652486
0,0,0.38136762
0,0,0.197877
0,1,0.535341
0,0,0.46097353
0,0,0.23998916
1,1,0.7248741
0,1,0.84342426
1,0,0.23427203
0,0,0.45934078
0,0,0.10346701
0,0,0.48129517
0,1,0.7262888
0,1,0.50085324
0,0,0.17340887
0,0,0.4771784
0,0,0.19587137
0,0,0.28112367
0,0,0.48088434
0,0,0.40941927
1,1,0.8411632
0,1,0.5342835
0,0,0.2332888
0,0,0.1764659
0,0,0.12769632
0,0,0.2308922
0,0,0.4745275
0,0,0.18700543
0,0,0.17265189
0,0,0.3177816
0,1,0.62555605
0,0,0.24758449
0,0,0.36805183
0,0,0.19261043
0,0,0.33940354
0,0,0.45666957
0,0,0.49185103
0,1,0.6621109
0,0,0.29226464
1,1,0.8338614
0,0,0.45770377
0,1,0.5190767
0,0,0.2884679
0,0,0.34044763
0,1,0.5674736
0,0,0.23444964
0,0,0.45659873
0,1,0.6048469
0,1,0.7114061
0,1,0.68730706
0,0,0.11799933
0,1,0.6785932
1,0,0.16314134
0,0,0.21385483
0,0,0.12467096
0,0,0.44182307
0,0,0.23919891
0,1,0.6918416
0,0,0.2697214
0,0,0.32324347
0,1,0.50683075
0,1,0.598552
0,0,0.21960478
0,0,0.23348364
0,0,0.28093082
0,1,0.5260568
0,1,0.66134334
0,0,0.26116264
1,1,0.7930476
0,0,0.30724493
0,0,0.18196332
0,0,0.16698667
0,0,0.14973593
0,1,0.7218714
0,0,0.16372873
0,1,0.59688383
1,1,0.85698754
0,0,0.26914546
0,0,0.39365044
0,0,0.40567
0,0,0.33620492
0,0,0.18005511
0,0,0.43198422
0,1,0.5204357
0,0,0.03551742
0,0,0.44689396
0,0,0.4030971
0,1,0.52351546
1,1,0.8366671
0,0,0.29860216
0,0,0.49353114
0,1,0.58847404
0,0,0.3759116
0,0,0.19294392
0,1,0.60315937
0,0,0.2683331
0,0,0.3566067
1,0,0.4590515
0,0,0.22580503
1,0,0.4661407
0,0,0.46095416
0,0,0.16896589
0,1,0.5879657
0,0,0.4659852
0,1,0.69339657
0,0,0.2735068
0,0,0.04563711
0,1,0.6356544
0,0,0.36733994
0,0,0.27378085
0,1,0.7502773
0,1,0.58876246
0,0,0.3399845
0,0,0.38622078
0,0,0.13860098
0,1,0.5604051
0,0,0.17888702
0,0,0.06678121
0,0,0.44865516
0,1,0.7375241
0,0,0.28876483
0,0,0.19441077
0,0,0.11940997
0,0,0.22582188
0,0,0.16353998
0,0,0.1419425
0,0,0.3463267
0,0,0.28792736
0,1,0.52297634
0,0,0.2594717
0,0,0.3739341
0,0,0.33132556
0,0,0.41398615
1,0,0.21120955
0,0,0.37114248
0,0,0.21384057
0,0,0.1373786
0,0,0.19422889
0,1,0.5106136
0,0,0.44671476
1,0,0.32859266
0,1,0.83359283
0,0,0.2177987
0,0,0.22336046
0,0,0.098800756
0,0,0.19480115
0,0,0.0726827
0,0,0.45242587
1,1,0.5050538
0,0,0.25106296
0,1,0.6913864
0,1,0.66776663
0,1,0.61031103
0,0,0.46688476
0,0,0.08275506
0,0,0.40883338
0,0,0.19976921
0,1,0.74746335
0,1,0.703777
0,1,0.53755265
0,0,0.39254647
0,0,0.05834961
0,0,0.21580927
0,0,0.28554043
0,0,0.14955996
0,0,0.35445574
0,0,0.121842846
1,1,0.5524115
1,1,0.8321103
1,1,0.6159122
0,0,0.49091315
0,0,0.21503788
0,0,0.1556107
0,0,0.40040064
0,0,0.37563702
0,1,0.59758043
0,0,0.46341875
0,0,0.13301183
0,1,0.6337405
0,0,0.47367725
1,1,0.80198896
0,1,0.6098719
0,1,0.6073194
0,1,0.64500624
0,0,0.2953778
0,1,0.57361007
0,0,0.15152945
0,0,0.24507639
0,0,0.14732538
0,1,0.61260515
0,0,0.2113488
0,0,0.28735787
0,0,0.4912194
0,1,0.6371387
0,0,0.4496483
0,0,0.22767082
0,0,0.1315732
0,1,0.6919585
0,1,0.57264906
0,0,0.098229885
0,0,0.3435378
0,0,0.42643407
0,0,0.43650934
0,0,0.31693658
0,0,0.2564574
0,0,0.36126277
0,0,0.26925614
0,0,0.3171378
0,0,0.19975086
0,0,0.26619
0,0,0.3289359
0,0,0.37564337
0,0,0.17942709
0,0,0.3914941
0,0,0.2314273
0,0,0.2614474
0,1,0.501837
0,0,0.1595331
0,0,0.2131314
0,0,0.17100066
0,0,0.3305566
0,1,0.8333417
0,0,0.19945972
0,0,0.322309
0,0,0.36160767
0,1,0.8057029
0,0,0.28948468
0,0,0.41120562
0,0,0.19150548
0,1,0.50224996
0,1,0.61330634
0,0,0.30417225
0,0,0.398551
0,0,0.27211562
0,0,0.25231612
0,0,0.27753118
0,1,0.75736046
0,1,0.5909952
0,0,0.05935205
0,1,0.5104052
0,0,0.3700569
0,0,0.04609603
0,1,0.6132071
0,0,0.24465844
0,0,0.12504444
0,0,0.24338266
0,1,0.5173681
0,1,0.819208
0,0,0.14041664
0,1,0.56800824
0,0,0.10610162
0,1,0.724878
0,1,0.6574878
0,1,0.63367283
0,0,0.24992724
0,0,0.46723467
0,0,0.20258607
0,1,0.578003
0,0,0.44303167
1,0,0.34263176
0,1,0.6348561
0,1,0.59821784
0,0,0.48759773
0,0,0.11263103
0,0,0.33885887
0,0,0.114893675
1,1,0.8568943
0,1,0.5057924
0,0,0.23659526
0,0,0.20483312
0,1,0.70007074
1,1,0.6740508
0,0,0.18973193
0,1,0.780421
0,0,0.48807475
0,0,0.20436107
0,0,0.14081044
0,0,0.20302266
0,0,0.19495378
0,0,0.3445536
0,0,0.14921348
0,0,0.39562532
0,0,0.19248748
0,0,0.42204165
0,0,0.16967797
0,0,0.24311435
0,1,0.62061834
0,0,0.19283295
0,0,0.40191576
0,0,0.20605019
0,1,0.6437427
0,0,0.10700517
0,0,0.44086856
0,0,0.424223
0,0,0.37234738
0,0,0.2833648
0,1,0.76509356
0,0,0.31860155
0,0,0.4767634
0,0,0.16594045
0,1,0.6209143
0,0,0.119695485
0,1,0.7293656
0,0,0.27648115
0,0,0.29622972
0,0,0.27335915
0,0,0.43499878
0,0,0.46891704
0,0,0.3969295
0,0,0.21597311
0,0,0.13426927
0,1,0.61576205
0,0,0.068701185
0,1,0.7643881
0,0,0.43425626
0,0,0.43451107
1,1,0.8231229
0,1,0.59262824
0,0,0.19117829
0,0,0.2219184
0,0,0.37912878
0,0,0.10463565
0,1,0.5548428
0,1,0.5779457
0,1,0.78630865
0,0,0.14231238
0,0,0.3462395
0,0,0.25179538
0,1,0.74276906
0,0,0.092807665
0,0,0.29560935
0,0,0.24437557
0,0,0.425588
0,1,0.7271275
0,1,0.59383637
0,0,0.21457706
0,1,0.6191792
0,0,0.32590654
0,1,0.62317735
0,0,0.2372197
0,1,0.688921
0,1,0.5603274
0,0,0.20648193
0,0,0.25143012
1,1,0.85866725
0,0,0.25065637
0,1,0.7667377
0,0,0.2523605
0,0,0.094037436
0,0,0.049302254
0,0,0.14138266
0,0,0.3029675
0,1,0.5908874
0,0,0.19260569
0,0,0.19617283
0,0,0.23584482
0,1,0.85930127
0,1,0.6690272
0,0,0.25473282
0,0,0.46045926
0,1,0.6379801
0,0,0.15045416
0,0,0.090924926
0,0,0.09523633
0,0,0.48805213
0,1,0.5749118
0,1,0.6239503
0,0,0.14599441
0,0,0.2525209
0,1,0.6233535
0,1,0.5469081
0,0,0.20015784
0,1,0.8379271
0,0,0.2613476
0,0,0.2607956
0,0,0.24145177
0,0,0.17437033
0,0,0.26536486
0,0,0.27999395
0,0,0.25981554
0,0,0.13826339
0,0,0.11256038
0,1,0.7971338
1,1,0.7642831
0,0,0.13611898
0,1,0.67060673
0,0,0.3575252
0,0,0.289364
0,0,0.12963414
0,0,0.29096475
0,0,0.092275895
0,0,0.27602947
0,0,0.29948652
0,0,0.4554884
0,0,0.34315303
0,0,0.4136608
0,0,0.15710142
1,1,0.8002672
0,0,0.26474702
0,0,0.22471605
0,0,0.45229945
0,0,0.26612186
1,1,0.8068802
0,0,0.39906082
0,0,0.37279648
0,0,0.27578166
0,1,0.5867315
0,0,0.30241406
0,0,0.2664986
0,1,0.6696791
0,0,0.17421287
0,0,0.1354756
0,0,0.4108123
0,0,0.49898532
0,0,0.17013742
0,0,0.36768618
0,0,0.35679284
1,1,0.70205045
0,1,0.7130725
0,0,0.27697825
0,0,0.3029028
0,0,0.23322336
0,0,0.16850834
0,0,0.15121496
1,1,0.7260586
0,0,0.1265772
0,0,0.11710788
0,1,0.82616824
1,1,0.888978
0,0,0.3233126
0,0,0.09339534
0,0,0.40101978
0,1,0.51163495
0,0,0.21459106
1,0,0.3390154
0,0,0.33030826
1,1,0.71746856
0,1,0.67029774
0,0,0.43355712
1,1,0.71906054
0,0,0.11543396
0,0,0.3274719
0,0,0.32582262
0,0,0.432391
0,0,0.10884311
0,0,0.10213389
0,1,0.6707703
0,1,0.6835272
0,0,0.05825373
0,0,0.46311727
0,0,0.4247813
1,1,0.6121968
0,0,0.4257599
0,1,0.7820748
0,0,0.49603292
0,0,0.4020958
0,0,0.109533966
0,1,0.7534164
0,0,0.41998345
0,1,0.5425221
0,0,0.25962558
0,1,0.6596808
0,0,0.36322924
0,0,0.14095742
1,1,0.6999783
0,0,0.25986898
0,0,0.18066351
0,0,0.3066539
0,0,0.40623823
0,0,0.3524925
0,0,0.1373612
0,0,0.4206973
0,1,0.5092318
0,0,0.2997344
0,0,0.45166335
0,0,0.24701829
0,0,0.10215429
0,0,0.28395876
0,0,0.36770257
0,0,0.20458563
0,0,0.39027706
0,0,0.39176974
0,0,0.10620059
0,0,0.06301062
0,0,0.10479267
0,1,0.61180735
0,0,0.31204802
1,1,0.538692
0,1,0.6079072
1,0,0.43485695
0,0,0.16897984
0,0,0.38397563
0,0,0.13444412
0,1,0.7971574
0,0,0.3189327
0,0,0.15756685
0,1,0.5348505
0,1,0.75767326
0,1,0.5773732
0,0,0.3151284
0,1,0.6075263
0,0,0.33443376
0,0,0.24314626
0,0,0.27094293
0,0,0.25480413
0,0,0.22717763
0,0,0.30786106
0,0,0.22908802
1,1,0.6510363
0,0,0.28507015
0,0,0.3578939
0,1,0.8832254
0,0,0.4921083
1,1,0.65101665
0,0,0.4692121
1,0,0.28335744
0,0,0.13757265
0,0,0.28983954
0,0,0.20412913
0,1,0.55051035
0,1,0.8068715
0,0,0.13024728
0,1,0.5029797
0,0,0.37697563
0,1,0.6160931
1,0,0.2776052
1,1,0.6202075
0,0,0.1456002
0,0,0.24213678
1,1,0.5248633
0,0,0.26829183
0,1,0.51289356
0,0,0.43435663
0,0,0.2838208
0,0,0.16536362
0,0,0.33056933
0,0,0.47833097
0,0,0.36479726
0,0,0.34115848
0,1,0.50208426
0,1,0.79441184
0,1,0.513165
0,1,0.6127676
0,0,0.32051355
0,0,0.061569333
0,0,0.33179456
0,0,0.41980365
0,1,0.6958569
0,0,0.18035404
0,1,0.5228846
0,0,0.23208095
0,0,0.4934097
0,0,0.39430106
0,0,0.33484045
0,0,0.48812678
0,1,0.7793711
0,0,0.38355058
0,0,0.34572026
0,0,0.23705277
0,0,0.14799017
0,0,0.35625085
0,0,0.14431007
0,0,0.21434921
1,0,0.28541812
0,0,0.115652844
0,0,0.19806945
0,0,0.08881204
0,0,0.20412171
0,0,0.42074484
0,0,0.07686826
0,1,0.66125333
1,0,0.055479936
0,0,0.46012092
0,0,0.47564572
0,0,0.10822082
0,1,0.69281346
1,0,0.49612385
0,0,0.42224917
0,0,0.17160523
0,0,0.13185093
0,0,0.48608646
0,0,0.39330953
1,1,0.8546327
0,1,0.55236304
0,0,0.24556231
0,0,0.44206885
0,0,0.35959414
0,1,0.5295291
0,1,0.8535556
0,0,0.29962963
0,0,0.26636022
0,0,0.43678027
0,1,0.5107231
0,1,0.58549565
0,0,0.25977683
0,0,0.2100287
0,1,0.5341422
0,1,0.5826826
0,0,0.19103341
0,0,0.098862894
0,0,0.2753537
0,0,0.32005128
0,0,0.41406184
0,0,0.2624953
0,1,0.70182437
0,0,0.2761966
0,0,0.35655198
0,0,0.13381061
1,0,0.21977928
0,0,0.45211652
0,0,0.4854849
0,1,0.71908146
0,1,0.6922935
0,0,0.33393857
0,0,0.4183429
0,1,0.5619829
0,0,0.23292698
0,0,0.4985485
0,0,0.119108476
0,0,0.27853814
0,1,0.8263103
0,0,0.2392905
0,0,0.41670927
0,0,0.23967835
0,0,0.180924
0,0,0.14881401
0,1,0.6773143
0,0,0.12047438
0,0,0.3977905
0,0,0.33246645
0,0,0.2790164
0,0,0.022774165
0,1,0.69830364
0,0,0.112913914
0,0,0.11294714
0,1,0.5933388
0,1,0.7385173
0,0,0.2313039
0,0,0.20522231
0,0,0.1706089
0,0,0.05878277
0,0,0.33203256
0,0,0.3352479
1,1,0.62499094
0,1,0.61981046
0,0,0.10356824
0,0,0.27503622
0,0,0.24108697
0,1,0.50302565
0,0,0.2890146
0,0,0.3671623
0,1,0.75985956
0,0,0.030824015
0,0,0.3207399
0,0,0.42640954
0,0,0.46513122
0,0,0.24605536
0,0,0.23189144
1,1,0.90945464
0,0,0.26150227
0,0,0.47304562
0,0,0.40895122
0,0,0.045573883
0,1,0.61953866
0,0,0.3452679
0,1,0.64762557
0,0,0.16634202
0,0,0.25014755
0,1,0.7079766
0,0,0.33054772
0,0,0.17686868
0,0,0.22800149
0,0,0.08674861
0,1,0.6715139
0,0,0.3487961
0,1,0.7861293
0,0,0.35310096
0,0,0.32453296
0,0,0.4521954
0,0,0.17321551
0,0,0.47832415
0,1,0.5264329
0,0,0.14855058
0,0,0.29378965
0,0,0.075879276
0,1,0.6166257
0,1,0.602351
0,0,0.11632024
0,1,0.5745282
0,1,0.69499934
0,0,0.42117602
0,1,0.6568213
0,0,0.03898191
0,0,0.38002542
0,0,0.31471637
0,0,0.2625782
0,1,0.62326217
0,0,0.1412832
0,0,0.49051398
0,0,0.17162012
0,0,0.43879002
0,0,0.12367602
0,0,0.29289234
0,0,0.07819299
0,0,0.19076994
0,0,0.4514617
0,0,0.19475044
0,0,0.2513313
0,0,0.11912737
0,0,0.48235017
0,0,0.27293158
0,1,0.56573945
0,1,0.6091058
0,0,0.34650722
0,1,0.6894553
0,1,0.5593054
1,1,0.58926076
0,0,0.26340798
0,0,0.06618293
0,0,0.10266416
0,0,0.20721737
0,0,0.31539366
0,0,0.15028504
0,1,0.5860345
0,0,0.46436772
0,1,0.5031113
1,0,0.30996427
0,1,0.5936911
0,0,0.2709952
0,0,0.3300295
0,0,0.26728624
0,0,0.17678934
0,1,0.72755337
0,0,0.39242107
0,0,0.37022436
0,0,0.12853846
0,0,0.3192496
0,0,0.3646947
0,1,0.52025056
0,0,0.3408361
0,0,0.14324632
0,0,0.318956
0,0,0.4227707
1,0,0.3115198
0,0,0.4866954
0,1,0.6798353
0,1,0.7149073
0,1,0.64914566
0,1,0.5531331
0,1,0.52561474
0,1,0.6055874
0,0,0.2254944
0,0,0.4440303
0,0,0.43214846
0,0,0.32006472
0,1,0.6060061
0,0,0.4378944
0,1,0.51956886
0,0,0.14128292
0,1,0.8488328
1,1,0.5348087
0,0,0.2739208
0,0,0.46226612
0,1,0.71998227
0,0,0.24621882
0,0,0.35850143
0,0,0.19526002
0,0,0.29388407
0,0,0.08735683
1,1,0.8857821
0,0,0.24080512
0,1,0.634722
0,0,0.4426196
0,0,0.4342081
0,1,0.8089457
0,0,0.29757878
0,0,0.23592724
0,0,0.12895562
0,0,0.43708068
0,0,0.27321476
0,1,0.63983715
0,0,0.14634219
0,0,0.12780814
0,0,0.16685325
0,0,0.16871051
0,1,0.9094086
0,0,0.0490766
0,0,0.311062
0,0,0.20689923
0,0,0.44242537
0,0,0.23679674
0,0,0.21367581
0,0,0.22135586
1,1,0.6202035
0,0,0.26482815
0,0,0.3118952
0,0,0.42796534
0,1,0.6039359
0,0,0.29196042
0,0,0.29416686
0,1,0.5082423
1,1,0.7554022
0,0,0.4988511
0,1,0.52573615
0,0,0.05575724
1,0,0.46035635
0,0,0.36343098
1,1,0.5139535
0,0,0.18902604
0,0,0.23550825
0,0,0.24209231
0,0,0.07690625
0,1,0.7289648
0,0,0.49956813
0,0,0.32141846
0,0,0.23244786
0,1,0.8560335
0,0,0.3604891
0,0,0.29267895
0,0,0.29706976
0,0,0.31030008
0,0,0.12715283
0,1,0.64610714
1,1,0.74142456
0,1,0.68019307
0,1,0.61051714
0,0,0.13928562
0,0,0.41474214
0,0,0.18916234
0,0,0.28774837
0,0,0.23128942
0,0,0.19925433
1,1,0.74629754
0,0,0.2138346
0,0,0.4254698
0,0,0.4901119
0,0,0.4686732
0,0,0.1277636
0,0,0.20583665
0,0,0.26413152
0,0,0.34559393
0,1,0.5904119
1,1,0.653363
1,0,0.23413575
0,0,0.31390008
0,0,0.10132679
0,0,0.27026546
0,0,0.36318976
0,0,0.2584733
0,1,0.6348768
0,1,0.580707
0,1,0.6531875
0,1,0.60833716
0,0,0.30442443
0,0,0.47377425
0,0,0.071845904
0,0,0.25241658
0,1,0.727181
0,0,0.47057146
0,0,0.21272358
0,0,0.18627667
0,0,0.34387168
1,0,0.17189577
0,0,0.14929967
0,0,0.1165996
0,0,0.3454365
0,1,0.5086485
0,0,0.13082257
0,0,0.34763366
0,1,0.5193144
0,0,0.15857574
0,0,0.4507141
0,0,0.20943004
0,0,0.21170746
0,0,0.12610944
0,0,0.20838732
0,0,0.18272284
0,0,0.45459437
0,1,0.589148
0,0,0.40041766
0,0,0.245559
0,0,0.4957588
0,0,0.28281555
0,0,0.45445132
0,0,0.27356863
0,0,0.48569503
0,0,0.1648223
1,1,0.621726
0,1,0.5971603
0,1,0.524793
1,1,0.7373228
0,0,0.23427607
0,0,0.13756603
0,0,0.13459872
0,1,0.6236364
0,1,0.7117865
0,1,0.8010626
1,0,0.3023234
0,0,0.41808733
0,0,0.14058118
0,0,0.08865915
1,1,0.76036704
1,1,0.6801278
0,1,0.63467944
0,0,0.1689516
1,1,0.7325259
0,1,0.6593702
0,0,0.49738565
0,0,0.13099907
0,1,0.82520026
0,0,0.15899554
0,0,0.075689994
0,0,0.25068045
0,0,0.45892075
0,0,0.30842665
0,0,0.31669867
0,0,0.23382452
0,0,0.3821388
0,0,0.38127297
0,0,0.38058874
1,1,0.56315583
1,1,0.7042346
0,0,0.42585555
0,0,0.1811804
0,1,0.57177746
0,0,0.34858218
0,0,0.422392
0,0,0.30072877
0,0,0.14122184
0,0,0.13997652
0,0,0.42599964
0,0,0.29589328
0,0,0.38515455
0,0,0.4281421
0,0,0.1543472
0,0,0.3757771
1,0,0.4562857
0,0,0.19196977
1,1,0.8458701
0,0,0.341473
0,1,0.59101206
0,1,0.59805274
0,1,0.6532535
0,0,0.20449251
1,0,0.4533215
0,0,0.14232479
1,0,0.14081554
0,1,0.54420567
0,0,0.33818808
0,0,0.25017083
1,0,0.4828001
0,0,0.48301592
0,0,0.36106017
0,0,0.14444841
0,0,0.3657974
0,0,0.065054655
0,0,0.07208887
0,0,0.30432123
0,0,0.2636518
0,1,0.5098765
0,1,0.54508376
0,0,0.4402391
0,1,0.62029773
0,1,0.5253792
0,0,0.4946195
0,1,0.76700085
0,0,0.33102214
0,0,0.31783497
0,0,0.3561876
0,0,0.46417305
0,1,0.6262826
0,1,0.64350927
0,1,0.5060304
0,0,0.1331306
0,0,0.30533066
1,1,0.81368595
0,1,0.6484812
0,0,0.21956067
0,0,0.40994534
0,1,0.53369945
0,0,0.247944
0,0,0.33312848
0,0,0.38740703
0,1,0.5876639
0,1,0.84937453
0,0,0.25085363
0,1,0.7207391
0,0,0.4474726
0,0,0.4564644
0,0,0.38849026
0,1,0.5510934
0,0,0.28453344
0,0,0.37159747
0,0,0.45202026
0,1,0.713757
0,0,0.3506579
0,0,0.37511134
0,0,0.16670994
0,0,0.29656053
0,1,0.5827689
0,0,0.29104665
0,0,0.20202813
0,0,0.15871628
0,0,0.45958418
0,0,0.07920673
1,1,0.57259524
0,1,0.551446
0,0,0.21735379
0,0,0.3265663
0,0,0.14772063
0,0,0.19155504
0,1,0.5045459
0,0,0.20577691
0,0,0.32983103
0,1,0.51282996
0,1,0.53211653
0,0,0.15950942
0,0,0.23811252
0,0,0.22757748
0,1,0.7694797
0,1,0.70565796
0,0,0.35414532
1,1,0.6147015
1,1,0.59562844
0,0,0.1877031
0,0,0.2456842
0,0,0.16205342
0,1,0.5050353
1,1,0.73404515
0,0,0.44386423
0,0,0.23420878
0,0,0.29236585
1,0,0.41089302
0,0,0.38283685
0,0,0.085465595
0,0,0.15202981
0,0,0.42766345
0,0,0.123049654
0,0,0.38878518
0,1,0.718634
0,1,0.58678585
0,0,0.49140352
0,0,0.30955106
0,1,0.6042505
0,0,0.14294338
0,0,0.27328682
0,0,0.353701
0,0,0.47645053
0,1,0.50702834
0,1,0.61406606
0,0,0.42217937
0,1,0.63974476
0,0,0.19638072
0,0,0.3771285
0,1,0.7611474
0,0,0.3840691
0,0,0.17932437
0,0,0.23643671
0,1,0.6221482
0,0,0.45649058
0,1,0.6479564
0,0,0.3173945
0,0,0.2340141
1,0,0.29523057
0,0,0.46985912
0,1,0.7485932
0,0,0.27873725
0,0,0.29442352
0,1,0.5286123
0,0,0.4549554
0,0,0.4001898
0,0,0.41747895
0,0,0.3928462
0,1,0.7320605
0,0,0.25927842
0,0,0.21274482
0,0,0.09481919
0,0,0.29694006
0,0,0.46292
0,1,0.78607285
0,0,0.44628897
1,0,0.4801199
0,0,0.21985541
0,1,0.58151156
0,1,0.508518
0,0,0.40288487
0,0,0.43536106
1,1,0.7189543
0,0,0.49984866
0,0,0.38344985
0,0,0.086912245
0,0,0.18800917
0,1,0.6940052
1,0,0.3605756
0,0,0.2952049
0,0,0.09644499
0,1,0.8000426
0,1,0.67390794
0,0,0.2472231
0,0,0.097672574
0,0,0.46498394
0,0,0.46591803
1,1,0.50095004
0,1,0.56761026
0,0,0.27819887
0,0,0.18909334
0,1,0.57798207
0,0,0.16965151
0,1,0.6652655
0,1,0.67951393
0,1,0.7169428
1,1,0.6880895
0,0,0.17849219
0,0,0.10211712
0,1,0.72889155
0,0,0.2759605
0,0,0.34451756
0,0,0.1461735
0,1,0.7569704
0,0,0.2599898
0,0,0.1534839
0,1,0.81991065
0,1,0.56924397
0,0,0.37370208
0,0,0.21172601
0,0,0.32996088
0,0,0.40222692
0,0,0.4756174
0,0,0.29174125
0,0,0.25439107
0,1,0.6819747
0,0,0.36064628
0,0,0.05876809
0,0,0.33133358
0,0,0.14055964
0,0,0.49991435
0,0,0.39387006
0,1,0.56745183
0,1,0.51514685
0,0,0.3697382
0,0,0.13964096
0,0,0.2632692
0,0,0.21019912
0,1,0.66438204
0,0,0.16997914
1,0,0.4142043
0,0,0.4647937
0,1,0.7027319
0,1,0.54973745
0,0,0.11769243
0,0,0.48466897
0,0,0.3090442
0,0,0.3208479
1,1,0.81570995
0,1,0.5089466
0,0,0.12562835
0,1,0.5322178
0,0,0.25182897
0,0,0.18895744
0,0,0.10555093
0,1,0.7489768
1,0,0.15841314
0,1,0.5076026
0,0,0.21628097
0,1,0.5763236
0,1,0.56958944
0,1,0.6672358
0,0,0.32636628
0,0,0.4543452
0,1,0.5944852
0,1,0.6743476
0,0,0.1981748
0,1,0.5333469
0,0,0.34666896
0,1,0.81366783
0,0,0.43105465
0,1,0.62003636
0,0,0.1723098
0,0,0.15961576
0,0,0.41123223
0,0,0.48443958
0,0,0.34122482
0,0,0.28869766
0,0,0.2020517
0,1,0.76510155
0,1,0.52861845
0,1,0.530785
0,0,0.3853244
1,1,0.8512212
0,0,0.21384406
0,1,0.54583573
0,0,0.438041
0,1,0.6095283
0,1,0.62487584
0,0,0.4422177
0,0,0.2988093
0,0,0.10720016
0,1,0.59692097
0,1,0.78812206
1,1,0.7970278
0,1,0.5678676
0,0,0.40385985
0,0,0.2716213
0,0,0.2176646
0,1,0.81516516
0,0,0.12266169
0,0,0.45526782
0,0,0.28401142
0,0,0.39253345
0,0,0.47491467
0,1,0.5287176
0,0,0.23881136
0,0,0.30343932
0,1,0.55358636
0,0,0.17845227
0,1,0.61360127
0,0,0.41539726
0,0,0.2595033
0,0,0.39774418
0,0,0.16539578
0,0,0.27773786
0,0,0.2592723
0,0,0.04538989
0,0,0.17469011
0,1,0.5511554
0,0,0.2485264
0,0,0.47579974
0,1,0.5054988
0,1,0.5017182
0,1,0.72070175
0,0,0.27297533
0,0,0.27399126
0,0,0.09427499
0,0,0.26371706
0,0,0.17580977
0,1,0.5567367
1,1,0.8017459
0,0,0.30139077
0,0,0.44184744
0,1,0.5079055
0,0,0.36499238
0,0,0.24683702
0,1,0.67982125
0,0,0.36955836
0,0,0.27810323
0,0,0.22362232
0,0,0.44582307
0,1,0.5097161
0,0,0.18371597
1,0,0.43705973
0,0,0.21536858
0,0,0.2544987
0,0,0.4214765
0,0,0.08560809
0,1,0.56856304
0,0,0.13666177
0,0,0.18347068
0,0,0.15419202
0,0,0.16470017
0,1,0.58536804
0,0,0.47300568
0,0,0.21899767
0,0,0.4228893
0,0,0.047668785
0,0,0.3561993
0,1,0.529096
0,0,0.42944655
0,0,0.47634897
0,0,0.086366
0,0,0.37709364
0,1,0.55360377
0,0,0.4424914
1,0,0.37618953
0,0,0.41962376
0,0,0.25651687
0,0,0.3406369
0,1,0.56450665
0,0,0.21719214
0,0,0.2649511
0,0,0.09542061
0,0,0.22865537
0,1,0.61575663
0,0,0.25675133
0,0,0.24941729
1,1,0.66281617
0,1,0.54913414
0,0,0.0956137
0,0,0.17617242
0,0,0.2121233
0,0,0.40535912
0,0,0.41379747
0,1,0.5543553
0,0,0.14504008
0,0,0.29477918
0,0,0.3793134
0,0,0.07670526
0,1,0.698721
0,0,0.2849497
0,0,0.2528692
0,1,0.5048045
0,1,0.79249716
0,1,0.7785765
0,0,0.19880222
0,1,0.54216546
0,0,0.26761517
0,0,0.35457203
0,0,0.19831473
0,0,0.22866888
0,0,0.19576548
0,1,0.7882407
0,0,0.106367335
0,1,0.5072127
0,1,0.6126469
0,0,0.42038506
0,1,0.7531024
0,0,0.15873249
0,0,0.23828216
0,1,0.58977073
0,0,0.23691854
0,0,0.24107607
0,0,0.24913992
1,1,0.6297011
0,0,0.15927453
0,0,0.37150183
0,1,0.5169848
0,0,0.3687136
0,0,0.3554295
0,1,0.6844122
0,0,0.29778022
0,0,0.33251515
0,0,0.25966737
0,0,0.24258207
0,0,0.25443098
0,1,0.60475206
0,1,0.7956469
0,0,0.22761533
0,0,0.4718604
0,0,0.17034365
0,1,0.5814248
0,0,0.14778814
1,1,0.5251059
0,0,0.25431603
0,1,0.73585445
0,0,0.2257358
0,0,0.37381202
0,0,0.3669343
0,0,0.14537004
0,0,0.49262515
0,1,0.7941845
0,0,0.2649291
0,0,0.31105885
0,0,0.12936345
0,0,0.051627565
0,1,0.6390132
0,1,0.5731312
0,0,0.25399703
0,1,0.6092717
0,1,0.5450296
0,0,0.44791004
0,0,0.06470482
0,0,0.40804842
0,0,0.37846875
0,0,0.45973107
0,0,0.29770938
0,1,0.6707704
0,1,0.71349937
0,1,0.56912965
0,0,0.20040508
1,0,0.16538168
0,1,0.6780673
0,0,0.30560568
0,0,0.35111508
1,0,0.4018833
0,1,0.5243695
0,0,0.3595399
0,0,0.07605698
0,0,0.4517369
0,1,0.68373865
0,0,0.122599
0,0,0.14422995
0,0,0.2019186
0,0,0.21358602
0,0,0.277195
0,1,0.58177
0,0,0.31097853
0,0,0.37066153
0,1,0.6156275
0,0,0.30465734
0,1,0.65984553
0,1,0.68426985
1,1,0.58815485
0,0,0.46606836
0,0,0.21112789
0,0,0.31393784
0,0,0.3998057
0,0,0.39025676
0,0,0.13918813
0,0,0.088541135
0,0,0.2686015
0,0,0.23596305
0,1,0.67979217
0,0,0.35518232
0,1,0.7804783
0,0,0.096098386
0,0,0.17707255
0,1,0.61131024
0,0,0.22889827
0,0,0.4429229
0,0,0.056761835
0,1,0.8581438
1,1,0.67080504
0,0,0.44691414
0,0,0.10122669
0,0,0.13559309
0,0,0.3272719
0,0,0.48551574
0,1,0.6939088
0,0,0.19454214
0,0,0.47911698
0,0,0.22836122
0,0,0.15671812
0,1,0.7449677
0,0,0.42713055
0,0,0.2014888
1,0,0.3630761
0,1,0.7433121
0,1,0.53989834
0,0,0.08842349
0,0,0.20207936
0,0,0.10329996
0,0,0.30387968
0,1,0.7012071
0,1,0.69875544
0,0,0.26023623
0,0,0.4203085
0,0,0.2605433
0,0,0.2476374
0,0,0.14088744
0,0,0.2924536
0,0,0.28801936
0,0,0.35905483
0,1,0.5257376
0,0,0.4389463
0,0,0.12894276
0,1,0.5344659
0,1,0.6024206
0,0,0.47747415
0,0,0.2779541
0,0,0.19485693
0,0,0.29349604
0,0,0.12004689
1,1,0.70025253
0,0,0.35730574
0,1,0.7407118
0,0,0.45652834
1,1,0.6295218
0,0,0.2747825
0,0,0.17706367
1,0,0.4897951
1,0,0.23429182
0,0,0.16179028
1,0,0.1909797
0,0,0.4394108
1,1,0.68341273
0,0,0.44934264
1,1,0.64977086
0,0,0.4404695
0,0,0.28709358
0,0,0.34641385
0,1,0.5642373
0,0,0.20088167
0,0,0.16698217
0,0,0.4544498
0,0,0.06500731
0,0,0.3826653
0,0,0.25776473
0,0,0.26201913
0,0,0.41704047
1,1,0.5159311
0,1,0.5157069
0,0,0.43533602
0,0,0.14057697
0,0,0.3607466
0,1,0.72000086
0,0,0.41177928
0,0,0.25370052
0,0,0.42551708
0,1,0.61797804
0,0,0.48252076
0,1,0.73309237
0,0,0.17338675
0,0,0.48958814
0,0,0.3839096
0,0,0.113058075
0,1,0.7361969
0,0,0.32945722
0,0,0.3453746
0,0,0.29662955
0,0,0.26526505
0,0,0.2469298
0,0,0.31355163
0,0,0.3262815
0,0,0.37360108
0,0,0.47999436
0,0,0.26192814
0,0,0.3152679
0,0,0.47540274
0,1,0.81973517
1,1,0.52198404
0,0,0.245569
0,0,0.06270191
0,1,0.9176811
0,0,0.3993881
0,0,0.43860167
0,0,0.3316721
0,0,0.43621427
0,0,0.22557555
0,0,0.4009263
1,1,0.50647485
0,0,0.10344311
0,0,0.34823978
0,1,0.83669716
0,0,0.26165518
0,0,0.47103596
0,1,0.6382777
0,0,0.025588542
0,1,0.6210587
0,0,0.4643096
0,0,0.4990938
0,1,0.6409876
0,1,0.6039048
0,0,0.07503127
0,0,0.46319062
0,0,0.26447916
0,0,0.4918411
0,0,0.26795807
0,1,0.57463026
0,0,0.21327992
0,0,0.268193
0,0,0.15860805
0,0,0.39315662
0,1,0.8553921
0,1,0.6782378
1,0,0.1884075
0,0,0.46227166
0,1,0.5457291
0,0,0.17991011
0,0,0.49408916
0,0,0.29445946
0,1,0.8046097
0,0,0.14321397
0,1,0.669427
1,0,0.10684105
0,1,0.619046
0,1,0.5836663
0,0,0.33335453
0,0,0.4927594
0,1,0.5086159
1,1,0.71468663
0,0,0.18525706
0,1,0.5035449
0,1,0.7389602
0,1,0.55250114
0,1,0.71560633
0,1,0.9188452
0,0,0.37197855
0,0,0.47712156
0,0,0.2526756
0,1,0.6365836
0,0,0.16778247
0,0,0.2813792
0,1,0.62767005
0,0,0.38543513
0,1,0.6005927
0,0,0.15320793
0,0,0.12123174
0,0,0.29711953
0,1,0.5429105
0,1,0.5886848
0,0,0.18871877
0,1,0.6499968
0,0,0.22088635
0,0,0.47300386
0,0,0.16677186
0,0,0.17289458
0,0,0.26274315
0,0,0.28946486
0,0,0.09131032
0,0,0.4757898
0,0,0.20627132
0,0,0.3953427
0,1,0.62329656
0,0,0.2045237
0,0,0.16232815
0,1,0.5634159
0,0,0.35018772
0,1,0.68157345
0,1,0.8261304
0,0,0.33442286
0,0,0.28324768
0,0,0.31246096
1,1,0.6530237
0,0,0.27639607
0,0,0.28148332
0,0,0.25947717
0,0,0.3629439
0,0,0.35483143
0,0,0.28720364
0,0,0.20459352
0,0,0.17281577
0,0,0.3332354
0,0,0.35557455
0,0,0.08621224
0,1,0.50944334
0,0,0.19585879
0,1,0.5330009
0,0,0.4064811
0,0,0.34561446
0,0,0.35646254
0,0,0.17186457
0,0,0.4313511
0,0,0.31460908
0,0,0.31247425
0,1,0.51608187
0,0,0.08878777
0,0,0.35699946
0,0,0.41189995
0,0,0.22871432
0,0,0.47413892
0,1,0.69612366
0,0,0.071979284
0,1,0.6584095
0,0,0.077914104
0,0,0.2260743
0,0,0.21324997
0,0,0.41672984
1,1,0.50654376
0,0,0.25550115
0,0,0.20125829
0,0,0.35538048
0,0,0.17133503
0,0,0.09070689
0,0,0.21715437
0,0,0.3499986
0,1,0.65544933
0,0,0.21741775
0,1,0.68967736
0,0,0.2833387
0,0,0.17267227
0,0,0.3055816
0,0,0.22358936
0,0,0.46154347
0,0,0.39652857
1,1,0.8817478
0,1,0.7558147
0,0,0.47884184
0,1,0.51885736
0,0,0.19738948
0,0,0.28452647
0,0,0.48551452
0,0,0.27912888
0,1,0.8679665
0,0,0.36268106
0,0,0.35528824
0,1,0.65238196
0,0,0.23558398
0,0,0.12427235
0,0,0.49200013
0,0,0.36917758
0,0,0.17637187
0,0,0.46479145
0,0,0.14276622
0,0,0.1841875
0,1,0.71290624
0,0,0.2249429
0,0,0.24966457
0,0,0.462603
1,1,0.6244182
0,0,0.09281757
0,0,0.0778705
0,0,0.47855905
0,0,0.2676885
0,0,0.09605656
0,1,0.70412165
0,0,0.30597863
0,0,0.23626398
0,1,0.5478871
0,1,0.74461144
0,0,0.30251256
0,0,0.28758672
0,1,0.5869534
0,1,0.7652755
0,1,0.6549438
0,0,0.10931051
0,1,0.5290713
0,0,0.29944098
0,0,0.49758562
0,0,0.16051522
1,1,0.5744315
0,0,0.29701784
0,0,0.19341919
0,1,0.7707623
0,0,0.46027583
1,0,0.44288704
0,1,0.5456581
0,1,0.510012
0,0,0.12072855
0,1,0.5243892
0,0,0.38057405
0,0,0.35972077
0,0,0.1656851
0,0,0.074651524
0,0,0.15847807
0,0,0.27435076
0,0,0.36737856
0,0,0.06346456
0,0,0.45542303
0,0,0.32097292
0,0,0.44083598
0,1,0.5887435
0,0,0.42880794
0,0,0.09823785
0,0,0.45374328
0,0,0.48867798
0,0,0.24862202
0,0,0.225746
0,1,0.640689
0,0,0.18457554
0,0,0.18812768
0,0,0.27942285
0,1,0.5189066
0,1,0.59641343
0,0,0.480987
0,0,0.39243385
0,1,0.52619696
0,0,0.3836598
0,1,0.68589747
1,1,0.68403935
0,0,0.44358775
0,0,0.24517237
0,0,0.122778125
0,1,0.6437982
0,1,0.5212747
0,0,0.06318657
0,0,0.32049847
0,0,0.25227228
0,1,0.585163
0,1,0.68659693
0,0,0.27311006
0,0,0.08199974
0,1,0.7197376
0,0,0.27483168
0,0,0.27943814
0,0,0.32272837
0,0,0.3780792
0,0,0.08418937
1,1,0.76649034
1,1,0.6807202
0,0,0.20443328
0,1,0.5841512
0,0,0.3788718
0,0,0.17296986
0,0,0.35554174
0,0,0.2436693
0,0,0.27612355
1,1,0.7259458
0,0,0.32969418
0,1,0.7947389
0,0,0.18927729
0,0,0.051020987
0,0,0.21777932
0,0,0.17129438
0,0,0.1344824
0,0,0.33313653
1,0,0.2854681
0,1,0.5012841
0,0,0.026531436
0,0,0.20305175
0,0,0.4170531
0,0,0.45010135
0,1,0.5175605
0,0,0.31371343
0,0,0.21351756
0,0,0.097811565
0,1,0.5723135
0,0,0.23411933
0,1,0.660116
0,1,0.5871758
1,0,0.32129118
0,1,0.5391189
0,0,0.1039614
0,0,0.43075067
0,0,0.16233587
0,1,0.597538
0,0,0.45746085
0,1,0.57551193
0,0,0.4422341
0,1,0.72730225
0,0,0.39283162
0,1,0.5368904
0,1,0.5767065
0,0,0.42323726
0,0,0.3028765
0,0,0.112049304
0,1,0.7508002
0,1,0.5566074
0,1,0.53859377
0,0,0.2893243
0,0,0.13412337
1,1,0.72256064
0,0,0.070774436
0,0,0.14927487
1,1,0.7144488
0,0,0.2374033
0,0,0.19030827
0,0,0.39946106
0,0,0.20149459
0,1,0.63058054
0,1,0.51727694
0,1,0.60843986
0,0,0.3998748
0,0,0.4749799
0,0,0.23219576
0,0,0.40890437
0,0,0.22716561
0,0,0.33805415
0,1,0.57781744
0,0,0.13180439
0,1,0.6393784
0,0,0.3014161
0,1,0.50507873
0,1,0.68131477
0,0,0.15200827
0,0,0.3091822
0,1,0.58724916
0,0,0.24670142
0,1,0.5516177
0,0,0.08459193
0,0,0.24744403
0,1,0.50533277
0,0,0.49662563
0,1,0.582346
0,0,0.48387074
0,0,0.2142579
0,0,0.3087506
0,0,0.36739385
0,0,0.3722062
0,1,0.7145058
0,1,0.53592575
1,1,0.5089582
0,0,0.30465478
0,0,0.26126167
1,1,0.7278231
0,1,0.5108933
0,1,0.66050303
0,0,0.11524756
0,0,0.18573068
0,0,0.17512152
0,0,0.10470199
0,1,0.5585878
0,0,0.21624836
0,1,0.6657332
0,0,0.39215127
0,0,0.24232396
0,0,0.32329732
0,0,0.32579726
0,0,0.38509297
0,0,0.43328145
0,0,0.13780713
0,1,0.59847015
0,0,0.23044609
0,0,0.37288556
0,0,0.17988233
0,0,0.24342956
1,1,0.8194611
0,1,0.82798797
0,0,0.24654439
0,0,0.30777094
0,0,0.24899419
0,1,0.6159222
0,0,0.44708836
1,0,0.43063518
0,0,0.4345689
0,0,0.3089048
0,0,0.1390473
0,0,0.28783783
0,0,0.19988076
0,0,0.13998723
0,1,0.64687973
0,0,0.08628612
0,1,0.5852641
0,0,0.24833596
0,1,0.6178514
0,0,0.20024426
0,0,0.20111918
0,0,0.45836714
0,0,0.18881413
0,0,0.20066008
1,1,0.6481976
0,0,0.20993759
0,0,0.28557244
0,0,0.38586876
1,0,0.43154755
0,0,0.410844
0,0,0.33255923
0,0,0.18035102
0,1,0.5061061
0,0,0.24564366
0,1,0.63545996
0,0,0.1800383
1,0,0.43814856
0,0,0.36755127
0,0,0.2219348
0,0,0.23608771
0,0,0.08970084
1,1,0.7374651
0,0,0.10373739
0,1,0.5743731
0,1,0.6363047
0,0,0.45472547
0,0,0.3138918
0,1,0.6714762
0,0,0.2530057
0,0,0.28954723
0,0,0.25715348
0,0,0.3102897
0,0,0.15014969
0,0,0.4809953
1,0,0.34535894
0,0,0.32398194
0,1,0.6128316
0,0,0.25034162
0,0,0.4479067
0,0,0.31566143
0,1,0.55130076
0,0,0.3512084
0,0,0.118254915
0,0,0.09996799
0,0,0.16195345
0,1,0.6793253
0,0,0.4597968
0,1,0.5186758
0,1,0.51939625
0,0,0.20274054
0,1,0.7443519
0,0,0.27185225
0,1,0.65174925
0,0,0.48934305
0,0,0.36488917
0,1,0.71063733
0,0,0.3373023
0,1,0.70688164
0,1,0.5330907
0,1,0.7054249
1,1,0.778634
0,0,0.18992223
0,0,0.16524746
0,0,0.24397525
0,0,0.41928244
0,0,0.099150434
0,0,0.42506763
0,0,0.2163532
0,1,0.5714519
0,0,0.49746925
0,0,0.33100942
0,1,0.5436196
0,1,0.7816715
0,0,0.10274751
0,0,0.40564913
0,0,0.46177182
0,0,0.4880237
0,0,0.29237944
0,0,0.30210057
0,0,0.3546828
0,1,0.55679214
0,1,0.57405376
0,1,0.5803985
0,1,0.7369629
0,0,0.19357212
0,0,0.16350822
0,0,0.33852577
0,1,0.5166647
0,0,0.18770474
0,1,0.67376375
0,1,0.58716667
0,0,0.1833293
0,0,0.08115901
0,1,0.5859318
0,0,0.22588181
0,0,0.19791012
1,1,0.90070295
0,0,0.14225069
0,0,0.222323
0,0,0.23853837
0,1,0.71417826
0,0,0.12534586
0,0,0.35735786
1,1,0.85282063
0,0,0.23779601
0,0,0.09237988
0,0,0.3106648
0,0,0.10906284
0,1,0.628918
0,0,0.4342007
0,0,0.21335313
1,1,0.79223645
0,0,0.100099124
0,1,0.5573758
0,0,0.04317493
0,0,0.035773836
0,1,0.62544477
0,0,0.17782849
0,1,0.51046413
0,0,0.07688318
0,0,0.4383295
0,0,0.384332
0,0,0.3199274
1,1,0.7503431
0,0,0.106404714
0,1,0.6892807
0,0,0.4770064
0,0,0.3851779
0,0,0.021607896
1,0,0.15351272
0,0,0.26793388
0,0,0.41256467
0,0,0.4793569
0,0,0.10840628
0,0,0.2794855
0,0,0.05925376
0,0,0.44580042
0,0,0.4305036
0,1,0.50143325
0,0,0.18361014
0,0,0.30255863
0,0,0.32422456
0,0,0.3207745
0,0,0.4427408
0,0,0.2351439
0,0,0.2606549
0,0,0.30895406
0,0,0.47200805
0,0,0.3315573
0,1,0.6126023
0,0,0.1589228
0,0,0.343311
0,0,0.108216174
0,1,0.5920682
0,0,0.35850376
0,1,0.51667476
0,0,0.3562997
0,1,0.65945035
0,1,0.7424824
0,1,0.62920475
0,0,0.09217892
0,0,0.19376837
0,0,0.46907887
0,1,0.54577035
0,0,0.37827486
0,1,0.7688659
0,0,0.15162937
0,0,0.39680174
0,0,0.26174822
0,0,0.12248833
0,1,0.7073515
1,1,0.61751395
0,0,0.38083202
0,0,0.0958722
0,0,0.2608817
0,0,0.436532
1,1,0.7031161
0,0,0.17127056
0,1,0.70506245
0,0,0.3664331
0,1,0.5574999
0,1,0.6458575
0,1,0.6003948
0,1,0.7933486
0,0,0.38308194
0,1,0.71963876
0,0,0.15217853
0,0,0.11025263
0,1,0.62696785
0,0,0.30347863
0,0,0.3704024
0,0,0.46783483
0,0,0.43168998
0,1,0.7416408
0,0,0.36709297
0,1,0.6106339
0,0,0.185525
0,0,0.13116291
0,1,0.52470976
0,0,0.45556036
0,0,0.36795
0,0,0.23760656
0,0,0.18855909
0,0,0.33027261
0,0,0.3458568
0,0,0.36326042
0,1,0.58425593
0,0,0.2429153
0,1,0.6617322
0,0,0.26869515
0,0,0.32332855
0,0,0.22731842
0,0,0.18973629
0,0,0.38272068
1,1,0.7934191
0,1,0.81894976
0,1,0.6554808
0,0,0.4925321
0,1,0.74606353
0,0,0.46307024
0,0,0.3802515
0,0,0.15180388
1,1,0.68639237
0,0,0.067133665
0,1,0.5895501
0,0,0.43453014
0,0,0.3706591
0,0,0.25931776
0,0,0.3104101
0,0,0.10781663
0,1,0.6227619
0,0,0.1927874
0,0,0.42126155
0,0,0.2897804
0,0,0.12664457
0,0,0.15818824
0,0,0.23164381
0,0,0.43161488
0,0,0.46626374
1,1,0.7593979
0,0,0.25676778
0,0,0.30485195
1,1,0.9380713
0,1,0.7038864
0,0,0.19156337
0,0,0.0793518
0,0,0.310742
0,1,0.62225145
0,0,0.28768748
0,0,0.20018561
0,0,0.15095696
0,1,0.77701753
0,0,0.28770253
1,1,0.82855123
1,1,0.70778793
0,1,0.6634381
0,1,0.6927027
0,0,0.11629304
0,0,0.4279558
0,0,0.38421157
0,0,0.14052415
0,1,0.56397885
1,1,0.60220045
0,0,0.26966995
0,0,0.16681401
1,0,0.475444
0,0,0.42408028
0,0,0.40626246
0,0,0.16353598
0,0,0.16677083
0,0,0.10835978
0,0,0.28201604
0,0,0.29915872
0,0,0.3537529
0,0,0.2542347
0,0,0.25920323
0,0,0.3812668
0,0,0.10980464
0,0,0.23300745
1,1,0.75095177
0,0,0.19552612
0,0,0.4146355
0,0,0.14536425
0,1,0.5881303
1,1,0.70106035
0,0,0.43709216
0,1,0.6669681
0,0,0.26476556
0,0,0.0963012
0,0,0.32446274
0,1,0.75490344
0,0,0.4471647
0,0,0.3899095
0,1,0.5898402
0,1,0.5033831
0,0,0.43373647
0,1,0.5606438
0,0,0.36063194
0,1,0.7236516
0,1,0.5414084
0,0,0.3358257
0,1,0.6510571
0,0,0.2271677
0,0,0.41204774
0,1,0.6365059
0,0,0.33589473
0,0,0.4736475
0,1,0.6239701
0,0,0.49465588
0,1,0.5827358
0,0,0.17317484
0,1,0.6080754
0,0,0.49341014
0,0,0.24004886
0,0,0.079039015
0,1,0.62290233
0,0,0.07116551
0,0,0.12800163
0,0,0.44374824
0,0,0.28700566
0,0,0.13950494
0,0,0.1379665
0,1,0.6289828
0,0,0.21382082
1,0,0.14383073
0,0,0.42098635
1,1,0.6497684
0,0,0.14421572
0,0,0.3212486
0,0,0.19941178
0,1,0.5936532
0,1,0.6375601
0,1,0.64672273
0,1,0.8020957
0,0,0.21625626
1,1,0.57592887
0,1,0.70779073
1,1,0.80355763
0,0,0.34089085
0,0,0.06598055
1,0,0.38406017
0,1,0.5271865
0,0,0.21208903
0,0,0.09707165
0,0,0.44899943
0,1,0.7914817
0,0,0.18999557
0,1,0.6791795
0,0,0.22567157
0,0,0.31681833
0,1,0.5185492
0,1,0.5169482
0,0,0.1753354
0,0,0.4255066
0,0,0.4712911
0,1,0.79895926
0,0,0.23884764
0,1,0.5017823
0,0,0.2624733
0,0,0.3080163
0,1,0.71454537
0,0,0.38672277
0,0,0.3318128
0,0,0.49974203
0,0,0.39246196
1,1,0.87493646
0,0,0.08543434
0,0,0.20127164
0,0,0.16939454
0,0,0.28506273
0,0,0.09764425
0,0,0.4611609
0,0,0.44407916
0,0,0.33915338
0,0,0.32836476
0,1,0.52656776
0,0,0.3620611
0,0,0.40428495
0,1,0.5674046
0,0,0.24374472
0,1,0.55157727
0,0,0.09664137
0,0,0.122994736
0,1,0.5385685
0,0,0.34026334
0,0,0.2074351
0,0,0.36223933
0,0,0.23914798
0,0,0.088197276
0,0,0.44380865
0,0,0.24665973
0,0,0.15008944
0,0,0.20804727
0,0,0.32504934
0,0,0.43431777
0,1,0.57046336
0,1,0.6411313
0,1,0.5555145
0,1,0.6284308
0,0,0.30901933
0,0,0.4468378
0,1,0.6917293
0,0,0.37832627
0,1,0.7363534
0,0,0.09139788
0,0,0.27667445
0,1,0.6178696
0,0,0.15224415
0,1,0.77362245
0,0,0.36267188
0,0,0.38172466
0,0,0.28107548
0,0,0.12653048
1,0,0.38417614
0,0,0.3886712
0,1,0.5824718
0,0,0.112406425
0,0,0.25717854
0,0,0.30637467
0,0,0.35469085
0,0,0.33833352
0,0,0.382092
0,0,0.46275613
1,0,0.43814066
0,0,0.24405888
0,1,0.53264433
0,0,0.14252965
0,0,0.15099831
0,0,0.25979006
0,0,0.44971564
0,0,0.267969
0,0,0.29296649
0,0,0.46851808
0,0,0.28872675
0,0,0.10579272
0,1,0.54358244
0,0,0.080381826
0,0,0.16183689
0,1,0.54787993
0,1,0.50985324
1,0,0.42880243
0,1,0.67078364
0,1,0.7973356
0,0,0.29048955
0,0,0.120753326
0,1,0.80696315
1,0,0.36043975
0,0,0.43077368
1,1,0.8832747
1,1,0.5948131
0,1,0.7664472
0,1,0.5052288
0,1,0.73483866
0,0,0.1956131
0,1,0.67835087
0,0,0.24876909
0,0,0.12971018
0,1,0.8626368
0,0,0.45956367
0,0,0.4065824
0,0,0.19987777
0,0,0.18300371
0,0,0.26109168
0,1,0.5901146
0,0,0.47900447
1,1,0.8731309
0,0,0.4088011
0,0,0.39218134
0,0,0.47605085
0,0,0.29323608
0,1,0.6063912
0,0,0.37645832
0,0,0.3061527
0,0,0.31403783
0,1,0.56519884
0,0,0.38053727
0,0,0.16165625
0,0,0.41622737
0,0,0.3548928
0,0,0.22549947
0,0,0.36857513
0,1,0.5754239
0,1,0.701049
0,0,0.19441092
0,1,0.7338844
0,0,0.35904095
0,0,0.16824865
0,0,0.22249703
0,0,0.16216698
0,0,0.060375016
0,0,0.37486336
0,0,0.1731477
0,1,0.5876332
0,0,0.11243597
0,0,0.43725145
0,0,0.29171747
0,1,0.52717555
0,1,0.77690476
0,0,0.43311712
0,0,0.35204437
0,0,0.16261299
0,0,0.3282052
0,0,0.49755973
0,0,0.45431075
0,0,0.15174395
0,1,0.6287931
0,1,0.55669147
0,0,0.29214132
0,1,0.6517939
0,0,0.17269659
0,1,0.75690824
0,1,0.66784376
0,0,0.09811231
0,0,0.17895651
0,1,0.8300131
0,0,0.2518442
0,0,0.4717105
0,1,0.76722205
0,0,0.15148582
1,1,0.835303
0,1,0.69678366
0,0,0.10872543
0,0,0.28029895
0,1,0.56627125
0,0,0.4846169
0,0,0.43085656
0,0,0.071567304
0,1,0.5597996
0,0,0.29233062
0,1,0.5171982
0,0,0.16212551
0,1,0.5562992
0,0,0.08935295
0,0,0.25113943
0,1,0.76735795
1,1,0.8004517
0,0,0.29512665
0,0,0.06963013
0,0,0.37024608
0,0,0.41724995
0,0,0.2408576
0,0,0.48155957
0,0,0.18876126
0,1,0.50035065
0,0,0.12806074
0,1,0.7305235
1,0,0.20410806
0,0,0.07736905
0,0,0.13480353
0,1,0.7443163
1,1,0.5891912
0,1,0.7586936
0,0,0.43869022
0,1,0.54703724
0,0,0.44921973
0,0,0.34278095
0,0,0.42110625
0,1,0.8133574
0,0,0.25459218
0,0,0.028162656
0,1,0.654733
0,0,0.34904712
0,0,0.48124805
0,0,0.24108133
0,1,0.6146162
0,0,0.42950556
0,0,0.21517302
0,0,0.4728536
0,0,0.3530975
0,0,0.31175673
0,0,0.19943967
0,0,0.21200348
0,1,0.7234187
0,0,0.29902756
0,0,0.17663485
0,0,0.26459724
0,1,0.7389008
0,1,0.5338886
0,0,0.08014239
0,1,0.5547498
0,0,0.45170167
0,0,0.23526353
0,0,0.43694526
0,0,0.30152103
0,0,0.23109159
0,0,0.109914295
0,0,0.4744049
0,0,0.3832735
1,0,0.31981444
0,0,0.24119823
1,0,0.39310026
0,1,0.5757571
1,1,0.5080098
0,1,0.6528563
0,1,0.57386273
0,0,0.30573857
0,0,0.18485674
0,0,0.4160049
0,0,0.40619844
0,0,0.16662519
0,1,0.5881766
0,0,0.105543636
0,0,0.44359806
0,0,0.43572676
0,1,0.58788455
0,0,0.0537965
0,0,0.11224935
0,1,0.5650281
0,0,0.16049333
1,1,0.7883532
0,1,0.6190219
0,0,0.1500621
0,0,0.29544443
0,0,0.2415087
0,0,0.1300545
0,0,0.22245379
0,0,0.48222774
1,1,0.73690695
0,0,0.2522054
0,0,0.31002766
1,1,0.68755615
0,0,0.34232843
0,1,0.6632868
0,0,0.1834037
0,0,0.28543082
0,0,0.4431728
1,0,0.304208
0,1,0.58211946
0,0,0.19730408
0,0,0.19019678
0,1,0.7538663
0,1,0.5106231
1,1,0.79641974
0,1,0.66470104
0,1,0.53509766
0,1,0.7205925
0,1,0.6313705
0,0,0.46619934
0,0,0.18059622
0,1,0.55306125
0,0,0.3324863
0,0,0.23916101
0,0,0.25403747
0,0,0.4954056
0,0,0.22424732
0,1,0.7287694
0,1,0.5392612
0,0,0.2371007
0,0,0.33168367
1,1,0.6144116
0,1,0.70340574
0,1,0.6736484
0,0,0.4068535
0,1,0.9305521
0,0,0.37614655
0,0,0.35883427
0,0,0.22561975
0,1,0.5368297
0,0,0.3757139
0,0,0.22795945
0,0,0.24176954
0,0,0.14302099
0,0,0.3412391
0,0,0.08262118
0,1,0.8964317
0,1,0.8327274
0,1,0.8000711
0,0,0.4953767
0,1,0.67768013
0,1,0.63575333
0,0,0.17672104
0,1,0.6245697
0,1,0.582155
0,1,0.51789695
1,0,0.30180562
0,0,0.3861527
0,0,0.4030794
0,0,0.14025952
0,0,0.14372025
0,0,0.16808574
0,0,0.48065162
0,0,0.19902386
0,0,0.26939642
0,1,0.7261104
0,1,0.5097359
0,0,0.28834903
0,0,0.33902943
0,0,0.096954815
0,0,0.31583077
0,0,0.13418336
0,0,0.35082737
0,0,0.13519931
0,0,0.2670086
0,0,0.4473151
0,0,0.28964072
0,0,0.18729118
0,0,0.43969688
0,0,0.43444526
0,0,0.2211212
0,0,0.3685384
0,0,0.22011171
1,1,0.6577884
0,0,0.3258016
1,1,0.71198094
0,0,0.11849647
0,0,0.14503868
0,0,0.04000185
0,0,0.08400098
0,1,0.6714532
0,0,0.146252
0,0,0.4789498
1,1,0.74186295
0,0,0.18089649
0,0,0.25447613
0,1,0.6898938
1,0,0.27732772
0,1,0.62955606
1,0,0.22507142
0,0,0.30701154
0,0,0.1385257
0,0,0.16260478
0,0,0.097720675
0,0,0.2990829
0,0,0.21587293
0,0,0.18794887
0,0,0.3728677
0,0,0.19968592
0,1,0.5830575
0,1,0.55642056
0,0,0.20166348
0,0,0.39397186
0,0,0.28011668
0,1,0.5142467
0,0,0.2689865
0,0,0.49924833
0,0,0.23004492
0,0,0.1161107
1,1,0.591126
0,0,0.19982734
0,1,0.6943824
0,1,0.5310442
0,0,0.26013878
0,0,0.39817834
1,1,0.804064
0,0,0.38527492
0,1,0.63678914
0,1,0.70732427
1,1,0.6332518
0,1,0.7873114
0,0,0.48083824
0,0,0.36228523
0,0,0.106938645
0,0,0.11761338
0,0,0.27465728
0,1,0.5364419
0,1,0.5015116
0,1,0.7859341
0,0,0.42584068
0,0,0.44895077
0,1,0.6179912
1,0,0.23143089
0,0,0.13052185
0,1,0.65332705
0,0,0.22904575
0,1,0.576533
0,0,0.38001636
0,0,0.034492996
0,1,0.8290553
0,1,0.5946533
0,0,0.39065376
0,1,0.6166999
0,1,0.5329927
0,1,0.75383145
0,1,0.701143
0,0,0.4234156
0,0,0.15801121
1,1,0.7682045
0,0,0.122246616
0,1,0.7856628
0,0,0.34990162
0,0,0.3147461
0,1,0.78943604
0,1,0.5530985
0,0,0.12897669
0,1,0.6617533
0,1,0.62396127
0,0,0.10525341
0,0,0.49183467
0,0,0.03602834
0,0,0.27824688
0,0,0.3834762
0,0,0.22353536
0,0,0.16040142
0,0,0.14091218
0,1,0.7094925
0,0,0.36973006
1,1,0.5958091
0,0,0.457774
0,1,0.72781414
0,0,0.1696259
0,0,0.4583965
0,1,0.61317897
0,1,0.84902114
0,1,0.7737651
0,1,0.5092614
0,0,0.16677593
0,0,0.1102725
0,0,0.26158524
0,0,0.32172662
0,0,0.44211048
1,1,0.5025165
0,0,0.20620453
0,1,0.612041
0,0,0.11949878
0,0,0.21343955
0,0,0.3882521
0,1,0.6427284
0,1,0.5953692
0,0,0.37710112
0,1,0.6461528
0,1,0.79682165
0,0,0.3653137
0,0,0.15873176
0,0,0.3305665
0,0,0.434158
0,0,0.20472343
0,0,0.21468394
1,1,0.5092187
0,0,0.3126478
0,1,0.59053344
0,0,0.18766685
0,0,0.13013786
0,1,0.65142125
0,1,0.56696165
0,1,0.67076945
0,0,0.16065134
0,0,0.17262848
0,0,0.43204135
0,0,0.3177764
0,0,0.3177858
0,1,0.71122706
0,0,0.24003196
0,0,0.44678015
0,0,0.122264326
0,0,0.2863043
0,1,0.5845051
0,0,0.20820211
0,1,0.52348036
0,1,0.7581799
0,1,0.5859741
1,1,0.6074511
0,0,0.20265724
0,0,0.071101286
0,1,0.5786872
0,0,0.44463912
0,0,0.053307254
0,0,0.14472145
0,1,0.75259626
0,1,0.563036
0,1,0.55220115
0,0,0.46053773
0,0,0.26294455
0,0,0.4112336
0,0,0.1759237
0,0,0.40594846
0,0,0.49486014
0,1,0.6436505
0,0,0.23086786
0,1,0.59306204
0,1,0.77106285
0,0,0.32799342
0,1,0.5823821
0,0,0.43904048
1,0,0.22992082
0,1,0.6243711
0,0,0.22880524
0,0,0.36109728
0,0,0.45514524
0,0,0.3331683
0,1,0.6544937
0,0,0.15315503
0,0,0.16063786
0,1,0.7553436
0,0,0.24296129
0,0,0.22615263
0,1,0.68085605
0,0,0.37012926
0,0,0.16757295
0,0,0.2300372
0,0,0.32842153
0,0,0.11515196
0,0,0.32833564
1,1,0.6862965
0,0,0.06580239
0,0,0.45742214
0,0,0.42060962
0,0,0.16467753
1,1,0.6353067
0,0,0.4870994
0,0,0.23264574
0,0,0.3133366
0,0,0.45450136
0,1,0.5184556
0,1,0.6196585
0,0,0.44470945
0,0,0.23846844
0,0,0.32125136
0,1,0.68487656
0,0,0.21322519
0,0,0.35325518
0,0,0.07731607
0,0,0.05127577
0,0,0.15210313
0,0,0.22901513
0,0,0.46597114
0,1,0.540143
0,0,0.18390207
0,0,0.34474507
0,1,0.54306984
0,0,0.2250975
0,1,0.73360795
0,0,0.438327
0,0,0.2773978
0,1,0.658231
0,1,0.52412546
0,0,0.45688397
0,1,0.56487405
0,0,0.47445568
0,1,0.5932452
0,0,0.089058995
0,1,0.69150525
1,1,0.7209296
0,0,0.22097303
0,0,0.31138673
0,0,0.3301991
0,0,0.22582677
0,0,0.34944463
0,0,0.15065761
0,0,0.28057614
0,1,0.75164855
0,0,0.24145219
0,0,0.44096363
0,1,0.52612454
0,0,0.35778517
0,0,0.4720059
1,1,0.7371734
0,0,0.2992324
0,0,0.4342628
0,0,0.34455118
0,0,0.25461566
0,0,0.29559445
0,0,0.4621681
0,0,0.29418012
0,0,0.259411
0,0,0.28467122
0,1,0.7290355
0,0,0.1695378
0,0,0.35321075
0,1,0.56041694
0,0,0.4841755
0,0,0.17703898
0,0,0.30688673
0,0,0.36142376
0,0,0.110847816
0,0,0.1834146
0,0,0.25248718
0,1,0.61584985
0,0,0.34214106
0,1,0.737614
0,0,0.25536183
1,0,0.34981224
0,0,0.45291397
1,1,0.8672119
0,1,0.56673396
0,0,0.29202747
0,0,0.14308278
1,0,0.3110368
0,0,0.27693763
0,0,0.27625832
0,0,0.28903306
0,0,0.36929694
0,0,0.42952907
0,1,0.5891173
0,0,0.23361096
0,1,0.53718233
0,0,0.3495803
0,0,0.26838443
0,1,0.51447904
0,0,0.19507676
0,0,0.29272938
0,0,0.42099732
0,0,0.23472846
0,0,0.08027107
1,0,0.39761683
0,0,0.27305368
1,0,0.47900435
0,0,0.2510668
0,0,0.37265173
0,0,0.32592997
0,0,0.17659782
0,1,0.6252356
1,1,0.70813954
0,1,0.5209574
1,1,0.66111624
1,1,0.6767503
0,0,0.37460703
0,0,0.1379467
0,0,0.37945002
0,0,0.34219694
0,0,0.36987805
0,0,0.26245603
0,0,0.0973329
0,0,0.24599603
0,0,0.025615146
0,0,0.218685
0,1,0.7211515
0,1,0.7763376
0,0,0.28129217
0,1,0.5665737
0,1,0.60704994
0,0,0.24750741
0,0,0.24646205
0,1,0.80311155
0,1,0.5450148
0,1,0.50195146
0,0,0.23207963
0,0,0.2794396
0,0,0.44492307
0,0,0.13319828
0,0,0.4370917
0,0,0.22531854
0,0,0.3083562
0,0,0.16726023
0,1,0.5460807
0,1,0.5399415
0,0,0.13005304
0,0,0.468889
0,0,0.11990366
0,0,0.42828423
0,0,0.3230222
0,0,0.1085067
0,0,0.30506617
0,0,0.105647825
0,0,0.19886085
0,0,0.2711
0,0,0.20905879
0,0,0.20870902
0,1,0.6844471
0,0,0.45316872
0,0,0.39939502
0,0,0.33870354
1,1,0.7251316
0,1,0.5547021
0,1,0.56918585
0,0,0.10880767
0,0,0.39753678
1,1,0.76117206
0,0,0.48142195
0,0,0.2943029
0,0,0.47296652
0,1,0.5565393
0,0,0.4034678
0,0,0.27173373
0,1,0.7679209
0,0,0.23233066
0,0,0.38212934
0,1,0.7542139
0,0,0.24596664
0,0,0.48712975
0,0,0.31565642
0,0,0.2572557
0,0,0.36317483
0,0,0.39619857
0,0,0.48972264
0,0,0.32686165
0,0,0.23296991
0,1,0.649515
0,0,0.25246385
1,1,0.87797946
0,0,0.22699147
0,0,0.10829283
1,1,0.6432276
0,0,0.37519357
0,0,0.1918921
0,1,0.6918121
1,1,0.7206501
0,0,0.21118331
0,0,0.49794722
0,1,0.67298853
0,0,0.40701613
0,0,0.23587433
0,0,0.25756595
0,0,0.101582676
0,1,0.89586216
0,0,0.07672169
0,0,0.12266038
0,0,0.16441266
0,0,0.20246936
0,1,0.59543955
0,1,0.5179464
1,1,0.8530985
0,0,0.25831908
0,0,0.3679709
0,0,0.4594861
0,0,0.097490124
0,1,0.737634
0,0,0.398967
0,1,0.6877767
0,0,0.100923784
0,0,0.29051828
0,0,0.3070936
1,1,0.81752574
0,0,0.23432526
0,0,0.46806225
0,0,0.27349696
0,0,0.25290808
0,0,0.48587766
0,1,0.57586956
1,0,0.31460112
0,0,0.1171706
1,1,0.87507784
0,0,0.17782804
0,0,0.39945266
0,0,0.23268852
0,1,0.605424
0,0,0.3572804
0,1,0.50620407
0,0,0.29769418
0,1,0.6197221
0,0,0.35754976
0,0,0.33699945
0,0,0.20906115
0,0,0.3386079
0,1,0.5672244
1,1,0.5858588
0,0,0.49794438
0,0,0.21634701
0,0,0.30075386
0,1,0.5277737
0,0,0.4469041
0,0,0.19185862
0,1,0.6510141
0,0,0.16639303
0,0,0.2936804
0,0,0.28604308
0,0,0.41491947
0,0,0.30539525
0,0,0.118451335
0,1,0.7128189
0,0,0.12704891
0,0,0.43684632
0,0,0.2499388
0,1,0.7238443
0,0,0.1921895
0,1,0.6325175
0,1,0.73068213
0,0,0.4135136
0,1,0.80907494
0,0,0.3324666
0,0,0.42665303
0,1,0.86443496
0,0,0.43860444
1,1,0.63538814
0,0,0.12050207
0,0,0.28363785
1,1,0.5236481
0,0,0.462404
0,0,0.24826147
0,0,0.36223683
0,0,0.4201667
0,1,0.5515617
1,1,0.73168564
0,1,0.84305084
0,1,0.642705
0,0,0.16889733
0,0,0.14879757
0,0,0.026889587
0,1,0.6361901
0,0,0.48180807
0,0,0.45628074
0,0,0.26830572
0,0,0.05317926
0,0,0.41933388
0,0,0.31651306
0,0,0.1616078
0,0,0.303062
0,1,0.59090537
1,1,0.78868574
0,0,0.2680685
1,1,0.8840006
0,0,0.32611617
0,1,0.6257195
0,0,0.34713507
0,0,0.2408027
0,0,0.43438947
0,0,0.3549155
0,1,0.70247537
0,0,0.4818346
1,1,0.5230419
0,1,0.57153296
1,1,0.7780006
0,0,0.03321268
0,1,0.6343071
0,0,0.2756215
0,0,0.28834933
1,1,0.8771838
0,1,0.6313768
0,0,0.26823634
0,0,0.4334896
0,0,0.35296112
0,1,0.72786
0,0,0.27452734
0,0,0.4950293
0,0,0.3157117
0,1,0.67908865
0,1,0.5588914
0,0,0.27293226
0,0,0.4485886
0,0,0.19484249
0,0,0.21723096
0,1,0.5471275
0,1,0.62121344
0,0,0.38585842
0,1,0.7157192
0,0,0.35041472
0,1,0.72024
0,0,0.34421772
0,0,0.22104308
0,0,0.073483065
0,0,0.13191336
0,0,0.37484965
0,1,0.58778125
0,0,0.094829015
0,0,0.20261815
0,1,0.7631013
0,1,0.6266887
0,1,0.7544469
0,1,0.53964615
0,0,0.3214566
0,0,0.17396548
0,0,0.42762157
0,0,0.41887444
0,0,0.35557953
0,0,0.04055993
1,1,0.8570909
0,0,0.124691404
0,1,0.5446189
0,0,0.16129474
0,1,0.6051573
0,0,0.32360873
0,0,0.42929253
0,0,0.13541001
0,1,0.5876231
0,0,0.20449829
0,0,0.22834282
0,1,0.60410786
0,0,0.21449482
0,0,0.35601664
0,0,0.20040165
0,0,0.22621968
0,1,0.61668193
0,1,0.6154958
0,0,0.328964
0,0,0.26418406
0,0,0.38009512
0,0,0.12748921
0,0,0.1682789
0,0,0.30790383
0,0,0.33195266
0,1,0.5896198
0,0,0.2895507
0,0,0.24425344
0,0,0.17150925
0,0,0.4542102
0,0,0.37805003
0,1,0.5875026
0,1,0.5958607
0,0,0.30622652
0,0,0.14457993
0,0,0.2696491
0,1,0.5174973
0,0,0.43004724
0,0,0.24868502
1,1,0.8260682
0,0,0.27562994
0,0,0.3498721
0,0,0.49554583
0,1,0.5503915
0,1,0.57571226
0,0,0.41940078
0,0,0.18996613
0,1,0.73715603
0,0,0.31980726
0,0,0.36083895
0,0,0.48439777
0,1,0.50999016
0,0,0.28499174
0,0,0.14476967
0,0,0.30131018
0,0,0.22525406
0,0,0.25194526
0,0,0.25850528
0,0,0.35638195
0,0,0.42839724
0,1,0.658263
0,0,0.09329939
0,1,0.57688946
0,1,0.61635864
0,0,0.39014813
0,1,0.5410547
0,1,0.59242123
0,0,0.43925807
0,1,0.57784456
0,0,0.12502433
0,0,0.18144162
0,0,0.403255
0,0,0.45807743
0,0,0.38955677
0,0,0.34221798
0,1,0.82046515
0,0,0.30672598
0,0,0.34944513
0,1,0.61835027
0,0,0.18767759
0,0,0.35538983
0,0,0.1311286
0,0,0.46984965
0,1,0.5935058
0,0,0.337159
0,1,0.6802184
0,1,0.6137061
0,0,0.08051337
0,1,0.79194427
0,1,0.56960756
1,1,0.54439044
0,1,0.5919587
0,0,0.05541963
0,0,0.35094547
0,0,0.22843719
0,0,0.28660047
0,0,0.13337357
0,1,0.5562792
0,0,0.104351066
0,0,0.29479244
0,1,0.5562443
0,1,0.58875304
0,1,0.5504787
0,0,0.24876563
0,1,0.6575351
0,0,0.34683144
0,0,0.38269818
0,1,0.5267083
0,0,0.27150494
0,0,0.28306568
0,0,0.14132929
0,0,0.26890147
0,1,0.66323805
1,1,0.67778414
0,1,0.7419989
0,0,0.27489588
0,0,0.23054458
0,0,0.41328976
0,0,0.11925377
0,1,0.6404103
0,0,0.451647
0,0,0.29455578
0,1,0.5284397
0,1,0.5187407
0,1,0.73373157
0,0,0.09779575
0,0,0.13564244
0,0,0.26172608
0,0,0.29726657
0,0,0.14130749
0,1,0.5638295
0,1,0.52905685
0,1,0.5438674
1,1,0.7097849
0,0,0.34766564
0,0,0.4452099
0,0,0.35052335
0,1,0.72225296
1,1,0.7018642
0,1,0.68330884
0,1,0.7242764
0,0,0.12993306
1,1,0.64140564
0,0,0.23767161
0,0,0.1965088
0,0,0.11213173
0,0,0.22909081
0,0,0.41337186
1,1,0.80307627
0,0,0.18348484
0,0,0.42926657
0,0,0.33927202
0,0,0.12152688
0,0,0.21369514
0,0,0.17494251
0,0,0.262498
0,0,0.30180895
0,1,0.50526625
0,0,0.36290786
0,0,0.19059566
0,0,0.13476114
0,0,0.39678884
0,0,0.2971331
0,0,0.13085528
0,0,0.15347978
1,1,0.5286179
0,0,0.24844049
0,0,0.2933062
0,0,0.19639286
0,0,0.30489904
1,1,0.73835254
0,0,0.33420563
0,0,0.40522653
0,0,0.22427845
1,0,0.43493488
0,0,0.11425543
0,0,0.14088048
0,0,0.34901586
0,0,0.22223733
0,0,0.34744114
0,0,0.13397077
0,0,0.18129423
0,0,0.3874938
0,0,0.46918806
0,0,0.15182544
0,1,0.5402458
1,0,0.4683611
0,0,0.45385352
0,0,0.14020342
0,0,0.3753999
0,0,0.45439243
0,0,0.1020081
0,1,0.5514853
0,0,0.42404476
0,0,0.09489958
0,1,0.54631525
0,0,0.13059436
0,0,0.3058708
0,0,0.38497442
0,0,0.44809917
0,0,0.3214208
0,0,0.39722008
0,0,0.39292336
0,0,0.41849515
0,1,0.6841469
0,1,0.8643594
0,0,0.09121411
0,0,0.39154482
0,0,0.38966036
0,0,0.20005582
1,0,0.26321957
1,0,0.43386504
0,0,0.4067853
0,0,0.17187749
0,1,0.50836146
0,0,0.27781785
0,1,0.6354805
0,0,0.24074486
0,1,0.6118578
0,0,0.26524666
0,1,0.5378703
0,0,0.3848209
1,0,0.21449654
0,0,0.29054752
1,1,0.6440549
0,1,0.53611326
0,0,0.26780653
0,1,0.859301
0,0,0.124483906
0,0,0.1570251
0,0,0.4561782
0,0,0.24709228
0,0,0.48729533
0,0,0.12247382
0,1,0.5141356
1,0,0.26388633
0,0,0.2965966
0,0,0.28663424
0,1,0.91550213
0,0,0.100877434
0,0,0.40387717
0,1,0.52218765
0,0,0.24829677
0,0,0.16632843
0,0,0.38343322
0,0,0.10751611
0,1,0.55061805
0,0,0.3319278
0,0,0.2538607
0,0,0.328607
0,0,0.30399793
0,1,0.5194874
0,0,0.21863334
0,0,0.36443225
0,1,0.5169848
0,0,0.20393226
0,0,0.41458878
0,1,0.55333257
0,0,0.37609082
0,0,0.117793
0,0,0.3415827
0,0,0.36346644
0,0,0.111698434
0,1,0.5779152
0,1,0.53102577
0,0,0.11262502
0,1,0.6078597
0,0,0.058202326
0,0,0.48011822
0,0,0.21775363
0,0,0.46816498
0,0,0.32043794
0,1,0.73513424
0,0,0.150225
0,0,0.31692433
0,1,0.8410182
0,1,0.7393474
0,1,0.57156116
0,1,0.68219644
0,0,0.4366437
0,0,0.28077888
0,1,0.68874156
0,0,0.22684847
0,1,0.5826819
0,0,0.12600993
0,0,0.275002
0,1,0.6414928
0,1,0.81681323
0,0,0.0908215
1,0,0.40200067
0,0,0.26791406
0,1,0.6519502
0,1,0.62769717
0,0,0.31444356
0,1,0.64660716
0,0,0.2774553
0,0,0.21780595
0,1,0.62172765
0,0,0.33187428
1,1,0.8277243
0,1,0.53186816
1,1,0.8870843
0,0,0.09884054
0,0,0.4036909
0,0,0.33210722
1,1,0.5163215
0,0,0.3141424
0,1,0.6368989
0,1,0.8674254
0,0,0.40347895
1,0,0.07990458
1,0,0.4495531
0,0,0.17150056
0,0,0.11728748
0,1,0.5277536
0,0,0.28561768
0,0,0.3932122
0,0,0.2021899
0,0,0.27545467
0,0,0.06986133
0,0,0.12630926
0,1,0.5697516
0,1,0.5375966
0,1,0.7736246
0,1,0.6834467
0,0,0.25995445
0,0,0.22923717
0,0,0.21924064
0,1,0.51930255
0,0,0.14035858
0,1,0.71128535
0,0,0.27073032
0,1,0.76368076
0,1,0.6505308
0,0,0.36758894
0,0,0.30922785
0,0,0.21889012
0,0,0.24642278
0,0,0.49926436
0,0,0.41105935
0,0,0.24695262
0,0,0.16754152
0,0,0.2628158
0,0,0.36540115
0,0,0.39762053
0,0,0.3765509
0,0,0.29157627
0,0,0.10559206
0,0,0.22040793
0,0,0.24773344
0,0,0.052827086
0,0,0.4844726
0,0,0.25222486
0,0,0.38126972
0,0,0.39700645
0,1,0.60738945
0,1,0.7174612
0,0,0.43085822
0,1,0.6425774
0,0,0.36580473
0,0,0.26727566
0,1,0.8321132
0,1,0.5666923
1,1,0.5988282
0,0,0.11077995
0,0,0.26547837
1,1,0.6413242
0,0,0.10896778
0,0,0.3718345
0,1,0.6965069
0,1,0.5466531
0,0,0.3579859
0,0,0.13662715
0,0,0.24603625
0,0,0.09165345
0,0,0.33964524
1,1,0.6136495
0,0,0.273376
0,0,0.24724154
0,0,0.067334816
0,0,0.47168338
0,1,0.59757257
0,0,0.3525335
0,0,0.26184115
1,1,0.63859326
0,0,0.27868655
0,0,0.2531421
0,0,0.09536822
0,1,0.6662825
0,0,0.22981137
0,0,0.3890669
0,0,0.4968933
0,0,0.31737414
0,0,0.18107945
0,0,0.11867503
0,0,0.1440765
0,1,0.71622086
0,1,0.73154336
0,0,0.3829617
0,0,0.23453003
0,1,0.6481665
0,0,0.25187635
0,0,0.49138832
0,1,0.725787
0,0,0.2525458
0,0,0.16839162
0,1,0.674604
0,0,0.07418467
0,0,0.4212989
0,1,0.5687288
1,1,0.90070415
0,1,0.65748686
0,0,0.0933291
0,1,0.81880134
0,0,0.2296549
0,0,0.24923968
0,0,0.46548927
0,0,0.25266278
0,0,0.118722215
0,0,0.42883697
0,0,0.44179904
0,0,0.2163976
0,0,0.41037425
0,0,0.3548293
0,0,0.4951155
0,0,0.41168132
1,1,0.5744587
0,1,0.59618425
0,0,0.24362333
0,0,0.2716783
0,0,0.07579302
0,0,0.36321485
0,0,0.3404285
0,0,0.20215449
1,0,0.31110382
0,0,0.1964051
0,1,0.58863366
0,0,0.36237267
0,0,0.33484352
0,0,0.4693584
0,0,0.28489855
0,0,0.25448453
1,1,0.7094332
0,0,0.44255438
0,0,0.23395652
0,0,0.34344774
0,0,0.09832805
0,0,0.23149903
0,0,0.32125902
0,0,0.059969824
0,0,0.48792225
0,1,0.92190987
0,0,0.2743234
0,1,0.64014214
0,0,0.35460594
0,1,0.502581
1,0,0.33316264
0,0,0.41507146
0,0,0.2528622
0,0,0.4694963
0,0,0.14454085
0,1,0.5659527
0,0,0.3099148
0,0,0.33250967
0,1,0.5461697
0,0,0.21086878
0,0,0.2681354
0,0,0.26861754
0,1,0.53684974
0,1,0.56916976
0,0,0.19939941
0,0,0.2508349
0,0,0.49466383
1,1,0.6704238
0,0,0.24622078
1,1,0.8064931
0,0,0.3173751
0,0,0.07540125
0,1,0.6714055
0,1,0.53217274
0,0,0.14141236
1,0,0.37709758
0,0,0.48064485
0,1,0.5060109
0,1,0.7476126
0,0,0.063056074
0,0,0.05539763
0,0,0.093200184
0,0,0.21882616
0,0,0.25154245
0,0,0.29800683
0,0,0.38441592
0,0,0.29324827
0,0,0.13116577
0,0,0.3212496
0,0,0.109479316
0,0,0.26907843
0,0,0.14683075
1,0,0.2860896
0,1,0.6493086
0,0,0.28047475
0,1,0.51705706
0,0,0.24338903
0,0,0.43519408
0,0,0.33378977
0,0,0.26077193
0,0,0.13473606
0,0,0.12238008
0,0,0.41973564
0,1,0.5139328
0,0,0.17681794
0,0,0.35636118
0,0,0.26134136
0,0,0.23165578
0,0,0.2565314
0,1,0.60344803
0,0,0.20170675
0,0,0.4484771
0,1,0.5511637
0,1,0.6657072
0,0,0.37090957
0,1,0.85343057
0,0,0.26101044
0,1,0.74594235
1,1,0.80931467
0,0,0.14702971
0,0,0.18063797
0,0,0.37996268
0,0,0.48085722
0,1,0.5513457
0,0,0.1440333
0,0,0.07498448
0,0,0.4670661
0,0,0.29304016
0,0,0.44316882
0,1,0.53542787
0,1,0.6874631
0,0,0.38088438
0,0,0.24281822
0,0,0.28046787
0,0,0.47433108
0,0,0.16369447
0,0,0.26709753
0,0,0.41694462
0,0,0.43007448
0,0,0.28470773
0,0,0.1698661
0,1,0.54919606
1,0,0.45426607
0,1,0.51862377
0,1,0.57123256
0,0,0.23797818
0,0,0.2043239
0,0,0.47637817
0,0,0.359049
0,1,0.58129776
0,0,0.2015366
0,0,0.24735111
0,0,0.45165926
1,1,0.59417415
1,1,0.86701685
0,0,0.36087328
0,1,0.7351636
0,0,0.29854843
0,0,0.3419454
0,0,0.27465948
0,1,0.5246812
0,0,0.27671453
0,1,0.7849087
1,0,0.41429293
0,0,0.15158755
0,1,0.75715816
0,0,0.296104
0,1,0.52955765
1,1,0.593364
1,1,0.8771955
0,0,0.27071196
0,1,0.50839746
0,0,0.46434727
0,0,0.104465365
0,0,0.23930666
0,0,0.16153105
0,1,0.604364
0,0,0.2406739
0,0,0.10655188
0,0,0.3467704
0,0,0.28586447
0,0,0.18566726
0,0,0.14153643
0,0,0.49354205
0,0,0.12400828
0,0,0.22527087
0,0,0.39277652
0,0,0.20197524
0,0,0.37188175
0,0,0.12368722
0,1,0.52625763
0,0,0.3497269
0,1,0.82173413
0,0,0.32374778
0,1,0.6041816
0,0,0.2750905
0,1,0.5996229
0,1,0.7471275
0,1,0.515818
0,0,0.3779464
1,0,0.3263477
0,0,0.25451145
0,0,0.09161027
0,0,0.29281107
0,0,0.23827848
0,0,0.4914832
0,0,0.42301252
0,0,0.46405134
0,1,0.71596843
1,0,0.44329384
0,0,0.36490244
0,0,0.11209993
0,0,0.41965735
0,1,0.6299657
0,0,0.0685176
0,0,0.21535315
0,1,0.8031569
0,1,0.83743674
0,1,0.8727869
0,0,0.47406796
0,0,0.37278014
0,0,0.24646726
0,0,0.24031125
0,1,0.58358914
1,1,0.78862995
0,0,0.04072795
0,0,0.1269595
0,0,0.08878802
0,0,0.43936527
0,0,0.13941088
0,0,0.16588141
0,0,0.06038937
0,1,0.7152965
0,0,0.46459877
0,0,0.2405588
1,1,0.69252396
0,0,0.3551541
0,0,0.43488005
0,0,0.18470953
0,0,0.32222125
0,0,0.2849898
0,1,0.58269525
0,0,0.22298971
0,1,0.50625646
0,0,0.31777325
0,1,0.595452
0,1,0.5489592
0,0,0.14954244
0,0,0.40735224
0,0,0.3247083
0,0,0.12584782
0,0,0.3707174
0,1,0.5040807
0,1,0.5891144
0,0,0.07699985
0,0,0.13172019
0,0,0.43004265
0,0,0.38917127
0,0,0.286419
0,0,0.47322682
0,0,0.32124478
0,0,0.19574271
1,0,0.29340497
0,0,0.10693438
1,1,0.8404036
1,1,0.9111647
0,0,0.31409666
0,0,0.30580002
0,0,0.34233102
0,0,0.32018358
0,1,0.52242166
0,0,0.38620496
0,0,0.2150589
0,0,0.3389514
0,1,0.60280687
0,0,0.31763902
1,0,0.40101013
0,0,0.25473332
0,1,0.8433618
0,0,0.3281572
0,1,0.54177314
0,1,0.7319511
0,1,0.74409884
0,0,0.20987059
0,1,0.88439053
0,0,0.37678826
0,1,0.6370071
0,1,0.8941144
0,0,0.36441118
0,1,0.644327
0,0,0.120925054
0,0,0.054465596
0,0,0.32420275
0,0,0.11013743
0,0,0.09043483
0,1,0.86189044
0,0,0.47972646
0,1,0.61379963
1,0,0.13688453
0,0,0.32525387
0,0,0.16285697
0,1,0.58892727
0,0,0.19411395
1,1,0.504999
0,0,0.3240288
0,0,0.44704515
0,0,0.4303109
0,0,0.28751415
0,0,0.2244166
0,0,0.24163942
0,0,0.335958
0,0,0.46349424
0,0,0.33655202
0,0,0.34912798
1,1,0.511514
0,0,0.37231374
1,0,0.39642245
0,0,0.23957933
0,0,0.17017883
0,0,0.35459077
0,0,0.32806954
0,0,0.19515204
0,0,0.16005501
0,0,0.12246277
0,0,0.43641144
0,0,0.20830253
0,0,0.22364593
0,1,0.7078159
0,0,0.47029638
0,0,0.1486532
0,0,0.43834242
0,1,0.58807695
0,1,0.68173426
0,0,0.4388274
0,0,0.3008165
0,0,0.23003916
1,1,0.57912874
0,1,0.5069586
0,1,0.6393324
0,0,0.31345958
0,0,0.47947398
0,0,0.20544581
0,0,0.27415282
1,0,0.4554439
0,0,0.40919447
0,1,0.6995709
0,1,0.5692003
0,0,0.37052143
0,0,0.16075788
0,1,0.5354748
0,0,0.27833796
0,0,0.22433607
0,1,0.54556984
0,0,0.21244073
0,0,0.25224707
1,1,0.90158004
0,0,0.46541384
0,0,0.075682804
0,0,0.33965522
0,0,0.2781594
0,0,0.4522661
0,0,0.3993338
0,0,0.09860668
0,0,0.13089158
0,0,0.463706
0,1,0.86384386
1,0,0.39239144
1,0,0.3722503
0,1,0.6657536
0,0,0.19798541
0,0,0.49179947
0,0,0.11110626
0,0,0.36028796
0,0,0.14508916
0,0,0.112329125
0,0,0.223698
0,1,0.6575086
0,1,0.832244
0,0,0.10085905
0,1,0.839865
0,1,0.5918803
0,0,0.2083699
0,1,0.7152346
0,0,0.24808826
0,0,0.32563826
0,0,0.39558306
0,0,0.06757769
0,1,0.8553058
1,1,0.6178393
0,0,0.2737437
0,0,0.338756
0,0,0.29132348
0,1,0.5149869
0,0,0.25801063
0,0,0.47950017
0,0,0.1959907
0,1,0.81340116
0,0,0.17970729
0,1,0.8861787
0,0,0.19554123
0,1,0.56933993
0,0,0.22664647
0,1,0.67046803
0,0,0.16200098
0,0,0.17602469
0,0,0.15722272
0,0,0.40159017
0,0,0.35764238
0,0,0.21566257
0,0,0.41013208
0,0,0.39931777
0,0,0.18397087
0,0,0.21590556
1,0,0.22695473
0,0,0.11786911
0,0,0.15929708
0,0,0.45155546
0,1,0.65254563
0,1,0.78801197
1,0,0.2865198
0,0,0.30578113
0,0,0.14468062
0,0,0.04653987
0,0,0.2741486
1,0,0.43166894
1,1,0.6730677
0,0,0.09597801
0,0,0.3370101
0,0,0.2682118
0,0,0.45692882
0,1,0.7889233
0,1,0.6395272
0,0,0.23180789
0,1,0.5775835
0,0,0.42048302
0,0,0.35526368
0,0,0.1630287
0,0,0.49754354
0,0,0.2859998
0,1,0.70206594
0,0,0.31230262
0,0,0.10906674
0,0,0.4820493
1,1,0.6335739
0,0,0.2972102
0,1,0.58449894
0,1,0.5637303
0,0,0.48752123
0,0,0.4456856
0,0,0.30041704
0,0,0.2563497
0,0,0.46637848
0,0,0.16994718
0,0,0.26856324
0,1,0.53988665
0,0,0.10096983
0,1,0.5533903
0,0,0.42804748
0,1,0.586762
0,0,0.28679043
0,0,0.3362454
0,0,0.4653771
0,0,0.19897191
0,0,0.29256138
0,0,0.1999331
1,1,0.6875212
0,1,0.77108294
0,1,0.52676576
0,0,0.41850653
0,0,0.45734543
0,0,0.056315143
0,1,0.671805
0,0,0.21215752
0,0,0.4392197
0,0,0.3060585
0,0,0.41272327
0,1,0.6124805
1,1,0.67151695
0,1,0.5192879
0,0,0.11098211
0,1,0.5288866
0,0,0.4005344
0,0,0.15737168
0,0,0.35844138
0,0,0.10522025
0,0,0.064281754
0,0,0.28751224
0,0,0.34759894
0,0,0.14633149
0,0,0.3700225
0,0,0.18009797
0,0,0.31122294
0,1,0.57711184
0,0,0.32469973
0,1,0.72637284
0,1,0.54587686
0,0,0.36916953
0,0,0.15579922
0,0,0.20114376
1,1,0.538792
0,0,0.37467882
0,1,0.73736686
0,1,0.7230665
0,0,0.3828147
0,0,0.25976828
0,0,0.1612396
0,1,0.72318864
0,1,0.58686996
0,1,0.53869224
0,0,0.23719373
1,0,0.4333187
0,1,0.7271603
0,0,0.30572695
0,0,0.12507734
0,0,0.3609615
0,0,0.30518922
0,0,0.4082806
0,0,0.3782044
0,1,0.76101834
0,1,0.7218309
0,1,0.81682175
0,0,0.13580978
0,1,0.68163705
0,0,0.1854579
0,0,0.23063968
0,1,0.5068464
0,0,0.43047893
0,0,0.22851783
0,0,0.47690976
0,0,0.15444238
0,0,0.4823978
0,0,0.338321
0,0,0.42085952
0,1,0.5754206
0,0,0.14530881
0,0,0.09604039
0,0,0.4774313
0,0,0.35136005
0,0,0.42476696
0,0,0.2943842
0,0,0.13475168
0,0,0.3557591
0,1,0.61635226
0,0,0.2389973
0,0,0.23631255
0,0,0.08803503
0,0,0.18859662
0,0,0.16342762
0,0,0.11962014
0,1,0.7821825
0,0,0.23729517
0,0,0.4390705
0,1,0.60526496
0,0,0.25838238
0,1,0.5432138
0,1,0.5669109
0,0,0.19332145
0,1,0.6320859
0,0,0.08393925
1,1,0.8088526
1,1,0.7752044
0,0,0.2633172
0,1,0.77467984
0,1,0.662638
0,1,0.8462671
0,0,0.34369004
0,0,0.47679862
0,0,0.12520409
0,1,0.5562233
0,1,0.82599396
0,0,0.39695874
0,0,0.46949375
0,0,0.24898247
1,0,0.38916966
0,1,0.92348164
0,0,0.4283263
0,0,0.15626135
0,1,0.53126764
0,1,0.6160088
0,0,0.097214505
0,1,0.68768066
0,0,0.13725322
0,0,0.20674811
0,0,0.16448337
0,0,0.20772295
0,0,0.40401477
0,0,0.4663086
0,1,0.7067075
0,0,0.13085882
0,0,0.34295714
0,0,0.21653222
0,0,0.22919668
0,0,0.2121746
0,0,0.33142552
0,1,0.5570596
0,0,0.2346881
1,0,0.16472237
0,1,0.7214728
0,0,0.22697128
0,0,0.1780019
1,1,0.84524196
0,0,0.100620925
0,0,0.22032444
0,0,0.20725633
0,0,0.1862805
0,0,0.49987963
0,0,0.33574915
0,0,0.059422374
0,0,0.24600087
1,1,0.5332023
0,0,0.18101244
0,0,0.18454322
0,0,0.13405362
0,0,0.44124678
0,0,0.33959186
0,1,0.55322874
0,1,0.8456965
0,0,0.13536948
0,1,0.53395164
0,1,0.5373038
0,0,0.49682572
0,0,0.18513766
0,0,0.47839192
0,0,0.22933404
0,1,0.6011069
1,1,0.7207992
0,0,0.3817761
0,0,0.23720394
1,1,0.84927726
0,1,0.5319876
0,0,0.19133256
0,0,0.2752207
1,1,0.5779149
1,0,0.24001935
0,0,0.32532382
0,0,0.37968406
0,0,0.12747599
0,0,0.36456442
0,0,0.44601542
0,0,0.1561869
0,0,0.21015175
0,0,0.41926345
1,1,0.5648114
0,1,0.6946588
0,0,0.4294675
0,0,0.26674914
0,1,0.5335989
0,0,0.095833145
0,0,0.47521278
0,1,0.52248824
0,0,0.36819306
0,0,0.41653225
0,0,0.2630239
0,0,0.28922284
0,0,0.49009618
0,1,0.5144913
0,1,0.6127434
0,0,0.3862307
0,0,0.44567344
0,0,0.33091572
0,0,0.28157
0,0,0.31187186
0,0,0.2791271
0,1,0.54026914
1,1,0.6218011
0,0,0.3174329
0,1,0.6353208
0,0,0.44978958
0,1,0.6874813
0,1,0.7028974
1,0,0.48436707
0,0,0.20236857
0,1,0.624464
0,0,0.24192877
1,0,0.42711487
0,0,0.14476779
0,0,0.40141186
0,0,0.40334547
0,0,0.4080607
0,0,0.17026071
0,0,0.2241518
0,0,0.13213307
0,0,0.13245097
0,0,0.48894066
0,0,0.37122068
0,0,0.38055253
0,1,0.76567304
0,0,0.38103363
0,0,0.3450112
0,0,0.29807076
0,0,0.42117816
0,0,0.3096155
0,1,0.51852715
0,0,0.48306137
0,0,0.4280852
0,0,0.15298876
0,0,0.13654386
0,1,0.547268
0,1,0.54119986
0,1,0.5870167
0,1,0.53830415
0,1,0.7560177
0,1,0.5698868
0,0,0.3798241
0,0,0.45983228
0,0,0.48027164
0,0,0.1853535
1,1,0.5857138
0,0,0.120664254
0,0,0.29248497
0,0,0.25326294
0,0,0.10918154
0,1,0.70375705
0,0,0.29297224
0,0,0.32577032
0,1,0.6141271
1,1,0.6961943
0,0,0.38151273
0,0,0.35286525
0,1,0.539353
0,0,0.20160705
0,0,0.29276532
0,0,0.3930715
0,0,0.4859776
0,0,0.12575668
0,0,0.21355775
1,1,0.5265043
0,1,0.60902077
1,0,0.23484834
0,0,0.24229325
0,0,0.18610212
0,0,0.27944532
0,0,0.18885258
0,0,0.030550478
0,1,0.6587999
0,0,0.38970754
0,1,0.6010052
0,1,0.55124694
0,0,0.41824752
0,0,0.30937344
0,0,0.1097895
0,0,0.19918495
0,0,0.24101287
0,0,0.3472681
0,0,0.24033399
0,0,0.24042866
0,0,0.32920903
0,0,0.20195475
0,1,0.65638685
0,0,0.2674844
0,0,0.1906793
0,0,0.13347101
0,0,0.16521935
1,0,0.41249406
0,1,0.51711446
0,0,0.2623055
0,0,0.26291692
0,0,0.3036147
0,1,0.6828312
0,1,0.6155665
0,0,0.086379394
0,1,0.55154306
0,0,0.17878263
1,1,0.7442324
0,0,0.25664392
0,0,0.13630839
1,1,0.708294
0,0,0.39888373
0,1,0.7415381
0,0,0.28026477
0,0,0.13746373
0,0,0.45079413
0,0,0.33019254
0,1,0.8248817
0,0,0.19836478
0,0,0.3177799
1,1,0.6722406
0,0,0.17080899
0,1,0.6811177
0,0,0.10409828
1,1,0.59062386
0,0,0.49315917
0,0,0.35171577
0,0,0.20484035
0,0,0.08796957
0,0,0.21255483
0,0,0.25636056
0,0,0.13462707
0,0,0.07137047
0,0,0.32059544
0,1,0.5787134
0,0,0.17430428
1,0,0.38133016
0,0,0.20811561
0,0,0.45363262
0,1,0.78694093
0,1,0.5438036
0,0,0.28010678
0,0,0.38405848
0,0,0.090908475
0,0,0.20537487
1,1,0.56982213
0,1,0.6982213
1,1,0.6963057
0,0,0.13075727
0,0,0.4864599
0,1,0.69060725
0,1,0.5337731
0,0,0.25904757
0,0,0.09491457
0,0,0.30437773
0,0,0.37207577
1,0,0.26788208
0,0,0.33821362
0,0,0.25771257
0,0,0.10176207
0,0,0.18390793
0,1,0.595885
0,0,0.31986833
0,0,0.08380113
0,0,0.07644126
0,0,0.3011605
0,0,0.23043773
0,1,0.55061686
0,1,0.76134986
0,0,0.29981261
0,0,0.29006797
0,1,0.60574013
0,1,0.5510241
0,0,0.282815
0,0,0.31799155
0,0,0.090766646
0,1,0.5256695
0,0,0.0654953
0,0,0.2234432
0,0,0.30006832
0,1,0.7773675
0,0,0.42123
0,0,0.32853365
0,0,0.47636205
0,1,0.72010094
0,0,0.24617736
0,0,0.36974782
0,0,0.28619966
0,0,0.32352367
0,0,0.39125365
0,0,0.3326273
0,0,0.17735802
0,0,0.18972956
0,0,0.3240152
1,1,0.7575842
0,0,0.48281848
0,0,0.411746
0,1,0.6495383
0,1,0.571245
0,0,0.15029813
0,0,0.32182047
0,0,0.39061272
0,0,0.42741138
1,0,0.43547368
0,1,0.619048
1,1,0.6528132
0,0,0.22838362
0,0,0.40366367
0,1,0.7911323
0,1,0.6042508
0,1,0.60031307
0,0,0.42231494
1,1,0.56192774
0,0,0.49926153
1,0,0.16036941
0,1,0.71179837
0,0,0.41914073
0,0,0.17323178
0,0,0.27602842
0,0,0.48031184
0,0,0.3527566
0,0,0.30776873
0,1,0.6987446
0,0,0.16495717
0,0,0.24853444
0,0,0.24296692
0,1,0.52429146
0,1,0.51197827
0,0,0.1664371
0,0,0.47163787
0,1,0.5341702
0,1,0.7076993
0,0,0.29296777
0,0,0.3273501
0,0,0.08720889
0,1,0.8308937
0,1,0.51318085
1,0,0.24811593
0,0,0.18877926
0,1,0.59788454
0,0,0.33269086
0,0,0.44215634
0,0,0.22042646
0,1,0.7733874
0,1,0.69921404
0,0,0.22897907
0,0,0.42582744
0,1,0.59891534
0,0,0.17950796
0,0,0.21318813
0,0,0.09402814
0,0,0.15439741
0,1,0.522321
0,0,0.16050413
0,1,0.7497943
0,0,0.35711315
0,0,0.15368444
1,0,0.43039992
0,1,0.6299509
0,0,0.49182427
0,0,0.24756823
0,0,0.39181668
0,0,0.34989047
1,1,0.7401943
0,1,0.7139199
0,0,0.4605177
0,1,0.67638874
0,0,0.45264143
0,1,0.5619435
1,1,0.72565395
0,1,0.6187627
0,1,0.6754162
1,1,0.85053784
0,1,0.7074421
0,0,0.10027252
0,1,0.66213334
1,1,0.63465375
0,0,0.072216816
0,1,0.63651794
0,0,0.24769297
0,1,0.62231916
0,0,0.48093617
0,0,0.32062683
0,0,0.28623843
0,1,0.55662555
0,0,0.1845202
0,1,0.725
0,0,0.21053733
1,0,0.3037704
0,0,0.2794554
0,0,0.44465533
0,0,0.12609744
0,0,0.21050763
0,0,0.3293445
0,1,0.53925115
0,0,0.2917634
0,0,0.46096525
1,1,0.598308
0,1,0.5302515
1,0,0.42978144
0,0,0.44754037
0,0,0.16452107
1,0,0.40458423
1,0,0.46415046
0,0,0.27981418
1,1,0.83815885
0,0,0.46460733
0,0,0.41836917
0,0,0.45866692
0,0,0.29373264
0,0,0.2206995
0,1,0.60659486
0,0,0.23201798
0,0,0.14042984
1,0,0.48655605
0,0,0.25228956
0,0,0.3583077
0,0,0.14192878
1,0,0.46663043
1,1,0.6567447
0,0,0.09497175
1,0,0.3499618
0,0,0.21078993
0,0,0.41113985
0,0,0.032754924
1,1,0.8178394
0,0,0.47340235
0,0,0.21094956
0,1,0.58093673
0,1,0.80206466
0,0,0.10345029
0,0,0.13440517
0,0,0.49822664
0,0,0.3129328
0,1,0.5736601
0,1,0.88844
0,0,0.4894446
0,0,0.3072673
0,0,0.2730005
0,1,0.57625526
0,0,0.2578292
0,0,0.20086145
0,1,0.68654984
0,0,0.25326413
0,0,0.104966946
0,1,0.60878587
0,0,0.25524095
0,1,0.56491596
0,1,0.72698003
0,0,0.40405652
0,0,0.13767526
0,0,0.4513347
0,0,0.1848983
0,1,0.54884976
0,1,0.59594357
0,0,0.25737417
0,1,0.6925251
0,0,0.33254895
0,0,0.080415666
0,0,0.12970914
0,0,0.39755705
0,1,0.81382126
0,0,0.24202959
0,0,0.31209216
0,0,0.3237535
0,0,0.35435957
0,1,0.5804128
0,0,0.15480667
0,0,0.30758047
0,0,0.0711796
0,0,0.32215622
1,0,0.33954552
0,1,0.58253556
0,0,0.47098646
0,1,0.5019603
0,0,0.24571471
0,0,0.13844709
0,1,0.6147848
1,1,0.70115596
0,0,0.13912863
0,1,0.80776036
0,0,0.06801307
0,0,0.1635082
0,0,0.096678615
0,0,0.329038
0,0,0.44366297
0,0,0.23942387
0,0,0.19387381
0,0,0.4851992
0,1,0.52542084
0,0,0.3033124
0,1,0.73026544
0,0,0.35336542
0,0,0.18690582
0,1,0.7036744
0,0,0.41910216
0,1,0.6995525
0,1,0.5791968
0,0,0.18087691
0,1,0.51697516
0,1,0.54365975
0,0,0.3135412
0,0,0.46413824
0,0,0.22195655
0,0,0.24357344
0,0,0.44360703
0,0,0.43722612
0,0,0.18050575
0,0,0.2858186
0,0,0.06994765
1,1,0.6381661
0,0,0.14540882
1,1,0.610027
0,1,0.6169347
0,0,0.27928883
0,0,0.15034969
0,1,0.5288226
0,1,0.6064679
0,0,0.32157794
0,0,0.3303561
0,0,0.38882998
0,0,0.14701876
0,1,0.6985158
0,0,0.27683845
0,1,0.54168075
0,0,0.4249721
0,0,0.18716228
0,0,0.33406594
0,0,0.37535197
0,0,0.23088068
0,1,0.8394194
0,0,0.14483409
0,0,0.13193144
0,0,0.44480503
0,1,0.581006
0,1,0.6062538
0,0,0.098840736
0,0,0.4428162
0,1,0.6265206
0,0,0.2783332
0,0,0.17830557
0,0,0.3619027
0,0,0.34100696
0,0,0.27228278
0,0,0.20023045
0,1,0.7792716
0,0,0.056494683
0,0,0.3071751
0,0,0.43663594
0,1,0.57343024
1,1,0.7862139
0,1,0.6916898
0,1,0.62207454
0,0,0.122820996
0,0,0.30163664
0,0,0.25309956
0,0,0.25477257
0,0,0.16499405
0,0,0.23358408
0,1,0.599479
0,1,0.59551233
0,0,0.18692127
0,0,0.23989001
0,0,0.060811587
0,0,0.10487888
0,0,0.14945747
0,0,0.48240024
0,0,0.25213245
0,0,0.46050975
0,0,0.12544467
0,0,0.23001711
0,0,0.4164712
0,0,0.4326639
0,1,0.70210564
0,0,0.25866172
0,1,0.6670596
0,0,0.2826508
0,0,0.43049613
0,0,0.45793805
0,1,0.69079286
0,0,0.16115026
0,1,0.5191967
1,1,0.60112786
1,0,0.4229799
0,0,0.4172427
0,0,0.17109826
0,1,0.7934055
1,1,0.7373475
0,0,0.4489929
0,1,0.8153199
0,0,0.25662363
0,1,0.77504325
0,1,0.7839613
0,0,0.27343428
0,1,0.7142016
0,0,0.49883133
0,1,0.6983081
0,0,0.26507223
0,0,0.3608305
0,1,0.59252167
0,0,0.10183098
0,0,0.11404574
0,0,0.3609526
0,0,0.159914
0,0,0.19003724
0,0,0.4418064
0,0,0.26088527
0,0,0.35537806
0,0,0.24844593
0,0,0.39257807
1,1,0.6241031
0,1,0.73954755
0,0,0.17914222
0,0,0.20204754
0,0,0.4319568
0,1,0.8310218
1,1,0.81215155
0,0,0.35996208
0,1,0.6473113
0,1,0.75755125
0,1,0.626723
0,0,0.4605043
0,0,0.13229086
0,0,0.19537872
0,0,0.45942485
0,0,0.30180013
0,1,0.563431
0,0,0.30887064
0,0,0.17956588
0,0,0.21169023
0,0,0.13960785
0,0,0.1640553
0,0,0.25865638
0,1,0.66266084
0,0,0.49553448
0,1,0.7272244
0,0,0.33668086
0,0,0.3132763
0,0,0.17228815
0,0,0.13050239
0,1,0.61995435
0,0,0.4305794
0,0,0.4527409
0,0,0.36456135
0,1,0.5370917
0,0,0.08474093
0,1,0.61825556
0,1,0.52852553
0,0,0.43438712
0,0,0.30628842
0,0,0.2290853
0,0,0.255837
0,0,0.48752645
1,0,0.40875506
0,0,0.16807395
0,1,0.64002055
1,1,0.7252214
0,0,0.38586402
0,0,0.25147155
0,0,0.25331247
0,1,0.5854946
0,0,0.23395747
1,1,0.8777789
0,1,0.5326269
0,0,0.14120992
0,1,0.62005615
0,0,0.29559946
0,0,0.49711025
0,0,0.2233841
0,0,0.29434356
0,0,0.22910246
0,0,0.31453863
0,0,0.17193411
0,1,0.711252
0,0,0.37621096
0,0,0.15737833
0,0,0.19335149
0,0,0.3732591
0,1,0.61414725
1,1,0.5331791
0,1,0.5510471
0,0,0.17099412
0,1,0.59008837
0,0,0.1594098
0,0,0.09408211
0,0,0.24756125
0,0,0.3949243
0,0,0.17758599
0,0,0.16136764
0,1,0.5702849
0,0,0.07905007
0,0,0.27851814
0,0,0.2010093
0,0,0.25074175
0,0,0.1712034
0,0,0.25090942
0,0,0.41135696
0,1,0.6937754
0,1,0.6105728
0,1,0.5700716
0,0,0.18236487
0,0,0.1154827
1,1,0.622553
0,0,0.1503618
0,0,0.12953791
0,0,0.082941055
0,0,0.4498933
0,0,0.16562909
0,0,0.33395532
0,1,0.7481547
0,0,0.07851092
0,1,0.55389714
1,1,0.6322618
0,1,0.67980415
0,1,0.56810886
0,0,0.03492272
0,0,0.040308505
0,0,0.29091147
0,0,0.20774788
0,1,0.64834243
0,0,0.13309036
0,1,0.5039303
0,0,0.1694727
0,1,0.6672506
0,0,0.14085492
0,0,0.1890845
0,0,0.36205783
0,0,0.33018038
0,0,0.37231472
0,1,0.748352
0,0,0.16757847
0,0,0.28842083
0,1,0.500371
0,0,0.31475475
0,0,0.16803366
0,0,0.4949515
0,0,0.32590568
0,0,0.48597905
0,0,0.4123929
0,0,0.2399282
0,1,0.66561425
1,0,0.25216135
0,0,0.12815438
0,1,0.58584565
0,1,0.72278214
0,0,0.15031269
0,0,0.15500027
0,0,0.20700783
0,0,0.29531792
0,0,0.174164
0,0,0.15235735
0,0,0.2598386
0,1,0.74125206
0,0,0.4334551
0,0,0.40888625
1,1,0.7736988
0,0,0.3327147
0,0,0.44144937
0,0,0.3297544
0,1,0.6493265
0,0,0.2634965
0,1,0.5036869
0,0,0.17597887
0,1,0.91349864
0,0,0.23269624
0,1,0.67532516
1,1,0.7816121
0,0,0.28884843
0,1,0.53440994
0,0,0.28400207
0,0,0.32372952
0,0,0.21857469
0,0,0.22425957
0,0,0.22322372
1,0,0.36989176
0,0,0.24664356
0,0,0.3058452
0,0,0.26828548
0,0,0.16279465
0,1,0.73401856
0,0,0.16201699
0,0,0.4269136
0,0,0.10476869
1,0,0.4222063
0,0,0.16934186
0,0,0.14140256
0,0,0.48273996
0,0,0.37492836
0,0,0.44927624
0,1,0.7261741
0,1,0.70339155
0,0,0.4162557
0,0,0.09034268
1,0,0.33048555
0,0,0.11844987
0,0,0.12433423
0,0,0.2302308
0,1,0.51914066
0,1,0.82830197
0,1,0.5137161
0,0,0.22377364
0,1,0.5008916
0,0,0.38474235
0,0,0.47410998
0,0,0.046074376
0,0,0.19308074
0,0,0.44062963
0,0,0.34716067
0,0,0.10375217
1,1,0.6113995
0,1,0.64200646
0,0,0.37363967
0,1,0.51397824
0,0,0.3841668
0,0,0.0638521
0,0,0.2540332
0,0,0.44533718
0,0,0.49369025
0,1,0.74163026
0,0,0.15067933
0,0,0.40503928
0,0,0.40351033
0,0,0.4626425
0,0,0.14719708
0,0,0.4639109
1,1,0.79374164
0,0,0.13636634
0,0,0.2759511
0,1,0.6725142
0,0,0.39144227
0,1,0.7726302
0,0,0.14629366
0,1,0.64587116
0,0,0.14006391
0,1,0.5073468
0,0,0.20201208
0,0,0.23022872
0,0,0.26254222
0,0,0.13383965
0,0,0.44937977
0,1,0.716375
0,0,0.30036294
0,0,0.33560857
0,0,0.13114902
0,1,0.71962607
0,1,0.5186726
0,0,0.21937728
0,0,0.22435308
0,0,0.3757069
0,0,0.09273539
1,0,0.33660367
1,0,0.4577919
0,0,0.41719183
1,0,0.47885135
0,1,0.5827819
0,1,0.7889807
0,0,0.43281165
1,1,0.93576235
0,0,0.3255551
0,0,0.10780631
0,1,0.51752204
1,1,0.6634471
0,0,0.13671638
0,0,0.28634146
0,1,0.5968593
0,0,0.38519412
0,1,0.5132061
0,0,0.37263444
0,1,0.5308546
0,0,0.07397461
1,0,0.27353933
0,0,0.11406448
0,0,0.186615
0,1,0.57592475
0,0,0.26653236
0,0,0.34939146
0,1,0.5732538
0,0,0.29975623
0,0,0.3085348
0,0,0.22244929
0,1,0.7419355
0,0,0.25862506
0,1,0.5933954
0,1,0.5424954
0,0,0.4794858
0,0,0.46077383
0,0,0.19141214
0,0,0.443109
1,0,0.46629792
0,1,0.5063857
0,0,0.3787099
0,0,0.41706863
0,1,0.5443985
0,0,0.25347477
0,1,0.5794317
0,0,0.39316133
0,1,0.81203884
0,0,0.15146157
0,1,0.58541024
0,1,0.8827468
0,0,0.07854245
0,0,0.13602804
0,0,0.097219616
0,1,0.7765488
0,0,0.44722584
0,0,0.10786049
0,0,0.4276497
0,0,0.33906758
0,0,0.19204003
0,0,0.22698091
0,1,0.60755134
0,0,0.12403328
0,1,0.53493226
0,1,0.62816095
0,0,0.38552848
0,0,0.3822324
0,0,0.38155878
0,0,0.1633132
0,1,0.73240364
0,0,0.34735334
0,0,0.07785347
0,0,0.079138815
0,1,0.6261175
0,0,0.48238868
0,0,0.3930618
0,1,0.6184146
0,0,0.49745408
0,0,0.34082615
0,1,0.6500181
0,1,0.8441039
0,0,0.052897103
0,0,0.26888293
0,1,0.74478126
0,1,0.6875108
0,0,0.27248952
0,0,0.24011913
0,0,0.4393374
0,1,0.50701416
0,0,0.2295235
0,0,0.24670807
0,0,0.3527198
0,0,0.44666833
0,0,0.1764683
0,0,0.37741533
0,0,0.107061066
0,1,0.5168426
0,0,0.16143678
0,0,0.236197
0,1,0.866867
1,0,0.3756722
0,0,0.30433953
0,1,0.5053917
0,0,0.3242698
0,0,0.11385296
0,1,0.5728652
1,0,0.30044788
1,1,0.8850067
0,0,0.21481661
1,0,0.22119696
0,0,0.20021959
0,0,0.16508472
0,0,0.37641335
1,1,0.51158154
0,0,0.11346219
1,1,0.52357155
0,0,0.10872509
0,0,0.47109553
0,0,0.10734745
0,0,0.22897427
0,0,0.12969969
0,0,0.13129544
0,0,0.43814313
1,1,0.7391599
0,0,0.1372517
0,1,0.69267076
0,0,0.3132904
0,0,0.31542996
0,1,0.67330784
0,0,0.35917297
1,1,0.59522015
0,0,0.35845023
0,0,0.2894295
0,1,0.5434721
0,0,0.36887464
0,0,0.2330993
0,0,0.19232361
0,0,0.49381155
0,0,0.13560057
0,0,0.14190213
0,0,0.21102302
1,1,0.84277177
0,0,0.20090353
0,0,0.06035149
0,0,0.2448779
0,1,0.7630483
0,0,0.33114317
0,0,0.17336829
0,1,0.8045241
0,0,0.23101379
0,1,0.6536505
0,0,0.2563321
0,0,0.47681206
0,0,0.25524947
0,0,0.09405544
0,0,0.3250668
0,0,0.4442838
0,0,0.21385287
0,0,0.29062667
0,1,0.74752474
0,0,0.4462958
0,1,0.57196623
0,1,0.5789229
0,1,0.65492135
0,0,0.20677723
0,0,0.20126408
0,0,0.23196043
0,0,0.35250196
0,0,0.21260299
0,0,0.49349874
0,0,0.31289658
0,0,0.42578915
0,0,0.083088495
0,0,0.4428225
0,0,0.12889168
0,1,0.6730654
0,1,0.6513122
0,0,0.38557103
1,0,0.3594543
0,0,0.15324943
1,1,0.7979298
0,0,0.22745757
0,1,0.6356762
0,0,0.47467625
0,0,0.358125
0,0,0.29785967
0,0,0.49290752
0,0,0.46394366
0,0,0.38482234
0,0,0.24755251
0,0,0.2656569
0,0,0.34657001
0,0,0.4766314
0,1,0.89000577
0,0,0.2803164
0,0,0.2299515
0,0,0.37485954
0,0,0.1746454
0,1,0.69819915
0,0,0.355562
0,1,0.55073565
0,0,0.3526736
0,0,0.41940615
0,1,0.54412454
0,0,0.34775314
0,0,0.3613057
0,1,0.65830535
1,1,0.67344445
0,0,0.26460165
0,0,0.46633005
0,0,0.23387633
0,0,0.3817828
0,1,0.77077246
0,0,0.27888647
0,0,0.31414106
0,0,0.3857767
0,1,0.6861558
0,0,0.20286617
0,0,0.3887421
0,0,0.17190553
0,0,0.26204768
0,0,0.29320866
0,0,0.21827273
0,0,0.1952064
0,0,0.13715439
0,0,0.2678994
0,0,0.18878706
1,1,0.77254575
0,0,0.42192307
0,0,0.45664248
0,0,0.3561241
0,0,0.41937584
0,1,0.5456927
0,1,0.5209045
0,0,0.45693403
0,0,0.16906534
0,1,0.76807386
1,0,0.31544176
0,0,0.120696045
0,0,0.47480685
0,1,0.5136905
0,0,0.31446728
0,0,0.47483727
0,0,0.46582332
0,1,0.748011
0,0,0.037430115
0,1,0.68292165
0,0,0.30376852
1,1,0.58786345
1,0,0.16079521
0,1,0.7043264
0,0,0.20822291
1,1,0.774795
0,1,0.58691275
0,0,0.4655066
0,0,0.32668746
0,0,0.15298948
0,0,0.40328264
0,0,0.3367568
0,0,0.39241996
0,1,0.60593206
0,0,0.12056949
0,0,0.09019487
0,0,0.24213801
0,0,0.15472782
0,0,0.39183164
0,1,0.5586617
0,0,0.48949614
0,0,0.09641469
0,1,0.8120014
0,0,0.36921924
0,0,0.26740682
0,0,0.38446847
0,0,0.04751462
0,0,0.30101138
0,1,0.7054107
0,0,0.489424
0,0,0.35983366
0,0,0.29941562
0,0,0.37101653
0,0,0.08176233
0,0,0.14588223
0,0,0.31371066
0,0,0.24717054
0,0,0.10769585
0,0,0.18242513
0,0,0.14827497
1,1,0.8426505
1,1,0.57862496
0,0,0.1404854
0,1,0.5000832
1,1,0.87315613
0,0,0.27679628
0,1,0.6477749
0,0,0.074464135
0,0,0.26987842
0,0,0.2218254
0,0,0.21285896
0,0,0.32878926
1,1,0.70744187
0,0,0.25096646
0,1,0.7934081
0,0,0.4015149
0,0,0.13561913
0,1,0.6467086
0,0,0.30077317
0,0,0.3459105
0,0,0.11633472
1,1,0.6880448
0,0,0.47242582
0,0,0.37894964
0,0,0.34897277
0,0,0.35919553
1,1,0.69471276
0,0,0.24635586
0,0,0.3704896
0,0,0.18562354
0,0,0.29345042
0,0,0.28559333
0,0,0.3416548
0,0,0.35921413
0,0,0.4984184
0,0,0.19186434
0,1,0.5978131
0,0,0.45624816
0,0,0.29328632
0,0,0.26090834
0,0,0.11915631
0,1,0.6449794
1,1,0.77636075
0,0,0.24700704
0,0,0.16742256
0,1,0.6009514
0,1,0.55390567
0,0,0.27639937
0,0,0.25199202
0,0,0.13257974
1,1,0.7506772
0,0,0.47772813
0,0,0.3810459
0,0,0.057544578
0,0,0.23530701
0,1,0.65465504
0,0,0.39605433
0,0,0.3818939
0,0,0.06567527
0,0,0.30250067
1,1,0.91352177
0,0,0.07950146
0,0,0.48510104
0,0,0.2788737
0,1,0.7752605
0,1,0.5049233
0,0,0.2046593
0,0,0.23950312
0,0,0.28446585
0,0,0.25181684
1,1,0.8703115
0,0,0.31650537
0,0,0.188523
0,1,0.5883067
0,0,0.15981123
0,1,0.5476373
0,0,0.40237138
0,0,0.1560229
0,0,0.15310381
0,1,0.79326355
0,0,0.35117167
0,0,0.23835416
0,1,0.5920182
0,1,0.7476791
0,0,0.16684143
0,0,0.16523926
1,1,0.63490486
0,0,0.069192976
0,0,0.14113477
1,1,0.8296365
0,1,0.8141424
0,0,0.13822114
0,0,0.21988292
0,0,0.13391457
0,0,0.22897914
0,0,0.2761461
0,0,0.36654446
0,1,0.7556922
0,1,0.7948087
0,0,0.41725683
0,0,0.26704654
0,0,0.39775738
0,0,0.47100317
0,0,0.36140513
0,0,0.23408133
0,0,0.088308595
0,1,0.67019814
0,0,0.31027523
0,0,0.37740058
0,0,0.06260747
0,1,0.72253996
0,1,0.6025104
0,0,0.43403947
0,0,0.06239239
0,1,0.579322
0,0,0.08968656
0,0,0.18226252
0,0,0.45940045
0,0,0.4492415
0,0,0.31567264
0,0,0.17651258
0,0,0.25848335
0,0,0.26509014
0,0,0.2579274
0,0,0.04655697
0,0,0.1708197
0,0,0.159225
0,1,0.57309616
0,1,0.5232111
0,0,0.24326934
0,0,0.23445402
0,0,0.407004
0,1,0.58916813
0,0,0.2890479
0,0,0.43826428
0,0,0.3099519
0,0,0.25075966
0,0,0.22214097
0,0,0.4601204
0,0,0.31555092
0,0,0.096925154
0,0,0.27348772
0,1,0.78549856
0,0,0.2019112
0,1,0.6455133
0,0,0.45538813
0,1,0.6857548
0,0,0.27471784
0,0,0.10293155
0,0,0.37965715
0,0,0.36444092
0,0,0.25410247
0,0,0.439429
0,1,0.5006667
0,0,0.08240363
0,0,0.27195528
0,1,0.50071055
0,1,0.50785357
0,1,0.54455316
0,0,0.39076605
0,1,0.50389314
0,1,0.5226276
0,0,0.1406874
0,0,0.22982885
0,1,0.7407805
0,0,0.16599764
1,1,0.59515244
0,0,0.062261496
0,0,0.46814287
0,0,0.36631778
0,0,0.29740837
0,0,0.22572672
0,1,0.7148898
0,0,0.24912226
0,1,0.5695892
0,0,0.10720623
0,0,0.34083125
0,0,0.3157256
0,1,0.5036906
0,0,0.20230252
0,0,0.4757059
0,0,0.05865005
0,1,0.5658432
1,1,0.86400443
0,0,0.22021075
0,0,0.48652682
0,0,0.44623473
0,0,0.25144818
0,1,0.52468157
0,0,0.19683231
0,1,0.7068225
0,0,0.3182571
0,0,0.18350974
0,1,0.5803091
0,1,0.650273
1,0,0.49916098
0,0,0.4178038
0,0,0.18119444
0,0,0.43563154
0,1,0.58995175
0,0,0.02510834
0,0,0.46953845
0,0,0.28982773
0,0,0.41605565
0,0,0.41786927
0,0,0.37445718
0,0,0.17309222
0,1,0.63129866
0,1,0.6340968
0,1,0.60900766
0,0,0.22504847
1,1,0.5199968
0,1,0.6112706
0,0,0.31017032
0,0,0.36293268
0,0,0.20625392
0,0,0.46309397
0,0,0.3380305
0,0,0.17815408
0,0,0.23623246
0,1,0.6303804
0,1,0.63436824
1,0,0.26104394
0,0,0.20132896
0,1,0.87029266
0,0,0.22694728
1,1,0.84769017
0,1,0.61649907
0,0,0.43267474
0,1,0.63573015
0,0,0.14956687
0,0,0.14475113
0,0,0.24790859
0,0,0.14780481
0,0,0.44861346
0,0,0.22689909
0,0,0.17594926
0,1,0.64178425
0,1,0.52088124
0,0,0.13729934
0,0,0.3566081
0,0,0.4775951
0,0,0.1694737
0,0,0.19608119
0,0,0.40920016
0,0,0.34150293
0,0,0.26837468
1,1,0.8773629
1,1,0.76074106
0,0,0.096793324
0,0,0.33992335
0,0,0.19016655
0,1,0.6678074
0,0,0.30622062
0,1,0.53581166
0,0,0.43563113
1,1,0.69649816
0,0,0.30847016
0,1,0.6535232
0,0,0.15994364
0,0,0.10415374
0,1,0.6899946
1,0,0.46425238
1,1,0.51068515
0,0,0.20675702
0,0,0.24554187
0,0,0.1278524
0,0,0.083839245
0,0,0.25567794
1,1,0.8195941
0,0,0.21259941
0,0,0.23279661
1,1,0.7522522
0,0,0.14377981
0,0,0.30735916
0,0,0.21057734
0,0,0.32258996
0,0,0.22148739
1,1,0.7357013
0,0,0.38685432
0,0,0.34625062
0,0,0.06972317
0,0,0.42069775
0,1,0.60380715
0,1,0.69887745
0,0,0.1247841
0,0,0.12521674
0,0,0.3901292
0,0,0.2682745
0,1,0.5189199
0,0,0.23258835
0,0,0.26144552
0,1,0.7947244
0,0,0.44070938
0,0,0.08116561
0,0,0.43957153
1,1,0.6829726
0,0,0.23810709
0,1,0.6692835
0,0,0.225111
0,1,0.69554764
0,1,0.8423305
0,0,0.24243918
0,1,0.5355672
0,1,0.66772467
0,0,0.41759005
0,0,0.43847188
0,0,0.16695459
0,0,0.46910626
0,0,0.17952052
0,0,0.37074786
0,0,0.45043027
0,1,0.65085334
0,0,0.47444344
0,0,0.1937825
0,0,0.42526755
0,0,0.3645409
0,0,0.4843231
0,0,0.46432942
0,0,0.15658687
0,0,0.39311564
0,1,0.6737382
0,0,0.3806138
0,1,0.828553
0,1,0.83904684
0,1,0.73907036
0,0,0.13119546
0,0,0.25763902
0,1,0.6497348
0,0,0.29396242
0,0,0.2016618
0,0,0.11627861
0,1,0.6536201
0,0,0.19519463
0,1,0.808822
0,0,0.04263769
0,1,0.76759076
0,0,0.18082187
0,0,0.13490938
0,0,0.20750055
0,1,0.57567275
0,0,0.16218735
0,0,0.33968887
0,1,0.76909584
0,0,0.29534373
0,1,0.67447275
1,1,0.64693516
0,0,0.22656196
0,1,0.71014553
0,1,0.5691473
0,1,0.594331
0,1,0.8138247
0,0,0.24535635
0,0,0.3749667
1,1,0.6408784
0,0,0.13114125
0,1,0.8048087
0,0,0.39002436
0,1,0.5281919
0,0,0.47799498
0,0,0.2163972
0,1,0.5248505
0,0,0.38836658
1,0,0.46791646
0,0,0.3974065
0,1,0.7801386
0,0,0.3893585
0,0,0.14822471
0,1,0.8888186
0,0,0.4764706
0,0,0.24413246
0,0,0.31024536
0,0,0.14179356
0,0,0.26977113
0,0,0.16251059
0,0,0.13878688
0,0,0.37667525
0,0,0.2372211
0,1,0.50665224
0,1,0.7862885
0,0,0.1470035
0,0,0.3559544
1,1,0.5836017
0,1,0.8290011
1,1,0.6491188
0,1,0.7310277
0,1,0.5574537
0,0,0.24613498
1,0,0.4710037
0,0,0.1928084
0,0,0.4022614
0,1,0.51065224
0,0,0.21746174
0,0,0.120427184
0,1,0.56011754
0,0,0.18543983
0,1,0.5591472
0,0,0.41297022
0,0,0.39016896
0,0,0.2773756
0,0,0.116906434
0,0,0.22384009
0,0,0.48770046
0,0,0.29124388
0,1,0.64883924
0,1,0.7566004
0,0,0.1102514
0,1,0.5460002
0,0,0.40433285
0,1,0.83206844
0,1,0.6668311
0,0,0.1803675
0,0,0.30228293
0,1,0.76936203
0,0,0.3053725
0,0,0.33459494
0,1,0.50488764
0,0,0.38705796
0,0,0.19269146
0,0,0.36931267
0,0,0.46991834
0,0,0.10834868
0,0,0.23339497
0,0,0.28319758
0,0,0.2512496
0,0,0.15802132
0,0,0.28289065
0,0,0.1701718
0,0,0.12942943
0,0,0.4027549
0,0,0.48677012
0,0,0.15283462
0,0,0.22440973
0,0,0.2508367
0,1,0.6163152
0,0,0.3732988
0,0,0.14777507
0,1,0.66162455
0,1,0.58168805
0,0,0.19577482
0,0,0.4497588
0,0,0.23474734
0,0,0.23870012
0,1,0.71195483
0,0,0.26314715
0,0,0.3010061
1,1,0.71550536
0,0,0.49065793
1,1,0.9169881
0,0,0.3592233
0,1,0.5948916
0,1,0.617828
0,1,0.5188106
0,0,0.46984854
1,1,0.5291072
0,0,0.34820777
0,0,0.20433804
0,0,0.4040149
0,1,0.52276057
1,1,0.6832186
0,0,0.19786736
0,0,0.3344378
0,0,0.3710693
0,0,0.35106176
0,0,0.051903382
0,0,0.091871195
0,0,0.4982921
0,0,0.13647997
0,0,0.2641735
0,0,0.49067584
0,1,0.64160496
0,0,0.33265892
1,1,0.782041
0,0,0.22533688
0,0,0.17423004
0,1,0.6084371
0,0,0.17879736
0,0,0.374782
0,0,0.36409798
0,0,0.39821318
0,0,0.09614128
0,0,0.33302575
0,1,0.5672933
0,1,0.54000485
0,0,0.4096914
0,0,0.2593392
0,0,0.48506278
1,1,0.7079632
1,1,0.6320962
0,0,0.47690362
0,1,0.6291568
0,0,0.1485777
0,0,0.11587796
0,1,0.5634473
0,0,0.20897566
0,0,0.48392144
0,0,0.19569547
0,0,0.18110934
0,0,0.26877207
0,1,0.76261955
0,0,0.39873713
1,1,0.83714664
1,1,0.7140115
0,0,0.43518957
0,1,0.6185313
0,1,0.68398654
1,1,0.7739098
0,0,0.15683024
0,0,0.18877603
0,1,0.52150273
0,0,0.4665994
0,0,0.32132718
0,1,0.7330036
0,1,0.6042957
0,1,0.64043605
0,0,0.31574494
0,0,0.13737585
0,0,0.19269605
0,0,0.07665143
0,0,0.27553153
0,0,0.4239653
0,0,0.4975825
0,0,0.1639444
0,0,0.07607999
0,0,0.1615059
0,0,0.37882197
0,1,0.73169106
0,0,0.20378864
0,0,0.11691247
0,0,0.15586838
0,0,0.1251153
1,1,0.53077525
0,0,0.34222332
0,0,0.4686503
0,0,0.113971926
0,0,0.17509755
0,0,0.2727234
0,0,0.1280182
0,1,0.51507556
0,0,0.36028147
0,1,0.66975987
0,1,0.7272462
0,0,0.07632051
0,1,0.78974646
0,0,0.29682022
0,1,0.558423
0,0,0.42846662
0,0,0.25253963
0,0,0.41364232
1,1,0.6019552
0,0,0.31554243
0,0,0.3135888
0,1,0.7753655
0,0,0.23380147
0,1,0.5331401
0,1,0.57022905
0,1,0.60520655
0,0,0.1702169
1,1,0.5051871
0,0,0.4721921
0,0,0.37083414
0,0,0.22752647
0,0,0.40450686
0,0,0.14459316
0,1,0.5365031
0,0,0.27954477
0,0,0.44636846
0,0,0.15119593
0,0,0.23334067
0,0,0.16657357
0,0,0.36684
0,0,0.32204083
0,0,0.35336697
0,0,0.2136786
0,0,0.23782732
0,0,0.31407252
0,1,0.62336916
0,1,0.5674509
0,1,0.6856175
0,0,0.35229957
0,0,0.46410772
0,0,0.19177254
0,1,0.64757633
0,0,0.2869789
0,0,0.1221686
0,0,0.083842926
0,1,0.70125157
0,0,0.29214606
0,1,0.7850434
0,1,0.7820114
0,0,0.18198323
1,1,0.54160225
0,1,0.6500578
0,0,0.3691334
0,0,0.15290289
0,0,0.120059125
0,1,0.6829011
0,0,0.37589324
0,1,0.62425625
0,1,0.7528894
0,0,0.28778696
0,1,0.6721342
0,0,0.24346076
0,1,0.6159996
0,0,0.43635118
0,0,0.103105254
0,0,0.18476902
0,0,0.08883897
0,1,0.6290165
0,0,0.44086146
0,1,0.67954344
0,0,0.39702645
0,0,0.23642637
0,0,0.25071868
0,1,0.5723024
0,0,0.094695814
0,1,0.6703948
0,0,0.49485016
0,0,0.44200864
1,1,0.5560824
0,0,0.38736936
0,1,0.5242075
0,0,0.44733658
0,1,0.56008065
0,0,0.3329966
0,1,0.8058613
0,0,0.2505383
0,0,0.19815122
0,0,0.39144614
0,1,0.53747123
0,0,0.16326097
0,0,0.34678677
0,1,0.5960874
0,0,0.3757447
0,0,0.3729101
0,1,0.78077763
0,1,0.7626711
0,0,0.30663016
0,1,0.54593515
0,0,0.42052948
0,0,0.27900073
0,0,0.46984196
1,0,0.33771598
0,0,0.108586684
0,0,0.120033786
0,0,0.2867658
0,0,0.29808402
0,0,0.21531083
0,0,0.25620455
0,0,0.424749
0,0,0.3474354
0,1,0.50728536
0,0,0.17959026
1,0,0.4062166
0,0,0.1850011
1,1,0.8360369
0,1,0.80858403
0,0,0.22574076
0,0,0.21797982
1,1,0.7251903
0,0,0.4495327
0,0,0.29579967
0,0,0.4809213
0,0,0.0754496
0,0,0.1779075
0,0,0.29113588
0,1,0.7371971
0,0,0.4407506
0,1,0.85709167
0,1,0.5096229
0,0,0.32747853
0,1,0.69241464
1,0,0.40462008
0,0,0.21323515
0,1,0.7842692
0,0,0.07451586
0,0,0.29871285
0,0,0.22417997
0,1,0.80419016
0,0,0.21545967
0,0,0.06565324
0,0,0.24072188
0,0,0.2044508
0,0,0.4750751
0,0,0.4754616
0,1,0.7411843
0,0,0.10999882
0,1,0.58338815
0,0,0.10297042
0,0,0.259872
0,0,0.42210308
1,0,0.45286605
0,0,0.27030143
0,0,0.26929367
0,0,0.27569553
0,0,0.2800907
0,0,0.06378598
0,0,0.34922156
0,0,0.47276255
0,0,0.4056117
1,1,0.6473935
1,1,0.5872342
0,0,0.106121354
0,0,0.15347898
0,0,0.2543196
0,0,0.031895474
0,0,0.27933702
0,0,0.23484634
0,1,0.50841993
0,0,0.16334935
0,0,0.32665545
0,0,0.46278155
0,0,0.21759702
0,0,0.3783336
0,1,0.65170515
0,1,0.61659914
0,0,0.3433346
0,0,0.22816667
0,1,0.5952894
0,0,0.1791888
1,1,0.71909004
0,0,0.47967455
0,0,0.17500056
0,0,0.25560138
0,0,0.13462913
0,0,0.24633212
0,1,0.5279074
0,0,0.23938006
0,1,0.50626266
0,1,0.7014592
0,0,0.493426
0,0,0.2614407
0,0,0.3758512
0,0,0.27837765
1,1,0.5582791
0,0,0.42337072
0,0,0.45986208
0,1,0.6913641
0,0,0.4190934
1,1,0.6604004
0,0,0.32803926
0,0,0.08867202
0,0,0.21665254
0,0,0.4158881
0,0,0.47454494
1,1,0.5146858
0,0,0.21900232
0,0,0.16814119
0,0,0.34697855
0,0,0.069970556
0,0,0.3048526
0,1,0.613465
0,0,0.29158354
0,0,0.28689325
0,0,0.4697518
0,0,0.1081606
0,0,0.31190607
0,0,0.29042298
0,0,0.24120647
0,1,0.6154041
0,0,0.30635744
0,0,0.22012404
0,0,0.11128084
1,1,0.5667678
0,1,0.5057407
1,1,0.72989947
0,1,0.7930684
0,1,0.68186027
0,0,0.10482104
0,0,0.09994424
0,0,0.10334799
0,0,0.3867026
0,0,0.46964493
0,1,0.54422224
0,1,0.5932873
0,1,0.83432335
0,0,0.18639378
0,0,0.24995615
0,0,0.20807923
0,0,0.22059545
1,0,0.32369697
0,0,0.25677484
0,0,0.34097427
0,0,0.2705621
0,0,0.225097
0,0,0.099990085
0,0,0.14660321
0,1,0.6126971
0,0,0.14989415
1,0,0.40710312
0,1,0.8097607
0,0,0.108988754
0,0,0.27136
0,0,0.13822453
0,1,0.69464517
0,1,0.7346919
0,0,0.13115297
0,0,0.27168968
0,1,0.5494694
0,0,0.15098982
0,0,0.4468841
1,1,0.63467693
0,0,0.43993545
0,0,0.24133645
0,0,0.20551944
0,0,0.32294655
0,1,0.61399215
0,0,0.4995567
0,1,0.59323233
0,1,0.5249516
0,0,0.20152949
0,0,0.39599472
0,1,0.62767595
0,0,0.4713763
0,0,0.25861898
0,0,0.20041162
0,0,0.44818464
0,0,0.43250075
0,0,0.20808254
0,0,0.32578167
0,0,0.3614643
0,1,0.63980436
0,0,0.3824755
1,1,0.5552453
0,1,0.6151534
0,0,0.46465647
0,1,0.6371067
1,0,0.17213814
0,0,0.36073673
0,1,0.68575567
0,0,0.099893615
0,0,0.3820141
0,0,0.3782458
0,0,0.41126326
0,0,0.12766117
0,0,0.12764464
0,0,0.15169129
0,0,0.20274583
0,0,0.31560963
0,0,0.10085596
0,0,0.43882415
0,0,0.31574267
0,0,0.2939081
0,1,0.72067255
0,0,0.22591093
1,0,0.29843363
1,0,0.44033495
0,0,0.2725999
0,0,0.26341182
0,0,0.14414108
0,0,0.26919746
0,0,0.19089751
0,0,0.35625008
0,0,0.22556303
0,1,0.5209036
0,0,0.22671147
0,0,0.21947591
0,0,0.27752614
0,0,0.36864176
0,0,0.40596604
0,0,0.27974138
0,0,0.2860595
0,0,0.40607435
0,1,0.6525132
0,0,0.47117895
1,0,0.4450006
0,0,0.22799417
0,0,0.25418684
0,0,0.13502635
1,1,0.54610807
0,0,0.14411053
0,1,0.66637963
0,0,0.37343937
0,0,0.46042863
0,0,0.20339884
0,0,0.38089907
0,0,0.40234652
0,1,0.6775768
0,0,0.20395058
0,1,0.705195
0,0,0.176913
0,0,0.09929559
0,0,0.21663482
0,0,0.14650689
0,0,0.41345972
0,0,0.26851854
1,0,0.29466602
0,0,0.18474333
0,0,0.26638103
0,0,0.42528832
0,0,0.35986117
0,0,0.162563
0,1,0.56650025
0,0,0.15641505
1,0,0.43805858
0,0,0.23632912
0,0,0.16598848
0,0,0.28798205
0,0,0.47221115
0,0,0.23532681
1,1,0.6082276
0,1,0.56713444
0,1,0.6468374
0,1,0.7454306
1,0,0.45369047
0,1,0.741848
0,1,0.5069297
0,0,0.16330478
0,0,0.3981231
0,0,0.091960825
0,1,0.66759676
0,0,0.2807919
0,0,0.17870308
0,0,0.3867205
0,0,0.19386807
0,0,0.2037276
1,1,0.84438664
0,0,0.15407203
0,1,0.69422525
0,0,0.07133833
0,0,0.34979767
0,0,0.14386556
0,0,0.090006314
0,0,0.17530434
0,0,0.038030166
0,0,0.29181832
0,0,0.3255916
0,0,0.31369692
0,0,0.32818764
0,0,0.39584535
1,1,0.7948261
0,0,0.45897916
0,0,0.19367342
0,0,0.4985961
0,0,0.36821103
0,0,0.40201724
0,0,0.40273982
0,1,0.61942226
0,1,0.66951984
0,0,0.3377676
1,1,0.7544368
0,0,0.22623101
0,1,0.83941215
0,0,0.29288954
0,1,0.50416267
0,0,0.22261068
0,0,0.37051246
1,0,0.34710857
0,0,0.21626052
0,1,0.52368516
0,0,0.42967328
0,1,0.7338797
0,1,0.6501933
0,0,0.2614761
0,0,0.47093225
0,0,0.08611381
0,1,0.5092043
0,1,0.6072319
0,0,0.49784154
0,0,0.08554898
0,1,0.7034457
0,1,0.75136304
0,0,0.0958967
1,0,0.32678697
0,1,0.73308325
0,0,0.16307198
0,1,0.6820466
0,0,0.20352724
0,1,0.5233423
0,0,0.44313288
0,0,0.14262244
0,0,0.39247438
0,1,0.5026434
0,0,0.34959298
0,1,0.55744886
0,0,0.31513548
1,1,0.80350643
0,0,0.31625897
0,0,0.30934432
1,1,0.90905416
0,1,0.52752805
0,0,0.4380154
0,0,0.47478727
0,0,0.23454371
0,0,0.21040986
1,1,0.76654047
0,0,0.4811829
0,1,0.6835088
0,0,0.40354145
0,0,0.32510203
1,1,0.7368475
1,0,0.45915452
0,0,0.196398
0,1,0.58635277
0,0,0.4589837
0,0,0.32293215
0,1,0.78223276
0,1,0.90434116
0,0,0.44788325
0,0,0.08352188
0,1,0.6873889
0,0,0.15665552
0,1,0.5162039
0,1,0.7664783
0,0,0.2230683
0,0,0.068800196
0,0,0.49365765
0,0,0.37900972
0,1,0.8043167
1,1,0.5036644
0,0,0.43969658
0,0,0.45976433
0,1,0.6203616
0,0,0.42157522
0,0,0.48833773
0,0,0.263937
0,0,0.2440869
0,0,0.39747274
0,0,0.45003024
0,0,0.15635878
0,0,0.26508406
1,1,0.70472986
0,1,0.6966805
0,0,0.25983343
0,1,0.6114667
0,1,0.501078
0,1,0.6845178
0,1,0.7749891
0,0,0.21428216
0,1,0.7388754
0,0,0.32684782
0,0,0.12087245
0,0,0.41384652
0,0,0.1358833
0,0,0.4956402
0,0,0.17562675
0,0,0.27227154
0,0,0.23497841
0,0,0.08828162
0,1,0.55714005
0,0,0.17614222
0,1,0.7652557
0,0,0.38354754
0,1,0.75347865
1,0,0.32581925
0,0,0.30619997
0,0,0.104425095
0,1,0.7241517
0,1,0.7462068
0,1,0.5201392
0,0,0.35828796
0,1,0.63581985
0,0,0.3635459
0,0,0.16955392
0,0,0.1919381
1,0,0.39927605
0,0,0.23410891
0,0,0.26770654
0,1,0.51565737
0,0,0.112068996
0,0,0.11614108
0,0,0.38218573
0,0,0.28545126
0,0,0.10172439
0,1,0.50741976
0,0,0.16077814
0,0,0.10442273
0,0,0.4491077
0,0,0.18977061
0,0,0.19703133
0,0,0.10586571
0,0,0.45685425
0,1,0.6206911
0,0,0.03445876
0,1,0.54878855
1,1,0.5119433
0,0,0.44149277
0,1,0.75995123
0,0,0.47252905
0,0,0.27906516
0,0,0.32193688
0,0,0.2640974
0,0,0.23546647
0,0,0.2013711
0,0,0.42544353
0,1,0.54135805
0,0,0.25018322
0,0,0.4088328
0,0,0.41205615
0,0,0.27116784
0,0,0.3829499
0,0,0.24813
0,0,0.2589001
0,1,0.8610184
0,0,0.3039154
0,1,0.6280316
0,0,0.21219003
0,0,0.1558378
0,0,0.15632914
0,0,0.25986603
0,0,0.41982126
0,0,0.2804665
0,0,0.13030346
0,1,0.55965203
0,1,0.81261903
0,1,0.6552661
1,1,0.5230192
1,0,0.34845042
0,0,0.25248066
0,0,0.19043638
0,0,0.12578292
1,1,0.5313323
0,0,0.29589775
0,0,0.1397156
0,0,0.4616942
0,0,0.103716135
1,1,0.68083733
0,0,0.2546201
0,0,0.31432262
0,0,0.38475665
0,0,0.1720705
0,0,0.16286644
0,1,0.65156543
0,0,0.22741722
0,0,0.24107273
1,0,0.21118256
0,0,0.32282138
0,0,0.36566848
0,0,0.21880475
1,1,0.60736275
0,1,0.53114444
0,0,0.34162542
0,0,0.38670146
1,1,0.79650307
0,1,0.78499967
0,1,0.554001
0,0,0.36809656
0,0,0.21437323
0,0,0.42600408
0,1,0.5513268
0,0,0.46970493
0,0,0.30691874
0,0,0.2370329
0,0,0.13316303
0,0,0.43548453
0,0,0.05224409
0,0,0.3301226
1,1,0.65976435
0,0,0.3784022
0,0,0.49586266
0,0,0.04789968
0,0,0.17617007
0,0,0.072113946
0,0,0.23936069
0,0,0.14929958
0,1,0.65080726
0,0,0.120764896
1,1,0.6545112
0,0,0.28031352
0,0,0.10959479
0,0,0.16106465
0,1,0.7573338
0,1,0.5993633
0,0,0.24581113
1,0,0.47926074
0,0,0.42123717
1,1,0.8261155
0,0,0.22515479
0,1,0.5855171
0,0,0.32370815
1,0,0.41735074
0,1,0.5039427
0,0,0.1588104
1,0,0.48058096
1,1,0.5158204
0,1,0.5382176
0,0,0.18686049
0,0,0.3740872
0,0,0.27346867
0,0,0.18779641
0,1,0.7927602
0,0,0.29471293
0,0,0.18971525
0,1,0.5566662
0,0,0.41165006
0,0,0.29421574
0,1,0.6103871
0,0,0.3832141
0,0,0.18523417
0,0,0.24412388
0,0,0.17294917
0,0,0.39846638
0,0,0.17575538
0,0,0.47450668
0,0,0.16173482
0,0,0.10410812
0,1,0.7581763
0,0,0.1338384
0,0,0.11976452
0,0,0.43201923
0,1,0.6182254
0,1,0.7604746
1,1,0.74822766
0,0,0.23564893
1,1,0.83459014
1,1,0.5650859
0,0,0.14838834
0,0,0.12294115
0,1,0.8362054
0,1,0.7402045
0,0,0.12533846
0,0,0.35872957
0,0,0.27267155
0,0,0.35395545
0,0,0.19869131
0,1,0.5648347
0,0,0.20929891
0,0,0.2898787
0,1,0.54170966
0,0,0.1545338
0,1,0.5662978
0,1,0.5492802
0,0,0.15593469
0,0,0.104081795
0,1,0.5370028
0,0,0.42458427
0,0,0.065003425
1,1,0.8140292
0,0,0.3730715
0,1,0.5942062
0,0,0.10038595
0,1,0.7177481
0,0,0.31605494
0,0,0.13748093
0,0,0.2506338
0,1,0.6142523
0,0,0.4858816
0,0,0.19609466
0,1,0.6386478
0,0,0.22452162
0,0,0.23571768
0,0,0.26925808
0,0,0.12868284
0,0,0.3714358
0,1,0.59545815
0,0,0.35797638
0,1,0.6976931
1,1,0.7941828
0,0,0.20973718
1,1,0.57183623
0,1,0.56101304
0,0,0.48938963
0,0,0.31108567
0,0,0.33740783
1,1,0.77149993
0,0,0.24552365
0,1,0.5384237
0,1,0.8212961
0,1,0.56776494
0,1,0.6932823
0,1,0.54005975
0,0,0.39009655
0,1,0.56840515
0,1,0.53026235
0,1,0.5951835
0,0,0.36769938
0,0,0.33909023
0,0,0.30125377
1,1,0.6966814
0,0,0.20770836
0,0,0.13013351
0,0,0.15023382
0,0,0.16151431
0,0,0.120917544
0,0,0.24423268
0,0,0.38223147
0,0,0.17752954
0,1,0.5698217
0,0,0.31678942
0,1,0.55344665
0,0,0.040822603
0,0,0.39408773
0,0,0.28619146
0,1,0.86500865
0,0,0.4230834
0,0,0.42371115
0,0,0.46733373
0,0,0.15774727
1,1,0.5876033
0,0,0.123992585
0,1,0.5929559
0,0,0.18905102
0,1,0.7347358
0,0,0.48103887
0,1,0.5573087
0,0,0.27609184
0,0,0.09543794
0,0,0.0843745
0,1,0.56607234
0,0,0.41542974
0,0,0.30477837
0,0,0.35588366
0,1,0.72655916
0,0,0.2679023
0,0,0.19819133
0,0,0.34871614
0,1,0.6684392
0,1,0.66984326
1,1,0.80178714
0,0,0.31926882
0,0,0.3560275
0,0,0.20091905
0,0,0.24413075
0,0,0.38314125
0,1,0.8277273
0,0,0.41550058
1,1,0.68702173
0,1,0.84595865
0,1,0.6818746
0,1,0.6981145
0,1,0.6318236
0,1,0.5510759
0,1,0.63787335
0,0,0.4479655
0,0,0.39972946
0,1,0.55868596
1,1,0.5775118
1,0,0.2416777
0,1,0.55774087
0,0,0.13636607
0,0,0.22541504
0,0,0.23027846
1,0,0.35842797
0,1,0.7294126
0,0,0.22263016
0,0,0.39349815
0,0,0.36641037
0,1,0.57481986
0,1,0.5386164
0,0,0.4020369
0,0,0.36926508
0,0,0.23210447
0,1,0.554703
1,0,0.46293202
0,0,0.49745002
0,0,0.34545267
1,1,0.77587384
1,0,0.48196498
0,0,0.30399665
0,1,0.63543206
0,0,0.14302865
0,1,0.6912155
1,0,0.40625352
1,1,0.80305946
0,0,0.43150166
0,0,0.40484598
0,0,0.12406447
0,1,0.57287383
0,0,0.39676714
0,0,0.09587894
0,1,0.5105357
0,0,0.35051858
0,0,0.44978774
0,0,0.36407807
0,1,0.5036678
0,1,0.62944144
0,0,0.30118325
0,0,0.2869664
0,0,0.4217665
0,1,0.5016258
0,0,0.41185078
0,0,0.43254587
0,1,0.5942317
0,0,0.41883758
0,1,0.58654827
0,0,0.22201256
0,0,0.15791349
0,0,0.4015161
0,0,0.054862473
0,0,0.09762216
0,1,0.74950725
0,0,0.2613241
0,1,0.61308765
0,0,0.33937517
0,0,0.38015485
0,0,0.14911254
0,1,0.8238859
0,1,0.5979103
0,0,0.1868601
0,1,0.68710035
0,0,0.45259777
0,0,0.19091618
0,0,0.35468385
0,0,0.36038008
1,1,0.8851217
0,1,0.5669455
0,0,0.25694293
0,0,0.12367052
0,0,0.27097383
0,1,0.7878643
0,1,0.6312901
0,1,0.69990015
0,1,0.5752522
0,0,0.41003665
0,0,0.22776431
0,1,0.6153958
0,0,0.47122923
0,0,0.3302423
0,0,0.3305618
0,1,0.76086766
0,0,0.45511377
0,0,0.3785468
0,0,0.25635183
0,1,0.6274244
0,0,0.29382575
0,0,0.14122227
1,1,0.766758
0,0,0.34131005
0,0,0.36540434
0,0,0.45661405
0,0,0.25823295
0,0,0.3922793
0,0,0.10843543
0,0,0.12320841
0,1,0.8384823
0,0,0.2112747
0,0,0.32502362
0,0,0.34874716
0,1,0.5845873
0,0,0.36094603
0,0,0.32177296
0,0,0.22257543
0,1,0.58255774
0,0,0.34743285
0,0,0.3671115
0,1,0.5469875
0,0,0.1850288
0,1,0.88162833
0,1,0.66020757
0,0,0.4778899
0,0,0.37450975
0,0,0.4860517
0,1,0.586748
0,0,0.11412921
0,1,0.7440551
1,1,0.7395756
0,0,0.3688281
0,1,0.5709861
0,1,0.7789934
0,0,0.34339243
0,0,0.48823297
0,0,0.16679008
0,0,0.1313446
0,0,0.31659698
0,0,0.29392025
0,0,0.25614443
0,0,0.422678
0,1,0.5301291
0,1,0.52453697
0,1,0.5463397
0,0,0.23484024
0,0,0.3760249
0,1,0.5977822
0,0,0.09966462
0,1,0.5113141
0,0,0.05577689
0,0,0.051108733
0,0,0.19539943
0,0,0.11263537
0,0,0.3169309
0,0,0.37818384
0,0,0.48140746
0,0,0.45369685
0,0,0.19893034
0,0,0.46902695
1,1,0.5774076
0,0,0.21115613
0,1,0.5330171
0,0,0.22126675
0,0,0.42700174
0,0,0.32449308
0,1,0.5574515
0,0,0.41782337
0,0,0.47249734
0,0,0.10681486
0,0,0.47384936
0,0,0.14507645
0,0,0.40212217
0,0,0.23121765
0,1,0.6631396
0,0,0.14948
1,1,0.6212024
0,0,0.2717688
0,0,0.41927645
0,1,0.76547
0,1,0.6290948
0,0,0.28942046
0,1,0.7465586
0,0,0.15825628
0,0,0.2374985
0,0,0.4542635
1,0,0.36685708
0,1,0.7578275
0,0,0.22442077
0,0,0.013966771
0,0,0.23229924
0,0,0.28479767
0,0,0.20723955
0,0,0.10826148
0,1,0.7729007
0,0,0.34916762
0,1,0.5338245
0,1,0.7167789
0,0,0.33461446
0,0,0.31138945
0,0,0.42552212
0,0,0.3090229
1,0,0.30594313
0,0,0.26464242
0,1,0.7061451
0,0,0.4818481
0,0,0.3144669
0,1,0.65373427
0,0,0.2819071
0,0,0.3667154
0,0,0.41665184
0,0,0.4385128
0,0,0.12045231
0,1,0.7256682
0,0,0.3798132
0,1,0.53819084
0,0,0.33176747
0,0,0.38067302
0,1,0.51538366
0,0,0.0678978
0,0,0.44709694
0,0,0.3721841
0,0,0.18399954
1,1,0.67873865
0,1,0.621915
0,0,0.3458621
0,0,0.18714654
0,0,0.27934566
0,0,0.10855518
0,0,0.1984315
0,1,0.67945933
0,0,0.42214733
0,0,0.30896613
0,1,0.70586395
0,0,0.39809608
0,0,0.296912
0,1,0.5145998
0,0,0.15058956
0,0,0.14242764
0,0,0.45449904
0,0,0.33584657
1,1,0.6261524
0,1,0.76823294
0,0,0.22989018
0,1,0.51794785
0,0,0.42273355
0,1,0.519493
0,0,0.09863659
0,0,0.35317373
1,1,0.5855946
0,1,0.52691215
0,1,0.67782944
0,1,0.6024746
0,1,0.6099644
0,0,0.24952704
0,0,0.49788657
0,0,0.29698154
0,0,0.25511402
0,0,0.2604261
0,1,0.60049474
0,0,0.40009105
0,0,0.27497607
0,1,0.57957
0,0,0.3214334
0,1,0.51901424
0,0,0.34294957
1,0,0.4493606
0,0,0.47381312
0,0,0.2403832
0,0,0.45360324
0,0,0.40819678
0,1,0.64713144
0,0,0.29898834
0,0,0.47409683
0,0,0.39623365
0,0,0.34720615
0,0,0.14351398
0,0,0.3552069
0,1,0.8125736
0,1,0.60272354
0,0,0.49297774
0,0,0.4527147
1,1,0.8770832
1,1,0.6673811
0,0,0.39424777
0,0,0.2967358
0,0,0.25739577
0,0,0.25582626
0,0,0.31560758
0,0,0.077525705
0,0,0.4425877
1,1,0.6269275
0,0,0.42143258
0,0,0.48514056
0,0,0.23393627
0,0,0.27012146
0,0,0.46755016
1,1,0.59755826
0,0,0.23669489
0,0,0.19046687
0,1,0.5281902
0,0,0.19460607
0,0,0.4652669
0,0,0.39613026
0,1,0.739816
0,1,0.5206032
0,0,0.43735924
0,0,0.41060397
0,1,0.6320077
0,0,0.41490018
0,1,0.6531133
0,0,0.21440071
0,0,0.49344137
0,1,0.6757802
0,0,0.05189625
0,1,0.69674414
0,0,0.18263432
0,1,0.52800757
0,0,0.15920492
0,0,0.26104313
0,1,0.537559
0,0,0.4072607
0,0,0.24086699
0,0,0.38215235
0,0,0.22051014
0,0,0.164028
0,0,0.43470165
0,0,0.33728564
0,0,0.35462585
0,1,0.61720395
0,0,0.48482305
0,0,0.32562324
0,1,0.5755363
0,0,0.305588
0,0,0.4140361
0,0,0.34298965
0,0,0.18198377
0,0,0.48633707
0,0,0.21495627
0,1,0.7735834
0,0,0.46104482
0,0,0.26018462
0,0,0.2685272
1,1,0.6372141
0,0,0.28229287
0,0,0.04705081
0,1,0.60244894
0,0,0.24508315
0,1,0.77192104
0,1,0.63970405
0,0,0.30925488
0,0,0.40577793
0,1,0.5674
0,0,0.32193366
0,0,0.07240688
0,0,0.21107337
0,0,0.31327778
0,0,0.17549168
0,0,0.18227097
0,1,0.5450911
1,1,0.65801716
0,1,0.5018109
0,1,0.62913936
0,0,0.24489966
0,1,0.8817645
0,0,0.31117392
0,0,0.19298603
0,0,0.4244587
0,0,0.2862589
0,0,0.11913492
0,0,0.42947373
0,0,0.32910392
0,1,0.6547245
0,0,0.37016892
0,0,0.46071395
0,0,0.21036144
0,1,0.67458767
0,1,0.5060829
0,1,0.7604056
1,1,0.7332296
0,0,0.20529951
0,0,0.10199569
0,1,0.82000285
0,0,0.10888123
1,1,0.8328707
0,0,0.4169292
0,0,0.25087863
0,0,0.21397637
0,0,0.26300558
0,0,0.33029076
0,1,0.6287873
1,1,0.8860873
0,1,0.6642883
0,0,0.30600414
0,1,0.73249364
0,0,0.26658925
0,1,0.6329268
0,1,0.6594343
0,0,0.050794836
0,1,0.716816
0,1,0.7109337
0,1,0.7056268
0,0,0.3487742
1,1,0.56776834
1,0,0.34652507
0,1,0.6396423
0,0,0.42023927
0,1,0.5092103
0,0,0.12605868
0,0,0.47440663
0,0,0.25797436
0,0,0.45102662
0,0,0.3036335
0,1,0.8011559
0,0,0.3494972
0,0,0.42887548
0,0,0.2203977
1,0,0.13988213
1,1,0.7598757
0,1,0.5032871
0,0,0.35632855
0,0,0.1847198
0,1,0.5823214
0,0,0.4975841
0,1,0.5129055
0,0,0.38056558
1,0,0.28768712
1,0,0.3634945
0,0,0.4405971
0,1,0.7228789
0,1,0.5400937
0,0,0.38833994
0,0,0.22457905
0,1,0.56360537
0,0,0.20339617
0,0,0.25509623
0,0,0.23275065
0,0,0.07054423
0,0,0.3521266
0,0,0.28859502
0,0,0.20979111
0,0,0.2669122
1,1,0.56981117
0,0,0.36106864
0,0,0.11672423
0,0,0.16829027
0,0,0.13961878
0,1,0.7191271
0,0,0.12399589
0,0,0.168991
0,1,0.7019442
1,0,0.27890578
0,0,0.18880619
0,1,0.5591447
0,0,0.19007358
0,0,0.1847835
0,0,0.3537563
0,0,0.18678503
0,1,0.6104714
0,0,0.3049403
0,0,0.17393559
1,0,0.36473584
0,0,0.3939587
0,1,0.52174973
1,1,0.50153327
0,0,0.09467525
0,0,0.4796508
0,0,0.07305923
0,0,0.34036455
0,1,0.7016231
0,0,0.36735058
1,0,0.28407222
0,0,0.43764958
0,0,0.18530506
0,1,0.6517316
0,1,0.69893193
0,0,0.26169768
0,0,0.42033
1,1,0.81007963
0,1,0.80071795
0,0,0.25517508
0,0,0.16518131
0,0,0.08201951
0,1,0.81525356
0,0,0.1811439
0,0,0.097232655
0,1,0.71152294
0,0,0.4966618
0,0,0.4553302
1,1,0.78551996
0,1,0.6510935
0,0,0.4697384
0,0,0.49663687
0,0,0.30781603
0,0,0.24641004
0,0,0.26903704
0,0,0.41302037
0,0,0.17949079
0,0,0.31267828
0,0,0.20532976
0,0,0.21888386
0,1,0.87560076
0,1,0.67314446
0,0,0.21292152
0,0,0.42180458
0,0,0.29100943
0,0,0.06401543
0,0,0.08211342
0,1,0.66428447
0,1,0.6239076
1,0,0.41516697
0,0,0.37372005
0,0,0.40397093
0,0,0.41830763
0,0,0.31999713
0,0,0.27852365
0,0,0.4228132
0,1,0.52971876
0,0,0.45068353
0,0,0.21872464
0,0,0.13658768
1,0,0.18249168
0,0,0.08336759
0,0,0.23755395
0,0,0.22482349
0,1,0.595051
0,1,0.84534246
0,0,0.27404237
0,0,0.1354828
0,0,0.4090507
0,0,0.4987926
0,0,0.30466527
0,0,0.37208122
0,0,0.37128815
0,0,0.33522326
0,1,0.5271526
0,0,0.43075854
0,1,0.54903275
0,0,0.27003807
0,1,0.62787986
0,0,0.48889494
0,1,0.5836257
0,1,0.74455094
0,0,0.49247313
0,0,0.108301245
0,0,0.2052815
0,0,0.27219513
0,0,0.15796955
0,1,0.6908142
0,0,0.3712392
0,1,0.70785147
0,0,0.1306373
0,0,0.3127375
1,0,0.37200928
0,0,0.19417413
0,1,0.5082194
0,0,0.30589724
1,1,0.60948056
1,1,0.7406274
0,1,0.52446
0,0,0.2681416
0,0,0.22168183
0,0,0.1542809
0,0,0.38676885
0,0,0.18662517
0,0,0.1872427
0,0,0.2147742
0,0,0.42616683
0,0,0.14394413
0,1,0.71108824
0,0,0.47116974
0,1,0.8384798
0,1,0.5052303
0,0,0.43249068
0,0,0.018717978
1,1,0.9157645
0,0,0.19244361
0,0,0.17030548
0,0,0.4038158
0,0,0.11537333
0,1,0.61441326
0,0,0.140083
1,1,0.87912065
0,0,0.18100971
0,1,0.73536974
0,1,0.5533173
0,0,0.12418205
0,0,0.35948297
0,1,0.5118318
1,0,0.31119162
0,1,0.70174044
0,0,0.1815149
0,0,0.21657553
0,1,0.60247487
0,0,0.12719734
0,0,0.33080563
0,1,0.54592764
1,1,0.6936194
0,1,0.51556635
0,0,0.46554497
0,1,0.5642575
0,0,0.24265008
0,1,0.7449851
0,1,0.5610469
0,0,0.16176921
0,0,0.263594
0,0,0.32155058
0,1,0.75479835
0,0,0.40165177
0,0,0.4525289
0,0,0.2597263
0,0,0.24646987
0,0,0.48077315
0,0,0.14791535
1,1,0.6636638
0,0,0.28357172
0,1,0.5361024
0,0,0.23366107
0,0,0.07253258
0,1,0.5506094
0,0,0.4448196
0,0,0.06600369
0,0,0.16204141
0,0,0.38849425
0,0,0.32190108
0,1,0.6528884
0,1,0.61650246
0,0,0.13465257
0,1,0.9329551
0,1,0.8081918
0,0,0.4020821
0,1,0.5927345
0,0,0.22592306
0,1,0.5533479
0,1,0.78979427
0,0,0.4571576
0,1,0.6615774
0,0,0.17806889
0,0,0.3065016
0,0,0.35452265
1,1,0.5857181
0,0,0.4543384
0,0,0.25380164
0,0,0.20132703
0,0,0.12760353
0,0,0.33037803
0,0,0.08803363
0,1,0.72703534
0,0,0.05267841
0,0,0.36223835
1,0,0.22095303
0,0,0.13475543
0,0,0.16450703
0,0,0.15377584
0,0,0.39306745
0,0,0.46184343
0,1,0.6485015
1,1,0.79199654
0,0,0.11647892
0,1,0.55538094
0,0,0.16235474
0,1,0.54198265
1,1,0.6441928
0,1,0.5777718
0,0,0.38857052
0,1,0.7197426
0,0,0.08148949
0,0,0.34893164
0,0,0.43272656
0,0,0.48972744
0,0,0.46192917
0,0,0.47081
0,0,0.25089532
0,0,0.2895191
0,0,0.16341576
0,0,0.33011994
0,0,0.3868186
0,0,0.11052296
0,1,0.5570063
1,1,0.8103997
0,0,0.28635797
0,0,0.38002715
0,1,0.6805298
0,0,0.381025
0,0,0.49734768
0,0,0.21179956
0,0,0.1460033
0,0,0.07161356
0,1,0.8042119
0,0,0.39239582
0,0,0.09208631
0,0,0.36844623
0,0,0.08534882
0,0,0.01998957
0,1,0.7021804
0,0,0.3466677
1,1,0.55998915
0,0,0.2537807
0,1,0.75136805
0,0,0.35653323
0,1,0.62886864
0,0,0.3263521
0,0,0.2630302
0,0,0.35509637
0,1,0.50004804
0,0,0.3899449
0,0,0.16353025
0,0,0.041560292
0,0,0.39320865
0,1,0.7879859
0,0,0.35060373
0,0,0.4182349
0,0,0.22210671
0,0,0.29919973
0,1,0.67911845
0,1,0.7332413
0,0,0.37177736
0,0,0.48068374
0,0,0.30900776
0,0,0.21740653
0,0,0.32380795
0,1,0.76256233
0,1,0.5959617
0,0,0.25213715
1,1,0.8642741
1,1,0.73723876
0,0,0.27476275
0,0,0.37398255
0,0,0.33253363
0,0,0.054443005
0,0,0.06345015
0,0,0.24137998
0,0,0.33686066
0,1,0.5509591
0,1,0.53795725
0,0,0.4580943
0,0,0.28181773
0,1,0.60586953
0,0,0.22494188
0,0,0.47648025
0,0,0.21840821
0,0,0.07921629
0,0,0.24303506
0,0,0.4644546
0,0,0.3645635
0,0,0.24108416
0,0,0.15141223
0,0,0.48055497
0,0,0.11157331
1,1,0.7728131
0,0,0.33691067
0,1,0.56354433
0,0,0.2236955
0,0,0.31997493
0,0,0.46977174
0,1,0.5872937
0,1,0.547045
0,0,0.34449422
0,0,0.22565876
0,0,0.3246733
0,0,0.3054046
0,1,0.58558685
0,1,0.5222782
0,0,0.31882834
0,0,0.41001105
0,0,0.30132705
0,0,0.18566243
0,0,0.21495385
0,0,0.36463478
0,1,0.691331
0,0,0.30673614
0,1,0.6085933
0,0,0.429126
0,1,0.689337
0,0,0.33826086
0,0,0.30325192
0,1,0.6745654
0,0,0.27959532
0,0,0.31584007
0,0,0.3993938
0,1,0.7219221
0,0,0.37664327
0,0,0.36632103
0,0,0.34047404
0,0,0.15744717
0,1,0.5974098
0,0,0.39261115
0,0,0.4639586
0,0,0.24124634
0,0,0.36747044
0,1,0.6270661
1,1,0.8063037
0,0,0.2618465
0,0,0.33874106
0,0,0.2649079
0,0,0.42212823
0,0,0.09509406
0,1,0.66016215
0,0,0.4044745
0,0,0.072409384
1,1,0.75133115
0,0,0.13539787
0,0,0.19275104
0,1,0.52509224
0,0,0.39288846
0,0,0.21024275
0,0,0.35393864
0,1,0.6280331
0,1,0.6020737
0,0,0.14454119
0,0,0.34315374
0,1,0.55667514
0,1,0.78795254
0,1,0.5327644
0,0,0.29862908
0,0,0.24080363
0,0,0.1536165
0,0,0.42158687
0,1,0.56894827
0,0,0.17031331
0,0,0.16286017
0,0,0.45578074
0,1,0.6976905
0,1,0.719851
0,1,0.51627797
0,0,0.20644307
0,0,0.25734395
0,1,0.5482554
0,0,0.19625002
0,0,0.1954147
0,0,0.2984205
0,1,0.5796995
0,0,0.10453843
0,0,0.4470606
0,0,0.40976015
1,1,0.6510904
0,0,0.18238017
0,0,0.10771666
0,0,0.21762103
0,1,0.6462897
0,1,0.50169367
0,0,0.48724225
0,0,0.3221271
0,0,0.32535645
0,0,0.33953276
0,0,0.46721488
0,0,0.2404199
0,0,0.37857682
0,0,0.31425261
0,0,0.42682752
1,0,0.49009332
0,0,0.2377014
1,1,0.61759514
0,1,0.7471837
1,1,0.87091655
0,1,0.5102014
0,0,0.3134126
0,0,0.41294697
0,1,0.77737194
0,1,0.54379606
0,0,0.43034905
0,0,0.14902799
1,0,0.42122838
1,1,0.6044003
0,0,0.32183948
0,0,0.32642487
0,0,0.31726205
0,1,0.83898634
0,0,0.058674894
1,0,0.4301395
0,0,0.09460808
0,0,0.15956827
0,0,0.119179875
1,1,0.92856914
0,1,0.6429995
0,0,0.4216302
0,0,0.2688595
0,0,0.21888494
0,0,0.41454992
0,0,0.3789844
0,1,0.501443
0,0,0.36408484
0,0,0.21809277
0,1,0.7743707
0,0,0.43799952
0,0,0.35712573
1,0,0.2288337
1,0,0.2362104
0,0,0.33895668
0,0,0.32446498
0,1,0.85089
0,0,0.26580977
0,0,0.30659974
0,0,0.26381993
0,0,0.30153397
0,0,0.14551847
0,0,0.17727828
0,0,0.42683575
0,0,0.1316387
0,0,0.37698355
1,1,0.58386874
0,1,0.7276364
0,0,0.39539826
0,0,0.26866555
0,0,0.40973854
0,0,0.2575662
0,1,0.507086
0,0,0.22225104
0,1,0.64614487
0,0,0.35299426
0,0,0.47600514
0,0,0.15250315
0,0,0.22855678
0,0,0.17532219
0,1,0.5344551
0,0,0.43588936
0,1,0.52250916
0,0,0.35995916
0,0,0.49441874
0,0,0.16072717
0,1,0.6262285
0,1,0.7235486
0,0,0.39011797
1,1,0.5958177
0,0,0.4939467
0,0,0.22446156
0,0,0.23790386
0,1,0.7441044
0,0,0.20720571
0,0,0.49798352
0,0,0.44481063
1,0,0.4242983
0,0,0.18298729
0,0,0.049708355
1,0,0.14639884
1,0,0.47082216
0,1,0.5478222
0,1,0.54115427
0,0,0.3601852
0,1,0.71090865
0,0,0.20508412
0,0,0.2670094
0,0,0.122851774
1,1,0.7013497
0,1,0.91241115
0,0,0.38622156
0,0,0.3382668
0,1,0.8624234
0,0,0.11921096
0,0,0.2797058
0,0,0.31295624
0,0,0.045069914
0,1,0.80052656
0,0,0.23046777
0,0,0.26373032
0,1,0.6967888
0,1,0.5951026
0,0,0.25370464
0,0,0.30261868
1,1,0.55246323
0,0,0.19655046
0,1,0.56052816
0,0,0.3510874
0,0,0.4562853
0,0,0.09568647
0,0,0.09776599
0,0,0.46459407
0,1,0.55583704
0,0,0.051715728
0,0,0.49506786
0,0,0.4207736
1,1,0.68751854
0,0,0.43272823
0,0,0.3766187
0,0,0.45083058
0,0,0.45271668
0,0,0.18160035
0,0,0.12681147
0,0,0.2635986
0,1,0.6083269
0,0,0.39472267
0,1,0.5030969
0,0,0.4135286
0,0,0.07486604
0,0,0.08263889
0,1,0.70196986
0,0,0.4924112
0,0,0.40581232
0,1,0.5611459
0,1,0.6541503
0,1,0.6288408
1,0,0.47756392
0,1,0.5278798
0,0,0.41425142
0,0,0.14124362
0,0,0.07679791
0,1,0.7622354
0,0,0.13057819
0,0,0.31324652
0,0,0.28296056
0,1,0.55848837
0,0,0.21709289
0,0,0.39094833
0,0,0.48846257
0,1,0.57273936
0,0,0.26958385
0,0,0.2939291
1,0,0.21508563
1,1,0.7446188
0,0,0.35269204
0,1,0.6858868
0,0,0.34091744
0,0,0.40085497
0,0,0.32809052
0,0,0.39447743
0,0,0.13039728
0,0,0.47252673
0,0,0.08481458
1,1,0.657999
0,0,0.26036528
0,1,0.55185217
0,0,0.3198695
0,0,0.45481816
1,1,0.59370065
0,0,0.13327754
0,0,0.37179446
0,0,0.4322001
0,0,0.18395245
0,0,0.16075994
0,1,0.8159396
0,1,0.863634
0,0,0.2527615
0,1,0.50440645
0,0,0.26610428
0,0,0.17558181
0,0,0.21684821
0,1,0.7478978
0,0,0.20969836
0,0,0.34051198
0,0,0.28923088
1,1,0.5042997
0,1,0.57125044
0,0,0.30075058
0,0,0.28721187
0,0,0.43540993
0,0,0.2967343
0,0,0.34047124
0,0,0.10374095
0,0,0.17733674
0,0,0.45951706
0,1,0.73323494
0,0,0.27050468
0,1,0.58664066
1,0,0.1904982
0,1,0.72033966
0,0,0.114957765
0,1,0.53541917
0,0,0.3027941
0,0,0.23091246
0,0,0.20873895
0,0,0.34905213
0,0,0.42009175
0,1,0.7454272
0,0,0.37680304
0,1,0.8926162
0,0,0.11341229
0,0,0.09758962
0,0,0.13503158
0,0,0.17269056
0,1,0.8274688
1,1,0.7186301
0,0,0.2703629
0,0,0.25245646
1,0,0.45868894
0,0,0.21428992
0,0,0.2762661
0,1,0.6236791
0,0,0.17659353
0,0,0.08321995
0,0,0.40084675
0,0,0.36304012
0,1,0.764483
0,0,0.22496398
0,0,0.14752851
1,0,0.20812252
0,0,0.14860028
0,1,0.62838125
0,0,0.48356462
0,1,0.57094276
0,0,0.22255577
0,0,0.21730705
0,0,0.25018585
0,0,0.31170833
0,0,0.08310579
0,0,0.25319964
0,0,0.079999104
0,1,0.7195657
0,1,0.58043975
0,0,0.4155678
0,0,0.10658755
0,0,0.3534994
1,1,0.51961344
0,0,0.44137272
0,0,0.45322257
0,0,0.48550075
0,1,0.644172
0,0,0.28454453
0,0,0.41409695
0,0,0.4836403
0,1,0.7423287
0,0,0.4839162
0,0,0.14340459
1,0,0.37997425
0,0,0.24320576
0,0,0.42996228
0,0,0.13253298
0,1,0.6615393
0,0,0.26340544
0,0,0.27631605
0,1,0.64500695
0,0,0.29237676
1,0,0.34521964
0,0,0.18188365
0,1,0.8221933
0,0,0.36213276
0,0,0.22664115
0,0,0.40183827
0,0,0.057343237
0,0,0.24837361
0,0,0.3155115
0,1,0.7012182
0,0,0.1016692
0,0,0.17551823
0,0,0.226953
0,0,0.27764416
0,0,0.31860286
0,0,0.34684137
0,1,0.7507588
0,0,0.13610531
0,0,0.1737221
0,0,0.36638454
0,1,0.7062483
0,0,0.28641847
0,1,0.68218297
0,1,0.76600313
0,0,0.070355244
0,0,0.1778791
0,0,0.14141093
0,1,0.54103374
1,1,0.5104618
0,1,0.72062534
0,0,0.2190729
0,1,0.5100539
0,0,0.2273511
0,0,0.3358142
0,1,0.5223734
0,0,0.47127905
0,1,0.58513796
1,1,0.6300202
0,0,0.3833428
0,0,0.1394894
0,0,0.19752392
0,1,0.6217199
0,0,0.30053794
0,1,0.7044056
1,1,0.8019081
0,1,0.68007094
0,1,0.5182329
0,1,0.66012704
0,0,0.32964084
0,0,0.037717793
0,0,0.17214845
0,0,0.11645586
0,0,0.24661735
0,1,0.51565725
1,0,0.29905486
0,1,0.7517315
1,1,0.5161712
0,0,0.4061404
0,0,0.101136185
0,0,0.14849856
0,1,0.62320256
0,0,0.48477072
0,0,0.207785
0,1,0.8620714
0,1,0.60717386
0,0,0.09631093
0,0,0.34786054
0,0,0.3309793
0,0,0.105088964
0,0,0.37575752
1,1,0.5815351
1,1,0.65899545
0,0,0.22055124
0,1,0.78618854
0,0,0.24460223
0,1,0.6132618
0,0,0.20902354
0,0,0.34956396
0,0,0.26758486
0,0,0.0658032
0,0,0.09735926
0,0,0.23170021
0,0,0.07583549
0,0,0.11196082
0,1,0.50881386
1,0,0.21273407
0,0,0.435906
0,0,0.4237763
1,1,0.7156475
1,1,0.7866319
0,0,0.16059503
0,0,0.18508096
0,1,0.553776
0,0,0.40536198
0,0,0.395397
0,0,0.17982996
0,0,0.33468086
0,0,0.24628603
0,1,0.7645339
0,1,0.5124923
0,0,0.4380179
1,0,0.3348973
0,0,0.28567454
0,0,0.18830964
0,0,0.23257618
0,1,0.5215934
1,1,0.7622572
0,0,0.30500272
0,0,0.44173744
0,1,0.6090529
0,0,0.40115425
0,0,0.4799239
0,0,0.30108422
0,0,0.2568904
0,1,0.5959599
1,0,0.31092063
0,0,0.33060473
0,1,0.7668296
0,1,0.51664346
0,0,0.2813545
0,1,0.8067666
0,1,0.5173979
0,1,0.6049632
0,1,0.53082734
0,1,0.5730332
0,1,0.7652039
0,0,0.07623381
0,0,0.16859959
0,0,0.25602233
1,0,0.17192096
1,1,0.5522968
0,1,0.5465924
0,0,0.24565502
0,1,0.69604087
0,0,0.14501655
0,0,0.1739588
0,0,0.23987661
0,0,0.38379273
0,0,0.23076127
0,0,0.4986697
0,1,0.53797346
0,0,0.0753666
0,1,0.65673184
0,1,0.68925697
0,0,0.3133481
1,1,0.72339344
0,0,0.40318844
0,1,0.5046345
0,1,0.7378215
0,1,0.6818703
0,0,0.20091327
0,0,0.08963897
0,0,0.22828382
0,0,0.37935776
0,1,0.52860475
0,1,0.7664953
0,1,0.5685619
0,1,0.67759264
0,0,0.43260723
0,0,0.26019633
0,0,0.3530092
0,0,0.24140954
0,0,0.11424841
0,1,0.5352306
1,0,0.34288862
0,1,0.73825926
1,0,0.3798523
0,1,0.5122167
0,0,0.41941303
1,0,0.46192235
0,0,0.30595788
0,1,0.57886666
0,0,0.20332092
0,0,0.24735047
0,1,0.6177598
0,0,0.28437155
1,0,0.45976943
0,1,0.66119796
0,0,0.397961
0,1,0.608352
0,1,0.6939511
0,1,0.8024468
0,0,0.28699982
0,1,0.54279107
0,0,0.401668
0,1,0.86591727
0,1,0.56547576
0,0,0.3915982
0,1,0.77614087
0,0,0.2309835
0,0,0.4291379
1,0,0.37088937
0,0,0.1406161
0,0,0.35916847
1,0,0.18413514
0,1,0.5922989
1,0,0.35269815
0,1,0.55931294
0,0,0.20804846
0,1,0.8094403
0,1,0.53443116
0,0,0.34430516
0,0,0.3064005
1,1,0.55443317
0,0,0.33372757
0,1,0.5020774
0,0,0.31000492
0,0,0.4683106
0,0,0.16503926
0,0,0.12171402
0,0,0.39289895
0,0,0.36764237
0,1,0.72815096
0,0,0.18597917
0,0,0.464201
0,1,0.6836441
0,1,0.556814
0,0,0.48595276
0,0,0.24798909
0,0,0.48765308
0,0,0.21981357
0,0,0.47808546
1,1,0.8142589
0,0,0.31526315
0,0,0.34408364
0,0,0.32739708
1,0,0.44118878
0,0,0.39670396
0,0,0.2972594
0,1,0.7512454
0,0,0.26388997
0,0,0.19931561
0,0,0.21015213
0,0,0.34269634
0,0,0.16198134
0,0,0.15591477
1,0,0.46375987
0,0,0.15966542
0,0,0.388173
0,0,0.28065753
1,1,0.5445372
0,0,0.19756246
0,0,0.28569493
0,0,0.22038712
0,0,0.36838913
1,1,0.8732459
0,0,0.3227684
0,1,0.5068935
0,1,0.632723
0,1,0.66621536
0,0,0.35555404
1,1,0.56793445
1,1,0.65979713
0,0,0.16750512
0,0,0.12646851
1,1,0.50141406
0,0,0.46452948
0,0,0.37384188
0,0,0.2717305
0,0,0.43189034
0,0,0.21447358
0,0,0.31402504
0,1,0.7531072
0,0,0.3754033
1,1,0.90871024
0,1,0.5104768
0,0,0.34326008
0,1,0.5299602
0,0,0.10498952
0,0,0.12912413
0,1,0.6704264
0,0,0.25346684
0,0,0.42492563
0,1,0.6468993
0,0,0.23667039
0,0,0.44825953
0,1,0.5583625
0,0,0.2432281
1,0,0.25396073
0,1,0.7332375
1,1,0.7678791
0,1,0.6130447
1,1,0.7715169
1,0,0.41812384
0,0,0.19057544
1,0,0.25087637
0,0,0.17331217
0,0,0.18551914
0,1,0.67319953
0,0,0.24737313
0,0,0.23425676
0,0,0.088326894
0,0,0.29770094
0,0,0.09182832
0,1,0.5403414
0,0,0.39212847
0,0,0.058183324
0,1,0.689663
0,0,0.25524876
0,1,0.6744169
0,1,0.6142112
0,1,0.78953475
0,1,0.82993853
0,0,0.07273593
0,0,0.3228936
1,1,0.88246006
0,0,0.18602334
0,1,0.61102515
0,0,0.20466536
0,0,0.22186023
0,0,0.20811497
0,1,0.57141334
0,0,0.47462267
0,1,0.51743925
1,1,0.65188104
0,0,0.11791576
0,0,0.045033637
0,0,0.3066126
0,0,0.3814958
0,0,0.305482
1,0,0.3947737
0,0,0.2949347
0,0,0.45089877
0,0,0.11403012
0,0,0.12936215
1,1,0.7349024
0,0,0.49257722
0,0,0.4099669
1,1,0.78840774
0,0,0.37650394
0,0,0.42144042
0,0,0.28678578
0,1,0.60691476
0,0,0.4869205
0,0,0.08479749
0,1,0.720978
0,0,0.19511561
0,0,0.14824843
1,1,0.6115352
0,0,0.16160038
0,0,0.39477906
0,0,0.41346207
0,1,0.6226231
0,0,0.2617815
0,0,0.32674417
0,0,0.14386976
1,1,0.638356
0,1,0.51983607
1,1,0.6410249
0,0,0.26500115
0,0,0.25139433
0,0,0.4435594
0,0,0.22523008
0,0,0.14264812
1,0,0.3386186
0,0,0.21306016
0,0,0.0788888
1,1,0.8853225
1,1,0.72647357
0,0,0.2479596
0,0,0.4274317
0,0,0.08884079
0,0,0.07771957
0,0,0.18132876
1,1,0.76743186
0,1,0.53940445
0,1,0.6350074
0,1,0.89656574
0,0,0.16042943
0,1,0.5686809
0,0,0.43928775
0,0,0.18351452
0,0,0.41730282
0,1,0.76035994
0,0,0.19246937
0,1,0.79978704
0,0,0.19215314
0,0,0.25425822
0,0,0.19814853
0,1,0.6802624
1,1,0.59773576
0,1,0.52794594
0,0,0.3124925
0,0,0.14221337
0,0,0.38392845
0,0,0.26031238
1,1,0.6336725
0,0,0.13070504
0,0,0.12208983
0,0,0.12931032
0,0,0.27563703
0,0,0.3476658
0,1,0.69225866
0,0,0.20965575
0,0,0.3954485
0,1,0.79262394
0,0,0.1464007
0,0,0.48508495
0,1,0.783956
0,0,0.090142615
0,1,0.7502069
1,0,0.49346372
0,0,0.2597464
0,0,0.4187137
0,0,0.4692708
0,0,0.29116014
0,0,0.11827241
0,0,0.17772114
0,0,0.263718
0,0,0.30877745
1,0,0.2524362
0,1,0.67374307
1,1,0.78479356
0,0,0.32668784
0,0,0.16566762
0,1,0.7447521
0,0,0.38082966
0,0,0.17431907
0,0,0.2164833
0,0,0.18219212
0,0,0.46607748
0,0,0.110369205
0,0,0.41714105
0,0,0.26295447
0,0,0.081356265
0,0,0.33253458
0,1,0.7096984
0,0,0.37635344
1,0,0.22399142
0,0,0.32353118
0,0,0.12704556
0,0,0.1532273
0,0,0.38006854
0,0,0.21445544
0,1,0.51293224
0,0,0.30642265
0,0,0.255861
0,0,0.24200931
0,0,0.457137
0,0,0.3228386
0,0,0.21024871
0,1,0.6700822
0,0,0.3073046
0,0,0.3817573
0,0,0.27965367
0,0,0.15296149
1,1,0.7015064
0,0,0.3449834
0,0,0.13849206
1,0,0.46612212
0,0,0.47394624
0,0,0.2299661
0,1,0.5147803
0,0,0.216442
0,0,0.2234646
0,0,0.19755663
0,0,0.37998712
0,0,0.2107501
0,0,0.06429746
0,1,0.6779855
0,0,0.12937786
0,0,0.09922776
0,0,0.2441319
0,0,0.3614308
0,0,0.274225
0,0,0.48810872
1,1,0.7179952
0,0,0.21851124
0,1,0.8194616
0,0,0.22369872
0,0,0.33984527
0,0,0.36314338
0,0,0.08734854
1,0,0.42284846
0,0,0.4185059
0,0,0.49473128
0,0,0.27229387
0,0,0.17235497
1,0,0.45197728
0,0,0.20298088
0,0,0.13625127
1,1,0.84687746
0,0,0.24631196
0,1,0.6262249
0,0,0.23573004
1,0,0.1917734
0,0,0.11353349
0,1,0.5036115
0,0,0.37399173
0,0,0.2149115
0,1,0.7359092
0,0,0.48063406
0,0,0.29428315
0,0,0.20630722
0,0,0.2337547
0,0,0.22389847
1,0,0.23467673
0,0,0.33425522
0,1,0.5995401
0,0,0.13293377
0,0,0.32062128
0,1,0.6831205
0,1,0.7383221
0,0,0.48673415
0,0,0.27087414
0,1,0.6515725
0,1,0.82389605
0,0,0.35876203
0,0,0.1408371
1,0,0.28954655
0,0,0.34904724
0,0,0.41419834
0,0,0.3454521
0,0,0.32686967
0,0,0.2509224
0,0,0.34764805
0,0,0.22769415
0,1,0.5357703
0,0,0.11237986
0,0,0.19719398
0,0,0.26609963
0,1,0.7233067
0,0,0.11781189
0,1,0.71015847
0,0,0.39101708
0,1,0.5158125
0,1,0.58142024
0,0,0.15197013
0,0,0.41935325
0,0,0.48835713
0,0,0.1228882
0,0,0.49890545
0,0,0.48163098
0,0,0.2329528
0,0,0.19143903
0,0,0.4817742
0,0,0.28239924
0,1,0.63278395
0,0,0.46683654
1,1,0.5241554
1,1,0.76599044
0,0,0.37083697
0,1,0.68995774
0,1,0.5243145
0,0,0.088305354
0,0,0.2274693
0,0,0.44709033
0,0,0.211176
0,0,0.421893
0,1,0.6886095
0,0,0.38760144
0,0,0.36286095
0,0,0.21440707
0,0,0.12448064
1,1,0.6968662
1,0,0.26080212
0,0,0.12657289
0,0,0.36185506
0,0,0.09346527
0,0,0.18077296
0,0,0.24130319
0,1,0.8016624
0,0,0.20105492
0,1,0.5545614
0,0,0.30752084
0,0,0.28229758
0,0,0.3360632
0,0,0.20620641
1,0,0.43665522
0,0,0.2484891
0,0,0.22042693
0,0,0.42138052
0,1,0.5630614
0,1,0.5967193
0,0,0.39148238
0,0,0.43582302
0,1,0.632535
0,0,0.26693
0,0,0.26295975
0,0,0.30712166
0,1,0.5912386
0,0,0.31518066
0,0,0.23281516
0,0,0.3713982
0,0,0.3076489
0,0,0.14611602
0,0,0.39951974
0,1,0.537243
0,0,0.47657388
0,0,0.45470807
0,0,0.49373314
0,0,0.07329736
0,0,0.29893142
0,0,0.2290545
0,0,0.4561739
0,1,0.68962175
0,1,0.6861419
0,0,0.31973398
0,1,0.58917916
1,1,0.743535
0,0,0.16298956
0,0,0.15069789
0,0,0.41459745
0,0,0.13271604
0,0,0.072516665
0,0,0.25542808
0,0,0.30762538
1,0,0.24121049
0,1,0.56541735
0,1,0.7317928
0,0,0.46928352
0,1,0.84852695
0,0,0.48818058
0,0,0.06167305
0,0,0.37775788
0,0,0.33588713
0,0,0.454472
0,0,0.08984579
0,1,0.737393
1,1,0.8973233
1,1,0.92221135
0,0,0.4712942
0,1,0.7136381
0,0,0.49438366
0,0,0.49885985
0,0,0.1332872
0,1,0.7096345
0,1,0.90340376
0,1,0.60665035
0,0,0.36994657
0,0,0.17599133
0,1,0.5199139
0,1,0.51628935
0,1,0.5781022
1,0,0.3943084
0,0,0.2769511
0,0,0.15875952
0,0,0.12401936
1,1,0.6195296
0,0,0.22790687
0,1,0.67176133
0,0,0.1182189
0,0,0.15768246
0,0,0.34085837
0,0,0.13557729
0,0,0.15611601
0,0,0.19979697
0,0,0.31482026
0,0,0.3867526
0,0,0.23357904
0,0,0.15197767
0,0,0.24321568
0,0,0.2650695
0,0,0.3652831
1,0,0.24062555
0,0,0.44874138
0,0,0.09345535
0,1,0.522363
0,0,0.17687081
0,0,0.290149
0,0,0.0848618
0,1,0.58125746
0,0,0.07009897
1,0,0.33910924
0,0,0.20472056
0,0,0.3701001
0,0,0.42185837
0,0,0.13821107
0,0,0.2474416
0,1,0.53902143
0,0,0.43029064
0,1,0.69411314
1,1,0.5034943
0,0,0.47766492
0,1,0.72150636
1,1,0.7860438
0,0,0.17664775
0,0,0.21604711
0,0,0.29751053
0,1,0.7857016
0,0,0.15117143
0,0,0.30395535
0,0,0.2923188
0,1,0.65225345
0,0,0.31838948
0,0,0.30276084
0,0,0.16870327
0,1,0.8238608
0,0,0.23338367
0,1,0.6989517
0,1,0.5061239
0,0,0.47293964
1,1,0.75312394
0,0,0.311978
0,0,0.2025703
0,0,0.2647298
0,1,0.79539967
0,0,0.21007662
0,0,0.10496004
0,0,0.1446636
0,0,0.1646279
0,0,0.39882538
0,0,0.29615077
0,0,0.48509577
0,0,0.13069455
0,0,0.1285667
0,0,0.20665716
1,0,0.34911123
0,0,0.24084793
1,0,0.2692208
0,0,0.17549692
0,0,0.2787244
0,0,0.32911623
1,1,0.8534897
0,0,0.10916954
0,0,0.20910403
0,0,0.3702364
0,0,0.35425085
0,1,0.6850555
0,1,0.6404338
0,0,0.1127334
0,0,0.3627932
1,1,0.6229555
0,1,0.5025835
0,1,0.6624625
1,0,0.37085035
0,0,0.40186182
0,1,0.56218797
0,0,0.15362349
0,1,0.67045915
0,0,0.36061385
0,0,0.39163122
0,0,0.13881782
0,1,0.60284
1,0,0.49378365
0,0,0.33574805
0,1,0.5716818
0,0,0.20086916
0,0,0.4517002
1,0,0.35034427
0,1,0.51032495
0,1,0.5901857
0,0,0.31208885
0,0,0.12451551
0,0,0.3341637
0,0,0.28994828
1,1,0.94264644
0,0,0.31623766
0,1,0.6357345
0,1,0.514457
0,1,0.52699417
0,0,0.2316974
0,0,0.19613473
0,0,0.1658526
0,1,0.570631
0,0,0.43811217
0,0,0.1741215
0,0,0.3681755
0,0,0.079704575
0,1,0.5220793
0,0,0.32924384
0,0,0.3345286
0,0,0.28483978
0,0,0.10555534
0,0,0.47671592
0,0,0.39454034
0,1,0.53703785
0,0,0.14675298
0,0,0.3440574
0,0,0.19877347
0,1,0.6592131
0,1,0.5004291
0,1,0.8711805
0,0,0.42356333
0,1,0.5194094
0,0,0.3492292
0,0,0.1562214
0,0,0.4019474
0,0,0.29262242
0,0,0.3570355
0,0,0.41481522
0,0,0.14996505
0,1,0.5557279
0,0,0.40552443
0,0,0.25031412
0,0,0.27595666
0,1,0.7141137
0,1,0.5571117
0,0,0.41750062
0,0,0.24268913
0,1,0.51379853
0,1,0.62382835
1,1,0.5581961
0,0,0.1563047
0,1,0.6065492
0,0,0.19315779
1,0,0.43777436
0,0,0.21053481
0,0,0.46240065
0,1,0.5529775
0,0,0.28443646
0,0,0.17857118
0,1,0.53741014
0,0,0.21757646
1,0,0.43579277
0,0,0.2825609
0,0,0.46355972
0,0,0.14651065
0,0,0.4860057
0,0,0.19283998
0,0,0.2725604
0,0,0.27002096
0,0,0.4764544
0,0,0.40678325
0,1,0.82819086
1,0,0.170787
0,0,0.18216807
0,0,0.10998921
0,0,0.34870914
1,1,0.685109
0,0,0.31908885
0,1,0.54349303
0,0,0.19104974
0,1,0.7810308
0,1,0.5210504
0,0,0.09728735
1,1,0.81197494
0,0,0.34580907
0,1,0.6357837
0,0,0.15977567
0,1,0.81439507
0,0,0.1529058
0,1,0.7382523
0,0,0.07941149
0,0,0.08199735
0,1,0.7695332
0,1,0.6728456
0,0,0.33231106
0,1,0.6973666
0,0,0.33830908
0,0,0.28222156
0,0,0.18027677
0,0,0.33321267
0,0,0.17075165
0,0,0.18938771
0,0,0.24101458
0,0,0.38565916
0,0,0.22025146
0,0,0.26880434
0,0,0.42644683
0,0,0.19434032
0,0,0.28881422
0,1,0.68236053
0,1,0.6170419
1,1,0.54347986
0,0,0.34942946
0,0,0.14007433
0,0,0.32207423
0,1,0.6235368
0,0,0.17182706
0,1,0.5210005
0,0,0.13837613
0,0,0.40395716
1,1,0.72410357
0,0,0.30662304
0,1,0.6684637
1,0,0.38809952
1,1,0.77958333
0,1,0.8841647
0,0,0.29515946
0,1,0.58218896
0,0,0.15159346
0,0,0.25187877
0,0,0.45429474
0,1,0.52946216
1,0,0.2546982
0,0,0.41871983
0,0,0.21956019
0,0,0.18324988
0,0,0.34714743
0,1,0.5498414
1,1,0.7379053
0,1,0.6174463
0,0,0.42090824
0,0,0.39934412
0,1,0.7731068
0,0,0.17004026
0,0,0.22343153
0,0,0.49798977
0,0,0.2500664
0,0,0.09278216
0,0,0.23711203
0,0,0.1525554
0,1,0.52169394
0,0,0.13985991
0,0,0.47469157
0,1,0.6241749
0,0,0.27442017
0,0,0.34022117
0,1,0.51803225
0,0,0.18913177
0,0,0.21663003
0,0,0.28910032
0,0,0.28956997
0,0,0.30138704
0,0,0.17295925
0,0,0.31539539
0,0,0.49878085
0,1,0.5531385
0,0,0.30314285
1,0,0.36544845
0,0,0.35200617
1,0,0.3265285
0,0,0.15593661
0,0,0.17459744
0,1,0.8110556
1,1,0.79552996
0,0,0.41336322
1,1,0.56357425
0,1,0.56493175
0,0,0.49224877
1,1,0.5580526
0,1,0.54787225
0,0,0.13143028
0,0,0.25723025
0,1,0.6867419
0,1,0.79358953
0,0,0.09173183
0,0,0.34761283
0,0,0.35246685
0,0,0.24913149
0,0,0.08604751
0,0,0.30830982
0,0,0.321543
0,0,0.4954728
0,0,0.33640596
0,0,0.16012427
0,0,0.20095031
1,1,0.6483835
0,0,0.2770698
0,0,0.4077504
0,0,0.4547295
0,0,0.09581247
0,0,0.1503988
0,0,0.11715726
0,0,0.46846208
0,0,0.20917705
0,1,0.6219436
0,0,0.21186846
0,0,0.30263355
0,0,0.26169494
0,0,0.20308796
0,1,0.6476991
0,0,0.15320124
0,0,0.3547363
0,0,0.2796255
0,0,0.10959377
0,0,0.46942964
0,1,0.73518306
1,1,0.6625231
1,1,0.6578449
0,0,0.05523537
0,0,0.22065783
0,0,0.25242984
0,0,0.13841125
0,1,0.50925326
0,1,0.59918904
1,0,0.3496332
0,0,0.12101679
0,1,0.52853864
0,0,0.2809867
0,1,0.51908255
0,0,0.29360944
0,1,0.580881
0,1,0.76229954
0,1,0.51128757
0,0,0.05677811
0,0,0.1381867
0,0,0.25763407
0,0,0.20398843
0,1,0.6330207
0,0,0.25384375
0,0,0.23189126
0,0,0.33083138
1,0,0.44109905
0,0,0.2616099
0,1,0.5644205
0,0,0.13794814
0,0,0.42111647
0,0,0.35287923
1,0,0.23034099
0,0,0.47273746
0,0,0.22159243
0,0,0.43330285
0,0,0.38259807
1,1,0.6582055
0,0,0.4094824
0,0,0.35116842
0,1,0.72703177
0,0,0.10063433
0,1,0.6703761
0,0,0.124146
0,0,0.34966746
1,1,0.5487805
0,0,0.26550308
0,0,0.32088
0,0,0.33908957
0,0,0.4449192
0,0,0.25774065
0,0,0.19978777
0,0,0.37537208
0,0,0.35351595
0,0,0.2068606
0,0,0.16964602
0,1,0.7315297
1,1,0.7239437
0,1,0.5321845
0,0,0.4370213
0,0,0.44567657
0,0,0.23534149
0,0,0.06890359
0,0,0.19853239
0,0,0.25461388
0,0,0.16393578
0,1,0.6383812
0,1,0.55693895
0,0,0.27913293
0,0,0.2747607
0,0,0.40108824
0,0,0.11934399
1,0,0.33059815
0,0,0.1631414
1,0,0.44230452
0,0,0.038850233
0,0,0.16156724
0,0,0.46900418
0,1,0.8844467
0,0,0.20948154
0,0,0.09933743
0,0,0.08209642
0,0,0.20814396
0,0,0.07558632
0,0,0.13456026
0,0,0.44092774
0,0,0.09339555
0,0,0.052750632
0,0,0.06798292
0,1,0.6602889
0,1,0.81884897
1,0,0.38696346
0,0,0.08920595
0,0,0.3024394
1,1,0.73096144
0,0,0.45262375
0,0,0.21708776
0,0,0.43273938
0,0,0.14068922
0,0,0.48329815
0,0,0.067164086
0,0,0.46348318
0,0,0.38073376
0,0,0.3417542
0,0,0.25044706
1,1,0.69300836
0,0,0.3503942
0,0,0.093380205
0,1,0.60577464
1,1,0.62513745
0,0,0.39262223
0,0,0.32690275
0,0,0.42514765
0,1,0.6479941
0,0,0.44504127
0,0,0.35470083
0,0,0.393677
0,0,0.1625512
1,1,0.61602247
0,1,0.623324
0,0,0.10537245
0,0,0.23836875
0,1,0.58437073
1,0,0.4718235
0,0,0.4268268
0,0,0.40734014
0,1,0.6034909
0,0,0.2704606
0,0,0.40525067
0,0,0.18230934
0,0,0.16779669
0,0,0.32830438
0,1,0.5295978
1,0,0.30446765
0,1,0.53788596
1,1,0.6074401
0,0,0.49408728
0,0,0.17582963
0,0,0.3195198
0,0,0.09238038
0,0,0.199752
0,0,0.12074974
1,0,0.16510744
0,1,0.72564983
0,1,0.743296
0,0,0.36146277
0,1,0.50856507
0,0,0.13200429
0,0,0.482724
0,1,0.82106686
0,0,0.41753405
0,1,0.6094199
0,0,0.217146
0,1,0.6330487
0,0,0.4751264
1,1,0.66571903
0,0,0.22597304
0,0,0.08703768
0,0,0.31551978
0,1,0.5062749
0,0,0.4281994
0,1,0.80954474
0,0,0.20043698
0,0,0.11722964
0,0,0.3917472
0,0,0.33503142
0,0,0.1726284
0,0,0.25335798
0,0,0.06794972
0,1,0.76102525
0,1,0.71719164
0,0,0.45436296
0,0,0.33120367
1,1,0.60463893
0,0,0.24518691
0,0,0.4133664
0,1,0.60545594
0,0,0.30999696
1,1,0.8615668
0,0,0.24739861
0,0,0.3892414
1,0,0.26412043
0,0,0.39510015
0,0,0.22371063
0,0,0.29432136
0,0,0.08042902
0,1,0.5047396
0,0,0.17074956
0,1,0.69431996
0,0,0.387431
0,1,0.61725754
0,0,0.19369563
0,1,0.7873497
0,0,0.10607487
0,0,0.15102291
0,0,0.3354173
0,0,0.2902154
0,0,0.30090943
0,1,0.62044156
0,0,0.380835
0,0,0.38201556
0,1,0.5185279
0,0,0.09194301
0,0,0.0726368
0,1,0.5516887
0,0,0.42891175
0,1,0.51373196
0,0,0.23327202
0,1,0.5299271
0,0,0.29752603
0,0,0.20703599
0,1,0.5468612
0,0,0.15858012
1,1,0.5110931
1,0,0.41063976
0,1,0.71144265
0,0,0.35769716
0,1,0.59713924
0,0,0.15594618
0,0,0.30133978
0,0,0.42782864
0,1,0.81582135
0,1,0.5363303
1,0,0.4207172
1,1,0.71431226
0,0,0.32451513
0,1,0.56951386
0,1,0.58635163
0,0,0.34406698
0,0,0.4374295
0,1,0.62078184
0,0,0.39837977
0,0,0.32630524
0,1,0.71850824
0,0,0.41090676
0,0,0.35845876
0,1,0.6117564
1,1,0.8530105
0,1,0.63014525
1,1,0.8065612
1,1,0.7548352
0,0,0.42638335
0,0,0.29828587
0,0,0.21266456
0,1,0.6475308
0,1,0.6967603
0,1,0.53847903
0,0,0.41455194
0,0,0.39420205
0,0,0.30652964
0,0,0.17679161
0,1,0.6177843
1,1,0.54311
0,0,0.09741147
0,1,0.6812235
0,0,0.20628686
0,1,0.71819246
0,0,0.19998972
0,1,0.54299176
0,1,0.523955
0,0,0.15310371
0,0,0.16286194
0,1,0.70637375
1,0,0.4215044
0,0,0.3859797
0,1,0.5157423
0,0,0.46974927
0,0,0.15551208
0,0,0.39379844
0,1,0.6512769
1,1,0.8162377
0,0,0.22676523
0,0,0.31693995
1,1,0.73295087
0,0,0.33522078
0,1,0.50542325
0,0,0.4298844
0,1,0.8531228
0,0,0.3073809
0,0,0.30524525
0,1,0.56930494
0,0,0.27918777
0,0,0.22773007
0,0,0.41519976
0,0,0.20066303
0,0,0.4291771
0,0,0.33119416
0,1,0.85797167
0,0,0.33439767
0,0,0.19745548
0,0,0.088708304
0,1,0.8601742
1,1,0.5645108
1,1,0.92200965
0,1,0.51760805
0,1,0.5683742
0,0,0.44068998
0,0,0.13344418
0,0,0.15296127
0,1,0.5506778
0,0,0.42953926
0,0,0.2825997
0,0,0.32369858
0,1,0.5966828
0,1,0.5625756
0,0,0.05887178
1,1,0.6210539
0,0,0.29827118
0,0,0.4467509
0,0,0.47113347
0,0,0.4131895
0,1,0.5564909
0,0,0.23669465
0,0,0.15556347
0,0,0.23955067
0,0,0.3395948
0,1,0.5821486
0,0,0.4589873
0,0,0.37301075
0,0,0.2689177
0,0,0.34896308
0,1,0.6613502
0,0,0.33240142
0,0,0.17070182
0,0,0.40342608
0,0,0.07542823
0,0,0.48277137
0,1,0.60876656
0,1,0.5016268
0,0,0.18799563
0,0,0.18589589
0,0,0.37124917
0,1,0.643431
0,0,0.3617119
1,1,0.6568205
0,0,0.26539782
0,0,0.291536
0,1,0.52727276
1,0,0.4890103
0,0,0.09797677
0,0,0.34904033
0,0,0.34366545
0,0,0.14703612
0,0,0.44794285
0,1,0.67165166
0,0,0.19979213
0,1,0.60570854
0,0,0.26975062
0,0,0.24245855
0,0,0.21326882
0,1,0.6473213
1,1,0.72200644
0,0,0.3699632
0,0,0.14072682
0,0,0.33214122
1,0,0.40264717
0,0,0.12612009
0,0,0.2535753
0,1,0.64270467
0,0,0.1822007
0,0,0.24526533
0,0,0.26994666
0,0,0.34483942
0,0,0.310201
0,1,0.5497378
0,0,0.47585437
0,0,0.4073658
0,1,0.6675797
0,0,0.11023381
0,0,0.20705901
0,0,0.22768447
0,1,0.60124636
0,1,0.80841744
0,0,0.021599703
0,1,0.5326819
0,1,0.7473432
0,1,0.56601053
0,0,0.1553393
0,1,0.52483535
0,0,0.35671338
0,1,0.5256622
0,0,0.41863766
0,0,0.44412404
0,0,0.37925205
0,0,0.34823945
0,0,0.20988995
0,0,0.14835203
0,0,0.2882056
0,1,0.8585517
0,0,0.28676718
0,1,0.73501974
0,0,0.41912252
0,1,0.6660203
0,0,0.14615706
0,0,0.42279628
0,0,0.32037327
0,0,0.022276867
0,1,0.5521445
0,0,0.2208295
0,1,0.6125076
0,0,0.48498562
0,0,0.2382825
0,0,0.41232708
0,0,0.14827107
0,0,0.04661422
0,0,0.42997432
0,1,0.63220555
1,0,0.4865746
0,0,0.19232392
0,0,0.33788285
0,0,0.11923252
0,1,0.51398814
0,0,0.25274813
0,0,0.3097191
0,0,0.49860156
0,0,0.42234832
0,1,0.6530786
0,0,0.038930196
0,0,0.27875587
0,0,0.45214236
0,1,0.6612755
0,1,0.9024155
0,0,0.14428039
0,0,0.06390754
0,0,0.422909
0,0,0.42490143
0,0,0.26339194
0,0,0.2915154
0,1,0.6225605
0,0,0.3353369
0,1,0.8055
0,0,0.27898932
0,1,0.50942916
0,0,0.47841877
0,0,0.2697486
0,0,0.16466269
0,0,0.38922718
1,1,0.7817549
0,1,0.58431536
0,0,0.28858793
0,0,0.1570262
0,0,0.2215765
0,0,0.21349438
0,0,0.29624137
0,1,0.7258526
0,0,0.17204179
0,0,0.17870608
0,0,0.08125698
0,0,0.48110262
0,0,0.2037533
0,1,0.6134299
0,0,0.24120492
0,1,0.5880667
0,1,0.7508662
0,1,0.6454658
0,0,0.25902095
0,0,0.21386975
0,0,0.080175795
0,1,0.5854129
0,0,0.12229683
0,0,0.32633474
1,1,0.58449984
0,0,0.46700582
0,0,0.4292089
1,1,0.69574106
0,0,0.2875139
0,0,0.44309634
1,1,0.64106977
0,0,0.3711003
0,0,0.46223742
0,0,0.14025515
0,0,0.42592654
0,0,0.16493082
0,1,0.6310905
0,0,0.39341578
0,0,0.44087324
0,0,0.27197316
0,0,0.19996448
0,0,0.33678967
0,0,0.22420819
0,1,0.63926315
0,0,0.2335577
0,0,0.39434797
0,0,0.14190862
0,1,0.6013069
0,0,0.4996868
0,1,0.71639276
0,0,0.4684915
0,0,0.27046376
0,0,0.13805915
0,0,0.2749552
0,1,0.73197335
0,0,0.13480723
0,0,0.47860852
0,1,0.60722804
0,1,0.7692198
0,0,0.17100312
0,1,0.59022814
0,0,0.4742917
0,0,0.22808471
0,0,0.4709855
0,1,0.66901696
0,0,0.47664332
0,1,0.61564356
0,0,0.4715436
0,0,0.37424958
0,0,0.10339578
0,1,0.68386316
0,0,0.2033301
0,0,0.28416458
0,1,0.6067555
1,1,0.5519854
0,0,0.30305347
0,0,0.18525179
0,0,0.41558656
0,0,0.4344458
0,0,0.139208
0,0,0.44886768
0,1,0.79087913
0,1,0.76192963
0,1,0.5692315
0,1,0.65940523
0,0,0.45729268
0,0,0.24969782
0,1,0.6467312
0,1,0.662493
0,0,0.27037522
0,0,0.2775827
0,0,0.2855171
1,1,0.6006897
0,0,0.21919957
0,1,0.720853
0,0,0.24975872
0,1,0.5146636
0,0,0.12846348
0,0,0.23384438
0,0,0.19114614
0,0,0.33880255
0,0,0.30153567
0,0,0.15246296
0,0,0.3064578
0,0,0.18582219
0,0,0.42732385
0,0,0.20619057
0,0,0.20031472
1,1,0.71817404
1,1,0.5035204
0,0,0.119931504
0,0,0.46196195
0,0,0.1193825
0,0,0.16818279
0,0,0.22676744
0,1,0.77229255
1,1,0.5174059
0,0,0.3201914
0,0,0.3076675
0,1,0.73807126
0,0,0.41342834
0,0,0.32884127
0,0,0.46082714
0,0,0.3321318
0,0,0.22207673
0,0,0.39833444
0,1,0.5594573
0,0,0.19127616
0,0,0.3393262
0,1,0.5740311
1,1,0.5293549
0,0,0.19680324
0,0,0.2549617
0,0,0.24206753
0,0,0.20943339
0,1,0.71528065
0,1,0.72275937
0,1,0.52581674
1,1,0.62679094
0,1,0.6674292
0,1,0.6688322
0,1,0.56658155
0,1,0.5880999
0,0,0.21973173
0,0,0.17095965
0,1,0.7106698
0,0,0.370361
0,1,0.5878071
0,0,0.36817485
0,0,0.43515733
0,0,0.36029348
0,0,0.24669434
0,1,0.73986506
0,0,0.21165779
1,1,0.8400159
0,0,0.3310962
1,0,0.34502992
0,0,0.24978115
0,0,0.4020746
0,0,0.16437715
0,0,0.24411081
0,1,0.5056049
0,1,0.63837737
0,0,0.26435962
0,1,0.5222048
1,0,0.4516721
0,0,0.099754445
0,0,0.33322442
0,1,0.8428473
0,0,0.1502801
0,0,0.19723436
0,0,0.34904817
0,0,0.21989663
0,1,0.64054227
0,0,0.12453657
0,1,0.8148568
0,0,0.36099344
0,0,0.46709445
0,0,0.38546196
0,0,0.35063094
0,0,0.09381809
0,1,0.82378536
0,0,0.054544676
0,0,0.34922284
0,0,0.24767344
0,1,0.6656857
0,0,0.21992531
0,1,0.61774784
0,0,0.2769931
0,0,0.2324157
0,0,0.4831268
0,1,0.88562274
0,0,0.48062855
0,1,0.5005465
0,0,0.20462862
0,0,0.36139804
0,1,0.72462773
1,1,0.52898914
0,0,0.27301973
0,0,0.0831285
0,0,0.1853701
0,0,0.09210513
0,1,0.7062967
0,0,0.29687053
0,1,0.5513897
0,0,0.17494947
0,0,0.24484594
0,0,0.2598342
0,1,0.69476825
0,1,0.52494025
0,1,0.6786629
0,0,0.06704626
0,0,0.13777058
0,0,0.3613725
0,0,0.40087
0,1,0.83282995
0,0,0.21867894
1,1,0.6008948
0,0,0.40252933
0,1,0.5474751
0,0,0.084345825
0,0,0.47030687
0,0,0.2330231
0,0,0.14097396
0,1,0.63128114
0,0,0.470451
0,0,0.43939483
0,0,0.25106958
0,0,0.41281897
0,1,0.66232127
0,0,0.24413303
0,1,0.6023461
0,0,0.30771393
0,0,0.29737103
0,0,0.2532119
1,1,0.50739175
0,1,0.60849863
0,0,0.27714518
0,0,0.43407428
0,1,0.65166426
0,0,0.08777395
0,0,0.06546374
0,0,0.46135166
0,0,0.2216168
0,0,0.13179971
0,1,0.5104067
0,0,0.19835193
0,1,0.6505711
0,0,0.37099835
0,0,0.29875457
0,0,0.21669732
0,0,0.43729842
0,0,0.35485306
0,0,0.058337457
0,0,0.16477327
0,0,0.14273293
0,0,0.4073494
0,0,0.22950551
1,1,0.6154593
0,0,0.07258203
0,0,0.3911026
0,0,0.30301103
0,0,0.33591852
0,0,0.4795844
0,0,0.28718317
0,0,0.14865546
1,1,0.6658116
0,1,0.5058508
0,0,0.4661645
0,1,0.6220618
0,0,0.32428557
0,0,0.29048088
0,0,0.33271402
0,0,0.2554311
0,1,0.52513486
0,0,0.37917486
1,0,0.29303
0,1,0.5523256
0,0,0.18454146
0,0,0.3161394
0,0,0.27639824
0,0,0.3299916
0,0,0.12647806
0,0,0.48503497
0,1,0.6190806
0,0,0.062617406
0,0,0.3684101
0,1,0.8015851
0,0,0.13946052
0,0,0.17810117
0,0,0.46267915
0,0,0.3951237
0,0,0.11975194
0,0,0.2923632
0,0,0.34231958
0,1,0.5871678
0,0,0.35856998
0,0,0.25184348
0,1,0.7725778
0,1,0.7202087
0,1,0.8526831
0,0,0.38316953
0,0,0.37203395
0,0,0.3835265
0,0,0.11302862
0,1,0.50991285
0,0,0.26399183
0,0,0.49649438
0,0,0.46677524
0,0,0.26569408
0,0,0.40428585
0,0,0.14547528
0,1,0.6742115
0,0,0.22471675
1,1,0.833626
0,0,0.42302462
0,0,0.0784694
0,0,0.41795486
1,1,0.9485209
0,0,0.31627998
0,0,0.09446555
0,0,0.12050409
0,0,0.08651708
0,0,0.3467941
1,0,0.14202176
0,0,0.27276477
0,1,0.59880406
0,0,0.17505017
0,0,0.16658534
0,1,0.80449814
0,0,0.41201982
1,0,0.23439126
0,0,0.19480988
0,1,0.6411826
0,1,0.5739531
0,0,0.25248203
0,0,0.18395837
0,0,0.4535872
0,0,0.19615395
0,1,0.84291524
0,0,0.29956928
1,1,0.5575885
0,1,0.8650387
0,0,0.14541039
0,0,0.4211646
0,1,0.5627898
0,0,0.08883403
0,1,0.5404384
0,1,0.6780351
0,1,0.74727064
0,0,0.4200562
0,0,0.1440133
0,1,0.7032961
0,0,0.28104857
0,0,0.18906641
0,0,0.17370628
0,1,0.59852237
0,0,0.48083246
0,0,0.23126891
0,0,0.43103725
0,0,0.13866134
0,0,0.4547058
0,0,0.34146428
0,0,0.3049196
0,1,0.7343133
0,0,0.35633266
0,0,0.22484869
0,1,0.5832684
0,0,0.31497237
0,0,0.4615253
0,1,0.677859
0,0,0.23273942
0,1,0.74922824
0,1,0.73919135
0,1,0.6241308
0,0,0.28307644
0,1,0.60213846
0,0,0.41613677
0,1,0.53696465
0,0,0.28880927
0,1,0.68560624
0,0,0.30100855
0,0,0.19868007
0,1,0.5647604
0,1,0.5573883
1,1,0.8662428
0,0,0.47719365
0,0,0.18335626
0,0,0.14082845
0,0,0.21698065
0,0,0.2754382
0,0,0.33564466
0,0,0.29696503
0,0,0.3475451
0,0,0.21472451
0,0,0.22796611
0,0,0.28429973
0,1,0.5162621
0,0,0.39403966
0,1,0.7166089
0,1,0.5574001
0,0,0.20220707
0,0,0.4089924
0,0,0.27451193
0,0,0.073759444
0,0,0.13141279
0,0,0.14310917
0,0,0.44023725
0,0,0.20640033
0,1,0.5592783
0,1,0.5756178
0,1,0.782164
0,0,0.14079542
0,0,0.3899975
1,1,0.5916657
0,0,0.112707086
0,0,0.14574084
0,1,0.5311598
0,0,0.13896665
1,0,0.2267149
0,0,0.099299535
0,0,0.26540256
0,0,0.20370951
0,0,0.30734187
0,0,0.4151963
0,0,0.30993322
0,1,0.5237411
0,0,0.20604081
0,0,0.1984392
0,1,0.61713696
1,0,0.45441025
0,0,0.39998412
0,0,0.21006972
0,1,0.609279
1,1,0.9083124
0,0,0.31893283
0,0,0.14066084
0,0,0.34667194
0,0,0.44640067
0,0,0.24249281
0,0,0.22502679
1,1,0.5265506
0,0,0.06814934
0,0,0.1291844
0,0,0.45309064
0,0,0.47435546
0,0,0.3806637
0,1,0.5016241
0,0,0.48816326
0,0,0.285845
0,1,0.6159759
0,0,0.2514782
0,0,0.13314524
0,0,0.3321245
0,1,0.57521534
0,0,0.1342777
0,0,0.39425308
0,1,0.54987353
0,1,0.91929084
0,0,0.26437002
0,0,0.056564745
0,0,0.102332346
0,1,0.5375809
0,0,0.27800184
0,0,0.36951336
0,0,0.36301836
1,0,0.4104789
0,1,0.7191799
0,0,0.36738077
0,1,0.7395859
0,1,0.57246923
0,0,0.43652853
0,0,0.45887694
0,0,0.182814
0,0,0.46000305
0,0,0.30196884
0,0,0.2241532
0,0,0.21047518
0,0,0.17360036
0,0,0.08551528
0,1,0.52260834
0,0,0.16839364
0,0,0.33697635
0,0,0.19474606
0,0,0.1957556
1,1,0.7530847
1,0,0.41864234
0,1,0.7430153
0,0,0.22084385
0,0,0.42622295
0,0,0.15018304
0,1,0.67929167
0,0,0.2688403
0,1,0.7006792
1,1,0.766108
1,1,0.81231475
0,1,0.7395038
0,0,0.39921755
1,0,0.2527668
1,0,0.36456534
0,0,0.23363888
0,1,0.6737909
0,0,0.47200269
0,0,0.25463483
0,1,0.6232466
0,1,0.8113846
0,1,0.642566
0,0,0.11723038
0,1,0.66846716
1,1,0.7328802
0,0,0.110845804
0,0,0.27883726
0,1,0.85264665
0,0,0.11582039
1,1,0.54648834
0,0,0.2653687
1,1,0.6386466
0,1,0.56093866
0,1,0.60976243
0,1,0.5418072
0,0,0.11387767
1,1,0.7156303
0,1,0.52324045
0,0,0.4116886
0,0,0.26930436
1,0,0.46631044
0,0,0.14870402
0,0,0.20515622
0,0,0.06508587
0,0,0.23365912
0,0,0.4389451
0,0,0.13140865
1,0,0.39566404
0,0,0.096142426
0,0,0.17729
1,1,0.80683345
0,1,0.7159657
0,0,0.37487298
0,1,0.5469039
1,1,0.7296999
0,1,0.6813832
0,0,0.35965452
1,1,0.6780927
0,0,0.025224075
0,1,0.5558941
1,0,0.42588037
0,0,0.47412208
0,0,0.13699432
0,0,0.19244187
0,0,0.47503322
0,0,0.42516583
0,0,0.19186708
0,0,0.3750366
0,0,0.32674542
0,1,0.7413623
0,0,0.28848308
0,1,0.6925106
0,0,0.3977521
0,0,0.3671543
0,0,0.1331554
0,0,0.20106928
0,0,0.20325355
0,0,0.4288208
0,0,0.19930993
0,0,0.1677303
0,0,0.14752729
0,0,0.195109
0,1,0.5526723
0,0,0.31241626
0,0,0.15335429
0,0,0.14243007
0,1,0.5824315
0,0,0.32910767
0,0,0.14295264
0,0,0.23392901
0,0,0.30653238
1,1,0.7324263
0,0,0.37909356
0,0,0.18195418
0,0,0.35786143
0,1,0.7246107
0,1,0.53554636
1,0,0.27818823
0,0,0.17386253
0,0,0.39430383
0,0,0.15090619
0,0,0.40383315
0,1,0.6809478
0,0,0.38163787
0,0,0.29868516
0,0,0.40027344
0,1,0.51038855
0,0,0.28414968
0,0,0.21674126
0,0,0.30288664
0,1,0.5219291
0,0,0.16105258
0,0,0.24047236
0,1,0.80529344
0,1,0.5807728
0,0,0.3225267
1,1,0.6444689
1,0,0.31086114
0,0,0.20332175
0,0,0.39247844
0,0,0.09468892
0,0,0.32296997
0,0,0.41393116
0,1,0.5114681
0,1,0.5592762
0,0,0.14101243
0,0,0.3406942
0,0,0.19504817
0,0,0.100242496
0,0,0.45269868
0,1,0.57036704
0,0,0.19231765
0,0,0.14214393
0,1,0.7106178
0,0,0.44350332
0,1,0.52723354
1,1,0.7752405
0,1,0.60325396
0,0,0.46680516
0,0,0.4548231
0,0,0.21698411
0,0,0.35166678
1,1,0.6643267
0,0,0.36949936
0,0,0.2011527
0,0,0.23693003
0,1,0.8413459
0,1,0.6621652
0,0,0.12408082
0,1,0.5207646
0,0,0.48707652
1,1,0.72865623
0,0,0.28183967
0,0,0.41844797
0,1,0.714978
0,0,0.35782802
0,1,0.5219545
0,0,0.12247333
0,0,0.084204555
0,0,0.213264
0,0,0.27701065
0,1,0.72728056
0,0,0.15740582
0,0,0.1830098
0,1,0.6715827
0,1,0.6215055
0,0,0.21637407
1,1,0.8353405
1,1,0.6436948
0,1,0.540204
0,0,0.102188535
0,1,0.50976735
0,1,0.7478072
0,0,0.31236425
0,0,0.4087336
0,0,0.45947865
0,1,0.66729045
0,1,0.64690083
0,0,0.16086812
0,0,0.20106801
0,1,0.72016615
0,0,0.34722537
0,0,0.39076257
0,1,0.525821
0,0,0.43837893
0,1,0.5308521
0,1,0.5030684
1,1,0.55602926
0,1,0.5568817
0,1,0.62251514
0,1,0.8094803
0,0,0.15052703
0,0,0.30842298
0,0,0.051290687
0,0,0.3732376
0,1,0.5865212
0,0,0.21780057
0,1,0.6223396
0,0,0.1747193
0,0,0.39040026
0,0,0.39322376
0,0,0.33028957
0,0,0.48539814
1,1,0.65964913
0,0,0.28446677
0,1,0.61853033
0,0,0.16336621
0,0,0.120331205
0,0,0.26239634
0,1,0.6421815
0,1,0.54681516
0,1,0.53006226
1,1,0.61551696
1,1,0.7429507
0,1,0.8620756
0,0,0.31694144
1,1,0.6713203
0,1,0.77252656
0,0,0.380932
0,0,0.33546934
0,0,0.02101127
0,1,0.6169133
0,1,0.8505446
0,0,0.39117602
0,0,0.3257384
0,0,0.1353285
0,0,0.05776951
0,0,0.2173628
0,1,0.5137592
0,0,0.4101934
0,1,0.5440355
0,0,0.25060332
0,1,0.5015156
0,0,0.37210342
0,0,0.097785026
0,0,0.34618807
0,0,0.40409952
0,0,0.45075208
0,0,0.49188974
0,0,0.42197388
0,0,0.41540915
0,0,0.41124365
0,0,0.24958293
1,1,0.6963902
0,1,0.5633844
0,0,0.36106402
1,1,0.67538965
0,0,0.20031378
0,1,0.5534106
0,0,0.29880288
0,1,0.5428093
0,0,0.19840202
0,0,0.13872209
0,0,0.3442666
0,0,0.35983285
0,0,0.3168684
0,0,0.1935529
0,0,0.45053464
0,0,0.46524432
0,0,0.31709316
1,1,0.9340728
0,0,0.1425811
0,0,0.26005328
0,1,0.5241638
0,0,0.38709918
0,0,0.10349323
0,0,0.19948421
0,0,0.018873846
0,0,0.2981191
0,0,0.19688562
0,0,0.22363754
0,0,0.13600615
0,1,0.6021603
0,0,0.26462364
0,0,0.4475044
0,0,0.33808166
0,1,0.51747185
0,0,0.41026488
0,0,0.10484388
0,1,0.6175075
0,0,0.10544068
0,1,0.58856964
0,0,0.43496135
0,0,0.3064603
0,0,0.30010286
0,1,0.6807133
1,1,0.5076546
0,0,0.4837114
0,0,0.19563758
0,0,0.31566802
0,1,0.6158007
0,0,0.4818483
0,1,0.5811522
0,1,0.6146606
0,0,0.33390012
0,0,0.06330551
1,1,0.56306046
0,0,0.08759663
0,0,0.24823432
0,0,0.36349255
0,0,0.12926279
0,0,0.31305495
0,0,0.389141
0,1,0.61611
0,0,0.11359512
0,0,0.28580987
0,0,0.2365522
0,1,0.7887693
0,1,0.7108492
0,0,0.35677814
0,1,0.55180234
0,0,0.2312699
0,0,0.4557717
0,0,0.09510331
1,0,0.28865668
0,0,0.3778496
0,1,0.5586122
0,0,0.21473917
0,0,0.18129016
0,0,0.1847788
0,0,0.40832558
0,0,0.41034988
0,0,0.2536688
0,0,0.24967885
0,0,0.17071268
0,0,0.32497537
0,0,0.21593392
0,0,0.24132152
0,0,0.36018965
1,1,0.5535274
0,0,0.092988595
0,0,0.21567832
0,1,0.77050245
0,1,0.75562066
0,1,0.6064334
0,0,0.4413456
0,0,0.25389636
0,0,0.18624796
0,0,0.2830977
0,0,0.4436463
0,0,0.28307477
0,0,0.48018613
0,0,0.45056954
0,1,0.80353254
0,0,0.47062108
0,1,0.62100726
0,0,0.10667773
0,0,0.23417962
0,0,0.4331263
0,0,0.27326918
0,1,0.5403058
0,1,0.67389894
0,0,0.11228063
1,1,0.8555678
0,0,0.23547345
0,1,0.61012936
0,0,0.478696
0,1,0.68046755
0,1,0.6359074
0,1,0.5183512
1,0,0.19348556
0,0,0.42458838
0,1,0.8172049
0,0,0.3103745
0,1,0.5481153
0,0,0.4808399
0,0,0.18690725
0,0,0.44223565
0,0,0.16679864
0,0,0.1753466
0,0,0.4537022
0,0,0.4595804
0,1,0.54331946
0,0,0.3334852
0,0,0.44709122
0,0,0.121828206
0,0,0.16869524
0,0,0.023038864
0,0,0.2906147
0,1,0.5764842
0,1,0.60376436
0,0,0.20983048
0,0,0.17828207
0,1,0.71032125
0,1,0.7692934
0,0,0.19240926
0,0,0.36722207
0,0,0.11611041
0,0,0.08879311
0,0,0.27377853
0,0,0.22617549
0,0,0.25851056
0,0,0.23164389
0,0,0.11709828
0,0,0.48068076
0,0,0.14643379
0,0,0.47794583
0,0,0.38065937
0,0,0.42705688
0,0,0.24447072
0,0,0.17744854
0,1,0.72021675
0,1,0.62793505
0,1,0.7328275
0,0,0.4910856
0,0,0.2599003
0,0,0.4412023
0,0,0.1836524
0,0,0.21375425
0,0,0.17096823
0,0,0.21840781
0,0,0.08313759
0,0,0.15293145
1,0,0.32431906
0,1,0.7110478
0,0,0.18330553
0,1,0.76630527
0,0,0.36159506
0,0,0.24657257
0,0,0.03199
0,0,0.36764193
0,0,0.39384082
0,1,0.6163562
0,0,0.29625842
0,1,0.79901093
0,1,0.52141523
0,1,0.7060528
0,0,0.121369004
0,0,0.14396483
0,0,0.41781092
0,0,0.4772438
0,0,0.27931085
1,0,0.32396954
0,0,0.35984057
0,0,0.46650988
1,1,0.7602718
0,0,0.16660859
0,0,0.3149796
0,1,0.69967306
0,0,0.2438425
0,0,0.20600918
0,0,0.29864916
1,1,0.8308502
0,0,0.32755762
0,0,0.32229418
0,1,0.5500906
0,0,0.3981486
0,0,0.467396
0,0,0.27235898
0,0,0.24262725
0,1,0.8034711
0,1,0.7399344
0,0,0.085537404
0,1,0.53273773
0,0,0.19407707
1,1,0.6192144
0,0,0.075775705
1,0,0.21639983
0,0,0.37478346
0,0,0.1775649
0,0,0.4251967
0,0,0.29654276
0,0,0.47145307
0,0,0.15683953
0,0,0.34801564
0,0,0.3280245
0,0,0.12993802
0,0,0.25792125
0,1,0.6666615
0,0,0.30576074
0,0,0.17797442
0,0,0.17019255
0,0,0.24668047
0,0,0.3126268
0,0,0.25289932
0,0,0.2769175
0,1,0.55474955
0,1,0.56571084
0,0,0.4656175
0,0,0.22047238
0,0,0.334704
0,0,0.3497421
0,0,0.2868916
0,0,0.22460414
0,0,0.0925414
0,1,0.53725755
0,0,0.2481241
0,0,0.27071112
0,1,0.68131137
0,1,0.6811368
0,0,0.28285924
0,1,0.6752922
0,0,0.1334522
0,1,0.6464835
1,1,0.70005023
1,1,0.5895213
0,1,0.58899045
1,0,0.4688458
0,0,0.37569752
0,0,0.3388318
0,1,0.65545535
0,1,0.5974445
0,0,0.34385714
0,0,0.47682312
0,0,0.19400765
1,1,0.8272071
0,0,0.45050114
0,0,0.13728796
0,0,0.31033456
0,0,0.46858004
0,1,0.5800893
0,0,0.18866223
0,0,0.33346522
0,0,0.25130814
0,0,0.21220766
0,0,0.38961095
0,0,0.098771356
0,1,0.5858733
0,0,0.16463171
0,0,0.4896114
0,1,0.75112706
1,1,0.6740343
0,0,0.12820648
0,0,0.3331118
0,1,0.537099
0,1,0.57875395
0,0,0.28433624
1,1,0.52787507
0,0,0.19009984
0,1,0.62017804
0,0,0.13068502
0,1,0.501714
1,1,0.61179644
0,0,0.44370037
0,0,0.41189358
0,0,0.26068565
0,1,0.7001409
0,0,0.30097246
0,0,0.37433368
0,0,0.32969877
0,0,0.39897478
0,1,0.6491193
0,0,0.19080018
0,0,0.25014612
0,0,0.1269529
0,0,0.27476943
0,0,0.36386374
0,1,0.5276297
0,0,0.18028285
0,0,0.28791597
1,1,0.7174672
0,0,0.40013763
0,0,0.18071419
0,1,0.50206065
0,0,0.2127588
0,0,0.1677855
0,0,0.18923312
0,0,0.2768395
0,0,0.08889177
0,0,0.36174423
0,0,0.30541307
0,0,0.2855242
0,0,0.091778025
0,0,0.067324035
0,0,0.15472114
0,1,0.8409947
0,1,0.837408
0,0,0.13533382
0,0,0.17884697
0,0,0.24534748
0,0,0.46686512
0,0,0.19712508
0,0,0.11614406
0,0,0.42480782
0,1,0.7979022
0,0,0.24934226
0,1,0.64794356
0,0,0.28065494
0,0,0.345593
0,0,0.21372485
0,1,0.556373
0,0,0.23772943
0,0,0.38297912
0,0,0.17951648
0,0,0.2909199
0,0,0.3111427
0,0,0.41969493
0,0,0.28694332
0,0,0.16716416
0,0,0.2341147
0,1,0.5927885
0,0,0.32016698
0,0,0.2339087
0,1,0.7239829
0,1,0.52133024
0,0,0.41476497
0,1,0.669357
0,0,0.06288833
0,0,0.26457852
0,0,0.08788481
0,0,0.3968407
0,1,0.6151029
0,0,0.28395158
0,0,0.32246947
0,0,0.42437008
0,0,0.2580207
1,1,0.7791347
0,0,0.3581142
0,0,0.41889262
0,0,0.25149238
0,0,0.3903836
0,0,0.40920863
0,0,0.4436656
0,0,0.18500511
0,1,0.5392281
0,0,0.2636667
0,0,0.17239498
0,0,0.20480396
0,0,0.1248981
0,0,0.13502076
0,1,0.7064306
0,0,0.47429892
0,1,0.6162813
0,1,0.6099821
0,0,0.331123
0,0,0.29467395
0,0,0.46397814
0,0,0.28261948
0,0,0.1728314
0,1,0.7469578
0,0,0.3092561
0,0,0.18357818
0,0,0.21370229
0,0,0.11057489
0,1,0.6508252
0,0,0.32954594
0,0,0.35164398
1,1,0.9130111
0,0,0.21598172
0,0,0.11072528
0,0,0.25563708
0,1,0.64339566
0,0,0.21580762
0,0,0.27608865
0,1,0.7296919
0,0,0.475409
0,1,0.69937485
0,1,0.64198035
0,1,0.668531
0,0,0.20287809
0,0,0.04429076
0,0,0.042567316
0,0,0.24113092
1,1,0.76578754
0,0,0.26789606
0,1,0.67027164
0,1,0.78053963
0,0,0.38302588
0,0,0.29034662
1,1,0.8545634
0,0,0.32910046
1,1,0.64273524
1,1,0.62319124
0,0,0.3584273
0,1,0.5591556
0,0,0.15678984
0,0,0.43161657
0,0,0.039938577
0,1,0.89486665
0,0,0.3378939
0,0,0.30242062
0,0,0.24421883
0,1,0.71645457
0,0,0.28589633
0,0,0.18904331
0,0,0.11121277
0,0,0.27712414
0,0,0.21993823
0,0,0.3130885
0,0,0.4104035
0,1,0.76372725
0,0,0.35524926
0,0,0.22032587
0,0,0.36394447
0,0,0.23670956
0,0,0.10755814
0,1,0.719628
0,0,0.27775085
0,0,0.28925994
1,0,0.38432142
0,0,0.18613835
0,0,0.2367945
0,0,0.3596699
0,0,0.112130955
0,0,0.42536405
0,0,0.06545446
0,1,0.5968067
0,0,0.27513325
0,0,0.38952303
0,0,0.35315982
0,0,0.39435124
0,0,0.38649756
0,0,0.17539342
0,1,0.70352966
0,0,0.46031573
0,0,0.46563995
1,1,0.897385
0,0,0.27488098
0,0,0.3384549
0,0,0.13922758
1,0,0.2078032
0,0,0.076314166
0,0,0.28009534
0,0,0.38501012
0,0,0.4218072
0,0,0.15671885
0,0,0.24852826
0,1,0.65527236
0,1,0.5587045
1,0,0.090853184
0,0,0.20116518
0,1,0.8002032
0,0,0.15190072
0,0,0.32522172
0,0,0.1811595
0,0,0.25647625
0,0,0.45192167
0,0,0.1718263
0,0,0.44623902
0,0,0.16227895
1,1,0.7765254
0,1,0.62660176
0,0,0.4656837
0,1,0.5866396
0,0,0.30279657
0,0,0.13237345
0,1,0.6806742
0,0,0.40282455
0,1,0.689396
0,1,0.5674828
0,0,0.2521306
0,0,0.49830234
0,1,0.68840486
0,0,0.18965939
0,0,0.2911573
0,1,0.5471588
0,1,0.6300775
0,0,0.16729364
0,0,0.2966195
1,0,0.42728892
0,1,0.51229495
0,0,0.28500754
0,0,0.36767706
1,0,0.26633212
0,0,0.3099415
0,0,0.084898524
0,1,0.76850206
0,0,0.33702448
0,0,0.06137341
0,0,0.4350398
0,0,0.4438245
0,0,0.14600143
0,0,0.46199378
0,0,0.19093604
0,0,0.34483653
0,0,0.19507799
0,0,0.32971004
0,1,0.82631516
0,0,0.34424558
0,0,0.20631829
0,0,0.4425683
0,0,0.14992619
0,0,0.4273557
0,1,0.7620555
0,0,0.2115534
0,1,0.6616153
0,1,0.54621756
0,0,0.19727513
0,0,0.16260602
0,1,0.67909235
0,0,0.19284478
0,1,0.7488734
0,0,0.1812756
0,0,0.15378466
0,0,0.43295988
0,1,0.54653704
1,0,0.46156257
0,1,0.7687575
0,0,0.3895049
0,1,0.627099
0,1,0.613201
0,0,0.40072182
0,0,0.36749575
0,0,0.14600194
0,0,0.26905218
0,0,0.42656764
0,0,0.34286994
1,1,0.58706325
0,0,0.43707794
0,1,0.53160846
0,1,0.53405887
0,0,0.29152697
0,0,0.2895002
0,1,0.6418501
0,0,0.41867763
0,0,0.32134104
0,1,0.7539126
0,0,0.31513578
0,0,0.45674685
1,1,0.5805285
0,0,0.36968535
0,0,0.24217632
0,0,0.085523
0,0,0.40228963
0,1,0.71400774
0,1,0.5943129
0,0,0.16968629
0,0,0.14947228
1,0,0.33342883
0,0,0.22023864
0,0,0.404997
0,0,0.4989464
0,0,0.13713759
1,0,0.3305918
0,0,0.33839267
0,0,0.14352784
0,0,0.14740959
0,0,0.30852965
0,1,0.83802897
0,0,0.31033754
0,1,0.6414048
0,1,0.55231035
0,1,0.6804829
0,0,0.14143257
0,0,0.3246698
0,0,0.16693303
0,0,0.40624747
0,0,0.15171976
0,0,0.48994368
0,1,0.54866457
0,1,0.68302864
0,0,0.34922186
0,0,0.33217126
0,0,0.19770548
0,0,0.34823087
1,0,0.29941478
1,0,0.20936967
0,0,0.36271942
0,1,0.56839675
1,0,0.35334018
0,0,0.42757982
0,1,0.63228476
0,0,0.43231076
0,0,0.42942977
0,0,0.21926717
0,0,0.24901345
0,0,0.18924618
0,0,0.28537425
0,0,0.28951776
0,0,0.39406037
0,0,0.35570267
0,0,0.11004834
0,0,0.35226417
0,0,0.37500525
1,1,0.7204363
0,0,0.3139439
0,0,0.3462629
0,1,0.5010004
0,0,0.293822
1,1,0.5762215
0,0,0.27614617
0,1,0.70702493
0,0,0.16598079
0,0,0.485254
0,1,0.741057
0,0,0.17380422
0,0,0.29689616
0,0,0.3476414
0,0,0.36369815
0,0,0.25283244
0,1,0.5923816
1,1,0.8530225
0,0,0.3067614
0,0,0.24545076
0,0,0.1779959
1,1,0.72758186
0,0,0.10193664
0,0,0.08761994
0,1,0.5096815
0,1,0.63965595
0,1,0.69916826
0,0,0.20205295
0,1,0.8110138
0,0,0.3603905
0,0,0.49520656
0,0,0.2839824
0,1,0.69388616
0,0,0.20419373
0,1,0.57741046
0,0,0.47978505
0,0,0.29177618
0,0,0.31646967
0,0,0.3615328
0,0,0.39653352
0,1,0.66259325
0,0,0.4052073
0,0,0.110774755
0,0,0.08926059
0,0,0.17667447
0,1,0.9012903
0,0,0.46150854
0,0,0.36188102
0,0,0.47405124
1,1,0.6976934
0,0,0.21058893
0,0,0.40580192
0,1,0.5308397
0,0,0.47976014
0,0,0.21700738
0,0,0.27759537
0,1,0.72965276
0,1,0.57519394
0,0,0.32716078
0,0,0.23708114
0,1,0.52461475
0,0,0.45449802
0,1,0.5331595
0,0,0.2898395
0,0,0.36371875
0,0,0.2712936
0,0,0.4313168
0,0,0.1677559
0,0,0.40619463
0,0,0.3484958
0,1,0.61955273
0,0,0.43088067
0,1,0.5959959
0,0,0.12224018
0,0,0.47930163
0,0,0.44861457
0,0,0.48712364
0,1,0.75353736
0,0,0.28917405
1,1,0.71879673
0,0,0.425236
0,0,0.24708526
0,0,0.41744232
0,1,0.5513864
0,0,0.45628637
0,0,0.47073966
0,0,0.27688283
0,0,0.25255546
0,0,0.119151965
0,0,0.3710814
0,0,0.30810273
0,0,0.24779263
1,0,0.42366913
0,0,0.12624055
1,1,0.55607903
0,0,0.37422186
0,0,0.087836646
0,0,0.23275316
0,0,0.35307574
0,1,0.6169342
0,0,0.22635266
0,0,0.33228758
0,0,0.3668217
0,1,0.53210866
0,1,0.5535521
0,0,0.29987633
0,0,0.41110447
0,0,0.3272022
0,0,0.38059986
0,0,0.34421095
0,1,0.6478192
0,0,0.08502596
0,0,0.34530202
0,1,0.52501243
0,1,0.7603172
1,1,0.63278455
0,0,0.044382
0,0,0.27086368
0,1,0.6104774
0,1,0.6331436
0,1,0.53031856
0,1,0.6347442
0,0,0.11743382
0,0,0.14997649
0,1,0.6484982
0,0,0.17637448
0,0,0.2534825
1,1,0.833184
0,0,0.367224
0,0,0.45393577
0,0,0.209177
0,1,0.5825453
0,0,0.3996519
0,0,0.1244149
0,0,0.2477716
0,0,0.077395916
1,1,0.8564366
0,0,0.27096877
0,1,0.5841655
0,0,0.33931854
0,0,0.3563051
0,0,0.069319755
0,1,0.67469317
0,0,0.20228808
0,0,0.25836563
0,1,0.6367931
1,1,0.9071478
0,0,0.30463985
0,0,0.33952463
0,1,0.76706535
0,0,0.12680507
0,0,0.4542886
0,0,0.34656456
0,1,0.5103665
0,1,0.5507097
0,0,0.21020894
0,0,0.28582764
0,0,0.22269313
0,0,0.42131275
0,1,0.6687321
0,0,0.12264535
0,0,0.17501628
0,1,0.5692132
0,0,0.27111524
0,0,0.13821565
1,1,0.8010526
0,0,0.20231809
0,0,0.31297126
0,1,0.55429506
0,0,0.43132168
0,0,0.46820217
0,1,0.65019614
0,0,0.40665358
0,0,0.48729625
0,0,0.43717244
0,1,0.8349439
0,0,0.43784744
0,1,0.83500713
0,0,0.14129135
0,0,0.09943767
0,1,0.57323736
1,0,0.3345343
0,0,0.36399904
0,0,0.36942136
0,0,0.4513062
0,0,0.39655942
0,0,0.39913002
0,0,0.42811632
0,1,0.50487494
0,0,0.14558704
0,0,0.36803958
0,0,0.14069816
0,0,0.41655028
0,0,0.22018214
0,0,0.12855104
0,0,0.47294998
0,0,0.20669238
0,0,0.10675855
0,0,0.30656743
0,0,0.16094637
0,0,0.3050179
0,1,0.51864696
1,1,0.69087213
0,1,0.73587114
0,1,0.6982344
0,0,0.13882387
0,0,0.18833114
1,1,0.5503547
0,0,0.18441847
0,1,0.64942
0,1,0.74760044
0,0,0.25951827
0,1,0.63447636
0,1,0.51245964
0,0,0.48637518
0,0,0.16333759
0,0,0.3125453
0,0,0.38102117
1,1,0.7505013
0,0,0.36343774
0,0,0.17994481
0,0,0.11444254
0,0,0.13025786
0,1,0.52366084
0,0,0.1294754
0,0,0.2064536
0,1,0.6046623
0,0,0.3293053
0,0,0.35735077
0,0,0.19971828
0,0,0.48523968
0,0,0.20250332
0,0,0.19125244
0,1,0.6236031
0,0,0.24631408
0,1,0.7348169
0,0,0.29869857
0,0,0.34840265
1,1,0.76872283
0,0,0.48939934
0,0,0.4958704
0,0,0.15445973
0,1,0.7316441
0,1,0.636744
0,0,0.10627971
0,1,0.5253263
0,0,0.18781558
0,0,0.15526845
0,0,0.23582223
1,1,0.71395856
0,0,0.36792183
1,1,0.60415834
0,0,0.07325599
0,1,0.5626761
0,0,0.40779018
0,0,0.3354313
0,0,0.30614156
0,1,0.7442318
0,0,0.10672641
0,0,0.3804514
0,0,0.2529734
0,1,0.5711061
0,0,0.16159561
1,1,0.68873197
0,1,0.6622781
0,0,0.13571253
0,1,0.7535029
0,1,0.5739212
0,0,0.41694567
0,0,0.46926218
0,0,0.20785782
0,0,0.064733684
0,0,0.14253563
0,0,0.12780061
0,0,0.20773481
0,0,0.38788307
0,0,0.30652818
0,0,0.1356435
0,0,0.1777297
0,0,0.21770823
0,0,0.20203584
0,0,0.2717363
0,0,0.48573992
0,1,0.68329394
0,1,0.81410104
0,1,0.6310812
0,0,0.42045084
0,0,0.34485266
1,1,0.92928845
0,0,0.28681356
0,0,0.23492692
0,0,0.25904495
1,0,0.44898984
1,0,0.43045655
0,0,0.4159842
0,1,0.5402716
0,1,0.6176788
1,1,0.5588032
0,0,0.477527
0,0,0.2627058
0,0,0.40517285
0,1,0.70472664
0,0,0.44126147
0,0,0.053014945
0,0,0.1469266
0,0,0.42758316
0,0,0.23876187
0,0,0.16868529
0,0,0.28078213
0,0,0.29655865
0,0,0.12516008
0,0,0.30668476
1,1,0.7333049
0,0,0.25424072
1,1,0.74858147
0,1,0.8094584
0,0,0.3967086
0,0,0.37406132
1,0,0.3942439
0,0,0.251839
0,0,0.3445465
0,0,0.29911062
0,0,0.2422181
0,0,0.40931764
0,0,0.074628055
0,0,0.20329064
0,0,0.48178294
0,0,0.06408772
0,0,0.24401282
0,1,0.6095582
0,0,0.4939054
1,0,0.4064697
0,0,0.4536806
0,0,0.29079622
0,0,0.29505137
0,0,0.3731824
0,0,0.4211793
0,0,0.35948431
0,0,0.46434018
0,0,0.11930009
0,0,0.1788818
0,0,0.15786973
0,1,0.6812137
0,0,0.19075751
0,0,0.26128823
0,0,0.18970172
0,0,0.08261549
0,0,0.32553178
0,0,0.29587853
0,0,0.26973352
0,0,0.2886941
0,0,0.27613413
0,0,0.1763265
0,0,0.13953473
0,1,0.5705424
0,0,0.31251433
0,0,0.09493544
0,0,0.29340824
0,0,0.499126
0,1,0.61265105
0,0,0.21165156
0,1,0.5122384
1,1,0.66910774
0,0,0.2944222
0,0,0.36399433
0,1,0.84392655
1,1,0.8237477
0,0,0.4676129
0,0,0.30817077
0,1,0.6135051
0,0,0.4824271
0,0,0.2119901
0,0,0.15015297
0,1,0.6180616
0,0,0.040358145
1,0,0.20720512
0,0,0.19977279
0,0,0.3974476
0,1,0.51416785
0,0,0.38203847
0,0,0.11678521
0,1,0.7301055
1,1,0.51310843
1,1,0.8236311
0,0,0.41596657
0,0,0.23347913
0,0,0.47707978
0,0,0.1626114
0,1,0.5232277
0,0,0.45308208
0,0,0.23422188
0,0,0.3603138
0,1,0.5104732
0,0,0.4728988
0,0,0.12852407
0,0,0.046314757
0,0,0.27622285
1,1,0.7054922
0,0,0.04431013
0,0,0.10218117
0,0,0.4451447
1,1,0.72444713
0,0,0.3704527
1,0,0.4436539
0,0,0.37679127
0,0,0.26113868
0,0,0.4235393
0,0,0.4240247
0,1,0.5398102
0,0,0.44446465
0,0,0.15112288
1,1,0.75134337
0,1,0.5495999
0,0,0.37130472
0,0,0.36411214
0,0,0.06686201
0,1,0.5346047
0,1,0.55661327
0,0,0.38473994
0,1,0.63896
0,0,0.31968203
0,1,0.6499136
0,0,0.49843764
0,0,0.18514648
0,1,0.5697595
0,0,0.39895076
0,1,0.5167417
1,1,0.6099599
0,0,0.076030634
0,1,0.59033483
1,1,0.63555807
0,0,0.2941414
0,0,0.06593279
0,0,0.03580691
0,0,0.27252945
0,0,0.44720697
0,0,0.3369013
0,1,0.65528333
0,0,0.25605294
0,0,0.0789984
0,0,0.18962787
1,0,0.45592496
0,1,0.5848786
0,0,0.251347
0,1,0.6186676
1,1,0.8699227
0,0,0.28561598
1,1,0.87802017
0,0,0.47507617
0,1,0.6142423
0,0,0.26632825
0,0,0.48765668
0,0,0.1261315
0,0,0.20519447
1,1,0.819515
0,0,0.43565217
0,0,0.26811343
1,1,0.8423077
0,0,0.4759483
0,0,0.10800448
0,0,0.12640733
0,1,0.6208349
0,0,0.18403712
0,1,0.84829116
0,0,0.13197398
0,0,0.031360883
0,0,0.28878888
0,0,0.1344354
0,1,0.69530344
0,1,0.5270428
0,0,0.089947104
0,0,0.38313112
0,0,0.43276975
0,1,0.50094146
0,1,0.629136
0,0,0.074483246
0,0,0.14513992
0,0,0.24594095
0,0,0.14501438
0,1,0.7286608
0,1,0.7478879
0,0,0.20504674
0,0,0.16121063
0,0,0.42540538
0,0,0.26621068
0,1,0.64609444
0,1,0.5684027
0,0,0.06022555
0,1,0.539625
0,0,0.1355227
0,0,0.1210376
0,1,0.7950178
0,1,0.7022367
0,0,0.22004099
0,1,0.8003038
0,1,0.69278926
0,0,0.43554142
0,0,0.17802536
0,0,0.13034901
0,0,0.087687716
0,0,0.4756957
0,1,0.7969956
0,1,0.536391
1,1,0.5215485
0,1,0.54139155
0,0,0.23990175
0,0,0.23646168
0,0,0.11903479
0,1,0.7529838
0,0,0.4607928
0,0,0.4138767
1,1,0.6044315
0,0,0.19961376
0,0,0.34321263
0,0,0.10193406
0,0,0.15522349
0,0,0.40220782
0,0,0.34061834
0,1,0.50418705
0,0,0.1452399
0,0,0.3291159
0,1,0.64478654
0,1,0.85699683
0,0,0.16602834
0,0,0.3786736
0,0,0.10058777
0,1,0.7721281
0,0,0.3469206
0,1,0.601357
0,1,0.66468424
0,0,0.37896845
0,0,0.157642
0,0,0.1621766
0,1,0.5819173
0,0,0.46040678
0,1,0.6038916
0,0,0.21945305
0,0,0.2603171
0,0,0.35661072
0,0,0.28021693
0,1,0.7133866
1,1,0.75359535
0,0,0.11966002
0,0,0.36601028
0,1,0.6361033
0,1,0.65484923
0,0,0.23851973
0,0,0.19106856
1,0,0.35952213
0,0,0.18452194
0,0,0.14079389
0,1,0.8290021
0,1,0.5518958
0,1,0.54453045
0,1,0.6555994
0,1,0.8148935
0,0,0.25525355
0,0,0.2066181
0,0,0.4652396
0,1,0.5358816
0,0,0.4029366
0,0,0.38455394
0,0,0.26773018
0,0,0.07470716
0,0,0.08419746
1,1,0.71361625
0,0,0.20474273
1,1,0.79168224
0,1,0.8477119
0,0,0.48368767
0,0,0.029315224
0,1,0.70924294
0,0,0.12103302
1,1,0.64443415
0,1,0.6843148
0,1,0.55162275
0,0,0.2412204
0,0,0.13369858
0,0,0.27930194
0,0,0.15054649
1,1,0.7205679
0,0,0.37761268
0,0,0.3352544
0,0,0.43600053
0,0,0.4016843
0,0,0.28345853
0,0,0.2564393
0,0,0.14260623
0,1,0.6215771
0,0,0.37830713
0,0,0.29502586
0,0,0.46989897
0,0,0.14620136
0,0,0.39287522
0,1,0.5303712
0,0,0.250283
0,0,0.30308324
0,0,0.38783625
0,0,0.39133543
0,1,0.7024758
0,0,0.08760463
0,0,0.22415152
0,0,0.06339657
0,0,0.36919436
0,0,0.051742125
0,0,0.2398753
0,1,0.6437652
1,1,0.5099559
1,0,0.43645662
0,0,0.05039707
0,0,0.28404635
0,0,0.45967373
0,0,0.25765705
0,0,0.1725837
0,0,0.31611755
0,1,0.6266797
0,1,0.58827585
0,0,0.4676774
0,0,0.21873641
0,1,0.7305728
0,1,0.52457964
0,0,0.07580284
0,0,0.25894377
1,1,0.7452624
0,1,0.56068456
0,0,0.25588056
0,0,0.379962
0,0,0.49835813
0,0,0.23379298
0,1,0.6045124
0,0,0.494711
0,0,0.3763791
0,0,0.18292354
0,1,0.7921628
0,0,0.25610948
0,0,0.43602517
0,0,0.28145167
1,1,0.8771005
0,0,0.30546162
0,1,0.57346374
0,0,0.47517726
0,0,0.38264057
0,0,0.15156168
0,0,0.15749031
0,0,0.44400534
0,0,0.22568773
1,0,0.35036576
0,0,0.4387271
1,1,0.54175556
0,1,0.5078521
0,0,0.13393077
0,0,0.3716443
0,1,0.668107
0,0,0.082096204
0,1,0.5455388
0,1,0.5359299
0,1,0.64958453
0,0,0.21341197
0,0,0.33413386
0,1,0.75851196
0,0,0.41798317
0,0,0.4192551
0,1,0.7392932
0,0,0.061655726
0,0,0.23377062
0,0,0.14900677
0,0,0.104448214
0,0,0.0662252
0,0,0.44196984
0,0,0.13829646
1,0,0.37344643
0,1,0.6444258
0,0,0.17395344
0,0,0.15813072
0,0,0.23074104
0,0,0.29353514
0,1,0.5454232
0,0,0.38681555
0,0,0.09926771
0,0,0.15207446
0,0,0.44896233
0,1,0.664322
0,0,0.20072863
0,0,0.034437127
0,0,0.42821383
0,0,0.2998012
1,1,0.55457914
0,0,0.16973375
0,0,0.27520064
0,0,0.0942387
0,0,0.235851
0,1,0.71636975
1,1,0.823265
0,0,0.11240313
0,1,0.65958214
0,0,0.29972506
0,0,0.3596488
0,0,0.37524286
0,0,0.4094865
0,0,0.33808494
0,0,0.43237662
0,1,0.87788707
0,0,0.20365587
0,0,0.19736883
0,0,0.083726116
0,0,0.4425176
1,0,0.46727672
0,0,0.33448234
0,0,0.06493023
0,0,0.3057282
0,0,0.4568732
0,0,0.098289795
0,0,0.44339988
0,0,0.36995065
0,0,0.27062902
0,1,0.78048795
0,0,0.4362914
0,0,0.40287435
0,1,0.671879
0,0,0.09640952
0,0,0.2813545
0,1,0.6462012
0,0,0.47280347
0,0,0.09835566
0,0,0.11876175
0,0,0.37776318
0,0,0.21933451
0,0,0.15329513
0,0,0.31861293
0,1,0.5154827
0,0,0.19752316
0,0,0.22617342
0,1,0.77732474
0,0,0.4339474
0,0,0.20479764
0,0,0.45091113
0,0,0.1262551
0,0,0.14748313
0,0,0.2671374
0,1,0.70065624
0,0,0.1554539
0,0,0.26273257
0,1,0.6621346
0,0,0.09557119
0,0,0.19913742
0,0,0.24017364
0,0,0.056335848
0,0,0.4501499
0,0,0.28583235
0,0,0.28580466
0,0,0.19458887
0,0,0.1045215
0,0,0.43215576
0,0,0.4498516
0,1,0.580405
0,0,0.32151043
0,0,0.40471613
0,0,0.16368867
0,0,0.17063762
0,0,0.25737238
0,0,0.3327559
0,0,0.13661365
0,0,0.34763208
0,1,0.5080452
0,0,0.3032595
0,0,0.2089106
0,0,0.22460328
0,1,0.8979865
0,1,0.6020031
0,1,0.75612986
1,1,0.7381804
0,0,0.48647723
0,0,0.21506296
0,0,0.47038886
0,0,0.20164396
0,1,0.67972374
0,0,0.24803784
0,0,0.40901715
0,0,0.453984
0,1,0.8405727
0,1,0.5618602
0,0,0.44490215
0,0,0.34659344
0,0,0.1948106
0,0,0.39069623
0,0,0.25184405
0,0,0.18115638
0,0,0.15817973
0,0,0.072187304
0,0,0.2724526
0,1,0.60493845
0,0,0.38156238
0,0,0.21488844
0,1,0.69777185
0,0,0.4055262
0,1,0.6835323
0,0,0.45236054
0,0,0.25522923
0,0,0.07463453
0,0,0.41734928
0,0,0.2510546
0,1,0.5745231
0,0,0.2959212
0,1,0.5446367
0,0,0.121834226
0,0,0.23875175
0,0,0.30462503
1,1,0.80686456
0,0,0.46257037
0,0,0.16038816
0,1,0.5098367
0,0,0.27021188
0,0,0.12587272
0,0,0.21313842
0,0,0.49336836
0,0,0.31828064
0,1,0.89160275
0,0,0.14873688
0,0,0.30695924
0,0,0.3957048
0,0,0.4016817
0,0,0.472143
0,0,0.24332717
0,0,0.3023471
0,0,0.15418322
0,0,0.122401334
0,1,0.81628853
0,0,0.08725257
0,1,0.6267013
0,0,0.19846427
0,0,0.4155519
0,0,0.45449653
0,1,0.60073197
0,0,0.19749275
0,0,0.4358561
0,0,0.2400956
0,0,0.1554779
0,0,0.47917134
0,0,0.21501528
0,0,0.44764033
1,1,0.6317168
0,0,0.32059756
0,0,0.14727406
0,0,0.3127617
0,0,0.49821988
0,0,0.34407642
0,0,0.32249117
0,1,0.6125123
0,1,0.87845016
0,0,0.06133049
0,0,0.317055
1,1,0.7779046
0,1,0.52303755
0,0,0.48229283
0,0,0.13917817
0,0,0.37295157
0,0,0.44214937
0,0,0.40518758
0,0,0.20885041
0,0,0.30932772
0,1,0.6790486
0,1,0.88230646
0,1,0.66311395
0,0,0.33456296
0,0,0.05039318
0,1,0.63111603
0,0,0.15936643
0,0,0.35606623
0,1,0.73179597
1,1,0.7577957
0,0,0.3651952
0,0,0.22692683
0,0,0.30611983
0,0,0.4363692
0,0,0.10887425
0,0,0.12926066
0,0,0.40719762
0,0,0.46124345
0,0,0.1276666
0,0,0.4415088
0,1,0.654304
0,1,0.5407733
0,0,0.43596792
0,1,0.5642014
0,0,0.20582807
0,1,0.5872253
0,0,0.15689103
0,0,0.40545827
0,0,0.3761108
0,0,0.42354834
0,0,0.48826936
0,0,0.23328343
0,0,0.35692716
0,1,0.700513
1,0,0.24253021
0,1,0.57704866
0,0,0.19626953
0,1,0.5131552
0,1,0.63013124
0,0,0.43417403
0,0,0.2191321
0,0,0.3054505
0,0,0.3357482
0,0,0.17040038
0,0,0.09161503
0,0,0.191643
0,0,0.36049867
0,1,0.74765015
0,0,0.17940573
0,0,0.15532033
0,1,0.5180367
1,1,0.85349476
0,0,0.32369345
0,1,0.6628857
1,1,0.6455827
0,0,0.22137176
0,0,0.07158621
0,1,0.56227344
0,1,0.65234077
0,1,0.51522183
0,0,0.14872126
0,0,0.3307174
0,0,0.3370883
0,0,0.14927536
0,0,0.3079395
0,0,0.2822544
0,0,0.43395308
0,0,0.30962816
0,1,0.6755085
0,1,0.68213356
0,1,0.6278438
0,1,0.62951744
0,0,0.2133131
1,0,0.3172679
0,0,0.14171469
1,0,0.46004182
0,0,0.32009506
0,0,0.10520486
0,0,0.1815903
0,0,0.17815803
0,0,0.20705529
0,0,0.2545416
1,0,0.4399635
0,0,0.32875916
0,1,0.8204591
0,0,0.09172526
0,0,0.4131002
0,0,0.255335
0,0,0.18382134
0,0,0.49157214
0,0,0.17318287
0,0,0.3760027
0,0,0.30480203
0,0,0.19321942
1,1,0.52186346
0,0,0.21743965
0,0,0.23682551
0,1,0.61290985
0,0,0.16606328
0,0,0.14776342
0,1,0.57005996
0,0,0.23792318
0,0,0.13856378
0,0,0.36531
0,0,0.39011186
1,1,0.79006237
0,0,0.30104858
0,0,0.07609246
0,0,0.41165102
0,0,0.34024853
0,0,0.13908833
0,0,0.42435873
0,1,0.6041678
0,0,0.35798445
0,0,0.2324778
0,0,0.09738233
0,0,0.3167081
0,0,0.4799505
0,0,0.39548236
0,1,0.5350351
0,1,0.6582096
0,0,0.18131596
0,0,0.3870486
0,0,0.32678497
0,0,0.38699248
0,1,0.6645592
0,0,0.10916123
0,0,0.48250845
0,0,0.44877687
0,1,0.59226364
0,1,0.7140745
0,0,0.22928981
0,0,0.20180444
0,1,0.61133444
0,1,0.55661
0,0,0.333943
1,1,0.66708314
0,0,0.24261147
0,0,0.37888896
0,1,0.50380754
0,0,0.32616085
0,0,0.29045165
0,0,0.4923937
0,0,0.25138617
0,0,0.4473689
0,0,0.45325142
0,0,0.23211068
0,0,0.26021156
0,1,0.7022566
0,1,0.5009572
1,1,0.6880122
0,1,0.5289726
0,0,0.43571144
0,1,0.5748548
0,0,0.23102902
0,0,0.35319528
0,0,0.28840867
0,1,0.5947809
0,0,0.19810209
0,0,0.19726886
1,0,0.20376019
0,0,0.1242945
1,0,0.42627624
0,0,0.13952859
0,1,0.6194875
0,0,0.10073125
0,1,0.5059466
1,1,0.81937635
0,0,0.30160382
0,0,0.3208718
0,0,0.14938234
0,0,0.24251933
0,1,0.6366837
0,0,0.15531811
0,0,0.25600845
0,0,0.21646072
0,1,0.6195333
0,0,0.25744802
0,0,0.2776105
1,1,0.68150544
0,0,0.42147422
0,0,0.2714428
0,1,0.8437156
0,0,0.33712325
0,1,0.59479487
0,0,0.29001015
0,1,0.76687807
0,1,0.64576703
0,1,0.5121564
1,0,0.48023948
1,0,0.3210655
0,0,0.3831479
1,1,0.7671165
1,0,0.41187584
0,0,0.084759645
0,1,0.63583
0,1,0.5351377
0,0,0.37720364
0,1,0.53511375
0,0,0.13723241
0,0,0.48624888
0,0,0.087040484
0,0,0.16608934
0,0,0.22150615
0,0,0.3557401
0,1,0.6371158
0,1,0.81337523
0,0,0.17516737
0,1,0.56932926
0,0,0.45852426
0,0,0.29334015
0,1,0.58870095
0,0,0.33542293
1,1,0.87382823
0,0,0.21931559
0,0,0.07052381
0,0,0.4451451
0,0,0.2546608
0,0,0.24969266
0,0,0.43960252
0,0,0.38832846
0,0,0.48700786
0,0,0.24653472
0,1,0.72670597
0,0,0.35692802
0,1,0.65270525
0,0,0.2420442
0,1,0.6224
0,1,0.616668
0,1,0.6347695
1,1,0.66752285
1,0,0.3646863
0,0,0.46529302
0,0,0.19361235
0,1,0.55249244
1,1,0.7265205
0,0,0.36168104
0,0,0.11865803
0,0,0.3129826
0,0,0.10924188
0,0,0.1178948
0,0,0.26260766
0,1,0.50227135
0,0,0.422406
0,0,0.20886496
0,0,0.4550998
0,0,0.22330987
0,1,0.5075205
0,0,0.36437207
0,0,0.2930747
0,0,0.30596012
0,0,0.21364535
0,0,0.36064744
0,0,0.12860425
0,1,0.5481239
0,0,0.2817038
0,0,0.105866626
1,0,0.2875895
0,1,0.7266687
0,1,0.6736373
1,1,0.59605086
0,1,0.65545917
0,1,0.5378489
0,0,0.43905917
0,0,0.10196691
0,0,0.03296594
0,0,0.29685402
0,0,0.3348542
0,0,0.23900056
0,0,0.16367301
0,1,0.5055551
0,0,0.32817504
0,1,0.58533645
0,0,0.49847457
0,0,0.23698662
0,0,0.088670425
0,0,0.45522887
0,0,0.21802786
0,0,0.4186971
0,1,0.5846724
0,0,0.1930552
0,0,0.2713106
0,1,0.56091255
1,1,0.54914886
0,0,0.23854287
0,0,0.2537503
0,0,0.32512605
0,0,0.26357114
0,0,0.38684863
0,0,0.3066402
0,1,0.6646928
0,0,0.16869505
0,0,0.42267433
0,0,0.28328225
0,1,0.7789804
0,0,0.22870743
0,1,0.7555707
0,0,0.44689962
0,0,0.29626793
0,0,0.3277316
0,0,0.453801
0,0,0.4657867
0,0,0.094446115
1,1,0.61527735
0,0,0.027765138
0,1,0.57753366
0,0,0.046087548
0,1,0.65354115
0,0,0.17822269
0,1,0.51996434
0,1,0.5558401
0,1,0.54849243
0,0,0.2514105
0,1,0.5987548
0,0,0.4488002
0,1,0.62101275
0,0,0.056087296
0,0,0.08401417
0,1,0.6253138
1,1,0.6120122
0,0,0.22612001
0,0,0.20080191
1,1,0.6182472
0,0,0.2691466
0,0,0.36288702
0,0,0.35177982
0,0,0.25131294
0,0,0.24929275
0,0,0.22424926
0,0,0.49404398
0,0,0.18139929
0,1,0.57936513
0,0,0.23849308
0,1,0.509619
0,0,0.40532306
0,0,0.3762619
0,0,0.4144429
0,0,0.33083278
1,1,0.744392
0,0,0.21256997
0,0,0.4997898
0,0,0.18128541
0,0,0.21566743
0,0,0.2978735
0,1,0.57865435
0,0,0.20655145
1,0,0.13821852
0,0,0.41080424
0,0,0.19139142
0,1,0.74051136
0,0,0.09193158
0,0,0.3408153
0,1,0.6392748
0,0,0.49176165
0,1,0.8514535
1,1,0.635087
0,0,0.1254647
0,0,0.12593235
0,0,0.21470463
0,0,0.17729314
0,0,0.3580043
1,1,0.7389333
0,0,0.26359126
0,0,0.2043285
0,0,0.46174124
0,0,0.08850299
0,1,0.62768966
0,1,0.50032634
0,0,0.21118431
0,0,0.33331805
1,1,0.54107404
0,0,0.23592435
0,0,0.19013958
0,1,0.71034604
0,0,0.36236075
1,1,0.8286872
0,0,0.2924217
0,0,0.30531913
0,1,0.55745775
0,0,0.23418485
0,0,0.19588618
0,1,0.5068008
0,0,0.13564065
0,0,0.19010077
0,1,0.50799155
0,0,0.2026883
1,0,0.29248556
0,0,0.109658904
0,0,0.17885503
0,0,0.35519674
0,0,0.16624598
0,0,0.47353557
0,0,0.17180996
1,1,0.8899934
0,1,0.7232192
0,0,0.31285363
0,0,0.37794626
0,1,0.7002878
0,1,0.5283597
0,0,0.31574154
0,1,0.8213331
0,0,0.35859376
0,0,0.4333828
0,0,0.4300289
1,0,0.38607448
0,0,0.38358274
1,0,0.4576777
0,0,0.14879099
0,0,0.28556594
0,1,0.5015571
0,1,0.60395604
1,0,0.27165064
0,0,0.17102621
0,0,0.18429595
0,1,0.56358904
0,0,0.29013655
0,1,0.7213306
1,0,0.44587815
0,1,0.6421732
1,1,0.93078494
0,0,0.20082775
0,1,0.63941264
0,0,0.36466935
0,0,0.48821434
0,0,0.17286043
0,0,0.45709857
0,1,0.5674587
0,0,0.13653351
0,0,0.12412706
0,0,0.22135001
0,0,0.13317712
0,0,0.27194738
0,1,0.54559064
0,0,0.44362527
0,0,0.10332061
0,1,0.7107484
0,1,0.6050568
1,0,0.36844465
0,0,0.48648185
0,0,0.4775
0,0,0.40245873
0,0,0.3093788
0,0,0.17379975
0,0,0.04703527
0,0,0.13325697
0,0,0.22068284
0,1,0.5146731
0,0,0.46066722
0,0,0.46484935
0,0,0.23658693
0,1,0.59050596
0,0,0.42874163
0,0,0.2707171
0,0,0.34663898
0,0,0.13925837
0,0,0.49858093
0,0,0.23193611
0,0,0.10698291
0,1,0.70997053
0,0,0.3256792
0,0,0.18103722
0,0,0.21699962
0,1,0.51565737
0,0,0.3044773
0,1,0.7242452
0,0,0.4321584
0,1,0.62748057
0,1,0.8173693
0,0,0.4852509
0,0,0.32774165
0,1,0.8202183
0,0,0.028719233
0,0,0.16459171
0,0,0.17971052
0,0,0.18344373
0,0,0.39636144
0,0,0.06863983
0,0,0.24545231
0,0,0.37240946
0,0,0.141275
0,0,0.12056894
0,0,0.48742694
0,0,0.33660144
0,0,0.14328793
0,0,0.38367096
1,0,0.20162593
0,0,0.1494743
0,0,0.30673322
1,1,0.6865986
0,1,0.5381483
0,0,0.26429233
0,0,0.12646782
0,1,0.8483
0,0,0.42167345
0,0,0.48134062
0,0,0.11803151
0,1,0.8337287
0,0,0.27308124
0,0,0.108632
0,1,0.5357496
0,0,0.34368128
0,1,0.7078954
0,0,0.3116745
0,1,0.73920506
0,0,0.20348482
0,0,0.26384962
0,0,0.32712984
0,0,0.1986254
0,0,0.0355084
0,0,0.28313687
0,1,0.5096519
0,0,0.29579926
0,0,0.38011953
0,0,0.22172774
0,0,0.042666964
0,1,0.62401086
0,0,0.3364915
0,0,0.22477421
0,1,0.53690016
0,0,0.14878342
0,1,0.6567467
0,1,0.55268115
0,0,0.16961929
1,0,0.33868214
0,0,0.2088959
0,0,0.43323866
0,1,0.8178462
0,0,0.1038307
0,1,0.62965584
0,0,0.24084829
1,1,0.6908143
0,1,0.51260275
1,1,0.8764615
0,1,0.80861187
0,0,0.17741205
0,0,0.28623274
0,0,0.4322836
0,0,0.272364
0,0,0.24978267
0,0,0.4980949
0,0,0.23009549
0,0,0.30095696
0,0,0.33403784
0,0,0.4146179
0,0,0.41145146
0,0,0.32689884
0,0,0.24699584
0,0,0.30812734
0,1,0.5304729
0,0,0.18753836
0,0,0.33847135
0,0,0.37028557
0,1,0.63037485
1,1,0.81494296
0,0,0.3700468
1,0,0.36022374
0,0,0.2662384
0,1,0.5930313
0,0,0.4147273
0,0,0.30214843
0,0,0.47127408
0,0,0.21562278
0,0,0.36399955
0,0,0.42742366
0,0,0.4420103
0,0,0.17698215
0,1,0.5337017
0,1,0.5619105
0,0,0.32541478
0,0,0.16162738
0,1,0.66375035
0,1,0.7028724
0,0,0.4658756
0,1,0.6484621
0,0,0.3161466
0,0,0.25423416
0,1,0.51142484
0,0,0.32164413
1,1,0.69761926
0,1,0.68243396
1,1,0.54197437
0,1,0.6556995
0,0,0.18560895
0,0,0.23592973
0,1,0.6175908
0,0,0.18675472
0,1,0.6470094
0,0,0.25480846
0,0,0.2000703
1,1,0.7549619
0,0,0.38435754
0,0,0.47821382
0,0,0.14803332
1,1,0.53423864
0,1,0.5313915
0,0,0.25538057
0,0,0.2438675
0,0,0.37153706
0,0,0.24375427
0,1,0.545518
0,0,0.08557773
0,0,0.25654477
0,0,0.2797109
0,1,0.5660975
0,0,0.17190671
0,0,0.18544371
0,0,0.09881882
0,1,0.51656747
0,0,0.13617207
0,0,0.39613187
0,0,0.039085884
0,1,0.5026645
0,0,0.20369674
0,0,0.17766748
0,0,0.08637464
0,1,0.81133205
0,0,0.4253649
0,0,0.25863862
0,0,0.12898609
0,0,0.38559306
0,0,0.24916144
0,0,0.33279523
0,0,0.37012237
0,0,0.1519892
0,0,0.13301268
0,0,0.19793984
0,1,0.6072705
0,0,0.058163192
0,0,0.20026273
1,1,0.851003
0,1,0.5633847
0,0,0.47311407
0,0,0.32133815
0,1,0.82384676
0,0,0.32674533
0,0,0.47006375
0,1,0.75985765
0,1,0.7161683
0,0,0.15405874
0,0,0.35222572
1,1,0.622157
0,0,0.36227494
0,0,0.16170022
0,1,0.6526627
0,0,0.26513687
0,0,0.48112363
0,0,0.14181845
0,0,0.49286434
0,0,0.34538764
0,0,0.18790112
0,1,0.6818257
0,1,0.5262465
0,0,0.38323343
0,0,0.2522706
0,0,0.43474525
0,0,0.2729313
0,0,0.48707476
0,0,0.4224962
0,1,0.55603796
1,0,0.32134685
0,0,0.45147735
0,0,0.3742785
0,1,0.7352122
0,0,0.32841057
0,0,0.12017696
0,0,0.33632103
0,0,0.44066373
0,0,0.06761965
0,0,0.35910356
0,0,0.48667383
0,1,0.57149225
0,0,0.29321897
0,0,0.35421905
0,0,0.13519551
0,0,0.12577777
0,0,0.20201647
0,1,0.5934354
0,0,0.41973042
0,0,0.359813
0,0,0.16567081
0,0,0.3305076
0,0,0.3137991
0,1,0.5023401
0,0,0.26975834
0,1,0.75816286
0,0,0.2795231
0,0,0.2495684
0,0,0.2795452
0,1,0.8283178
0,0,0.40247583
0,1,0.72899693
0,0,0.18606547
0,1,0.76381826
0,0,0.29819143
0,0,0.07733558
0,1,0.69877344
0,0,0.45745084
0,0,0.24680866
0,0,0.1936455
0,0,0.27488175
0,0,0.31884304
0,1,0.6533823
0,0,0.3311387
0,0,0.23105836
0,0,0.19182974
0,0,0.17764996
0,1,0.7317094
0,1,0.66424924
0,1,0.5864378
0,0,0.2820524
0,1,0.59937996
0,1,0.6175493
0,0,0.4294025
0,0,0.4089223
0,0,0.43344024
1,1,0.864725
0,0,0.2254772
0,0,0.28579345
1,0,0.45448014
0,0,0.17223029
0,0,0.410759
0,0,0.36935583
0,0,0.24034804
0,1,0.69931215
0,0,0.493435
0,0,0.21162869
0,1,0.5114524
1,0,0.4319787
0,1,0.5936907
0,1,0.563406
0,1,0.58002794
1,1,0.87617546
0,0,0.4393373
0,0,0.26467174
1,0,0.49116936
0,0,0.2625869
0,0,0.093497254
0,0,0.07137121
0,0,0.21510945
0,0,0.4466452
0,0,0.27200785
0,1,0.7742125
0,0,0.11264979
0,0,0.23429085
0,0,0.276241
0,0,0.48696008
0,0,0.40423918
0,0,0.49233046
0,0,0.47337735
0,0,0.27505544
0,1,0.60674274
0,0,0.499854
0,0,0.18566844
0,0,0.26713035
0,0,0.41645557
0,0,0.4369197
0,0,0.4617903
0,0,0.39179075
0,0,0.329042
0,0,0.40898013
0,0,0.075837135
1,1,0.6990109
0,1,0.7043702
0,1,0.5218916
0,0,0.19543885
0,1,0.7147606
0,1,0.80320823
0,1,0.5450307
0,0,0.1157741
0,1,0.624087
0,0,0.30471936
0,1,0.54387724
0,1,0.7522575
0,0,0.34709355
0,1,0.5675894
0,0,0.11714387
0,1,0.7870983
0,0,0.21704395
0,0,0.29971248
0,1,0.5289634
0,0,0.3614979
0,0,0.27377465
0,0,0.41326502
0,0,0.4428252
0,0,0.1268168
0,0,0.19929485
1,0,0.42475075
0,1,0.6514066
0,0,0.39637688
0,0,0.33570364
0,0,0.24216066
0,0,0.22567843
0,0,0.27759057
0,1,0.55653167
0,0,0.4001335
0,0,0.18453631
0,0,0.41277048
0,0,0.18660739
1,0,0.484099
0,0,0.047284424
0,0,0.40653324
0,0,0.24259716
0,0,0.4525704
0,1,0.522456
0,1,0.6208666
0,1,0.5564265
0,0,0.101158105
0,0,0.41500184
1,0,0.16793138
0,1,0.5735556
0,0,0.11522947
0,0,0.25373465
0,0,0.11741749
0,0,0.25165468
0,0,0.35268885
0,0,0.11866885
0,0,0.124720246
0,0,0.4086006
0,0,0.16463177
0,1,0.85288876
0,0,0.25785616
0,1,0.53702813
0,1,0.72525835
0,0,0.17218868
0,0,0.1331033
0,0,0.27843145
0,0,0.08739911
0,1,0.665437
0,0,0.39424914
0,0,0.14100865
1,1,0.5504601
0,0,0.27607188
0,0,0.09574881
0,0,0.1497378
0,1,0.6802106
0,1,0.65796256
0,0,0.08712877
0,0,0.13363664
0,1,0.6437068
0,0,0.28726822
0,1,0.6892555
0,0,0.20739417
0,0,0.23393203
0,0,0.445327
0,1,0.5853759
0,0,0.19206136
0,0,0.24239466
0,0,0.20170505
0,0,0.26345044
0,0,0.10915659
1,1,0.53056204
0,0,0.3788988
0,1,0.5869718
0,0,0.32717755
1,1,0.8351859
0,1,0.71656615
0,1,0.56759876
0,0,0.25555027
0,0,0.3953499
0,0,0.2908941
0,1,0.5847567
0,0,0.1012841
0,1,0.5714796
0,0,0.30023628
0,0,0.1414576
0,0,0.48878294
0,0,0.42758033
0,1,0.58133787
0,0,0.4212171
0,0,0.42628932
0,0,0.49577606
0,1,0.62988496
0,0,0.43724662
0,0,0.2022883
0,0,0.3298403
0,0,0.48884752
0,0,0.3667562
0,0,0.35538787
0,0,0.3847472
0,0,0.38095945
0,1,0.51756704
0,1,0.52377325
0,0,0.35850823
0,0,0.3346873
0,0,0.27768657
0,1,0.5864514
0,0,0.43394983
0,1,0.64972323
1,1,0.8746753
0,1,0.59528553
0,0,0.271554
0,1,0.5642119
0,0,0.28507674
0,0,0.24674925
0,0,0.4352856
0,0,0.4853767
0,0,0.16152418
0,1,0.6079534
0,1,0.50637174
0,0,0.28366244
0,1,0.52674955
0,0,0.12861928
0,1,0.5469087
0,0,0.3424228
0,0,0.4135057
0,0,0.18995841
1,1,0.61872476
0,1,0.52314454
0,0,0.46519142
0,1,0.6100017
1,1,0.8750889
0,1,0.656434
0,0,0.21352153
0,0,0.28129107
0,0,0.2753767
0,0,0.18215606
0,1,0.6776602
0,1,0.61187416
0,0,0.20322442
1,1,0.764082
0,0,0.43494713
0,0,0.35043454
0,1,0.51977426
1,0,0.49687463
0,1,0.65010965
0,1,0.6367131
0,0,0.40967485
0,0,0.1977985
0,1,0.5291031
0,0,0.29754388
1,1,0.57417214
0,0,0.17307633
0,0,0.26346314
0,0,0.14628059
0,0,0.20669354
0,0,0.27258146
0,0,0.24320665
0,0,0.3217062
0,1,0.53575265
0,0,0.26230347
0,0,0.4957277
0,0,0.47776818
0,0,0.2566068
0,0,0.49115464
1,1,0.51809466
0,0,0.14604542
1,0,0.36481726
0,1,0.6812927
0,0,0.1997767
1,1,0.81135786
0,1,0.6595447
0,0,0.2752586
0,0,0.16291206
0,0,0.4054025
0,0,0.34740707
0,0,0.29262602
0,0,0.34208974
0,0,0.25545108
0,0,0.29383123
0,0,0.483375
0,0,0.2035855
0,0,0.11845143
0,0,0.26460865
0,0,0.20850164
0,0,0.3954347
0,0,0.11459571
0,0,0.21993676
0,0,0.17253092
0,0,0.38120353
0,0,0.2538375
0,0,0.3518493
1,1,0.6852586
0,1,0.76258796
0,0,0.234946
1,1,0.6514554
0,0,0.4136361
0,0,0.35459554
0,0,0.22588621
0,0,0.27313375
0,0,0.38325292
0,0,0.29867822
0,0,0.18878958
0,0,0.23670796
0,0,0.24535939
0,0,0.13661273
0,0,0.17297883
0,0,0.20042895
0,1,0.5740721
0,0,0.19712056
0,0,0.3496231
0,0,0.45555252
0,0,0.23472326
1,1,0.8180479
1,0,0.4461008
0,0,0.44033098
0,0,0.41729486
0,0,0.19026645
0,1,0.611742
0,0,0.43818873
0,0,0.3869587
0,0,0.44786996
0,0,0.35501385
0,0,0.2524173
0,0,0.30590382
0,0,0.29836214
0,0,0.33330765
0,0,0.38237408
0,0,0.20706457
0,0,0.33831978
0,0,0.21187563
0,0,0.38790533
0,0,0.1869531
1,1,0.5138694
0,0,0.2556769
0,0,0.21991049
0,0,0.047568373
1,0,0.4995199
0,1,0.83265114
0,0,0.18739086
0,0,0.2838389
0,0,0.38750356
0,0,0.18992265
0,1,0.7084585
0,0,0.3461509
0,0,0.41161177
0,1,0.67369163
0,0,0.40948874
0,0,0.30827022
0,1,0.6479288
0,0,0.4231855
0,1,0.5448603
0,0,0.39573228
0,0,0.22413665
1,1,0.8478555
0,1,0.77968097
0,0,0.25070354
0,1,0.6791642
0,0,0.16851898
0,0,0.40954816
0,0,0.2080978
1,1,0.79255855
1,0,0.41697574
0,0,0.4139058
0,0,0.44290724
0,0,0.30293873
0,1,0.5006668
0,0,0.4933697
0,1,0.5896837
0,0,0.13302292
0,0,0.0704704
0,0,0.45067477
0,1,0.838915
0,1,0.84446
0,0,0.14987399
0,0,0.43029246
0,1,0.82059306
0,1,0.6739887
0,1,0.57774407
0,0,0.07668495
0,1,0.93355334
0,1,0.77210194
0,0,0.23886995
0,1,0.5314983
0,0,0.39468938
0,0,0.39433613
0,1,0.79732525
0,0,0.19034423
0,1,0.7118418
0,0,0.090706445
0,0,0.07798172
0,0,0.21053486
0,0,0.1733519
0,0,0.3911509
0,0,0.3285294
0,0,0.28941888
0,0,0.1541716
0,1,0.50945926
0,0,0.3642726
0,0,0.44693035
0,1,0.544021
1,0,0.41099775
0,0,0.17176865
0,0,0.4442632
0,1,0.62241215
0,0,0.25977004
0,0,0.36197472
0,0,0.39228082
0,0,0.40719792
0,1,0.5526424
0,1,0.6874867
0,0,0.27490672
0,1,0.62470615
0,0,0.34663916
1,0,0.1472041
0,0,0.22487023
0,1,0.69830847
0,1,0.5068998
0,1,0.7355811
0,0,0.40991503
0,0,0.46238637
0,1,0.52142614
0,0,0.33999482
0,1,0.78415674
1,1,0.67661875
1,1,0.58652925
0,0,0.20709494
1,1,0.54542965
0,1,0.5789132
0,0,0.25524965
0,0,0.42248377
0,0,0.0774502
0,0,0.49033454
0,1,0.557915
0,0,0.23465
0,1,0.5944548
1,1,0.69745743
0,0,0.16198839
0,0,0.10532683
0,0,0.41268134
0,0,0.432076
0,0,0.23368634
0,0,0.49052298
0,1,0.5284575
0,1,0.56207097
0,0,0.29879075
0,0,0.3496627
0,1,0.57671475
0,0,0.30322763
0,0,0.14772545
0,0,0.27975652
0,1,0.80114526
0,0,0.33222145
0,0,0.3344238
0,0,0.25633892
0,1,0.6586971
0,0,0.23528957
1,1,0.6196473
1,1,0.70069295
0,0,0.25998077
0,0,0.26442918
0,0,0.46085286
0,0,0.31941956
0,0,0.34800005
0,0,0.19470723
0,0,0.17264643
0,0,0.08532139
0,1,0.6425304
0,0,0.1481545
0,1,0.6816601
0,1,0.6546579
0,0,0.32340485
0,0,0.45662582
0,1,0.65493715
0,0,0.45265177
0,0,0.2490937
0,0,0.104767784
0,1,0.5848322
0,0,0.38213015
0,0,0.13844246
0,0,0.16554533
0,0,0.38844398
0,0,0.45968002
0,0,0.48111612
0,1,0.51925844
0,0,0.245323
0,0,0.39350295
0,0,0.4550967
0,1,0.5332435
0,0,0.13007562
0,0,0.2782511
0,0,0.410868
1,0,0.2770032
0,0,0.2896507
0,0,0.37384415
0,1,0.57719517
0,0,0.26183933
0,0,0.29013935
0,0,0.4257088
0,0,0.31432655
0,0,0.22132045
0,0,0.32111028
0,0,0.18158035
0,1,0.5796595
0,0,0.18435453
0,1,0.62139446
0,0,0.43753073
0,1,0.563547
0,1,0.7108704
0,0,0.060087644
0,0,0.40900758
0,0,0.46706912
0,1,0.6479662
0,1,0.60103923
0,0,0.18594612
0,0,0.28851858
0,0,0.21045472
0,0,0.23233841
0,1,0.59569836
0,1,0.7087042
0,0,0.44483975
0,0,0.4486891
0,0,0.21724932
0,0,0.12269147
0,0,0.3481598
0,1,0.54519457
0,1,0.7679061
0,0,0.44476578
0,0,0.057672944
0,1,0.50068295
0,0,0.19245464
0,0,0.14620802
0,0,0.42370182
0,0,0.10379414
0,1,0.5363371
0,0,0.07658278
0,1,0.50487876
1,1,0.60923135
0,0,0.38835695
0,0,0.18182883
0,1,0.67558616
0,0,0.47010577
0,0,0.21045072
0,0,0.20241916
0,0,0.27126333
0,0,0.14091209
0,1,0.5469545
0,0,0.4752924
0,0,0.31988487
0,0,0.27056816
0,1,0.6662887
0,0,0.34468463
0,0,0.26831064
0,0,0.40550467
0,0,0.16965707
0,0,0.24234788
0,0,0.10035213
0,0,0.33929428
0,0,0.34075573
0,0,0.09722857
0,0,0.17981704
0,0,0.16732864
0,0,0.17463593
0,1,0.8233508
0,1,0.5582028
1,1,0.6672837
0,1,0.7448315
0,0,0.14020294
0,0,0.17398538
0,0,0.37490034
0,0,0.11978608
0,0,0.36870667
0,0,0.10354586
0,0,0.36072198
0,0,0.24083818
0,0,0.2262961
0,1,0.7954581
0,0,0.18215543
0,1,0.5580387
0,0,0.16354847
0,0,0.14955994
0,0,0.22101077
0,1,0.71023643
0,0,0.30845883
0,0,0.13781925
0,0,0.35762143
0,0,0.334169
0,0,0.18555407
0,0,0.487406
0,0,0.49657848
0,1,0.77519375
0,0,0.2904086
0,0,0.31854388
0,0,0.21719861
0,0,0.36780494
1,1,0.6879613
0,0,0.49823126
0,0,0.30027214
0,1,0.6208163
0,0,0.2696484
0,0,0.47808993
0,1,0.51574826
0,1,0.5965986
0,0,0.1603294
0,0,0.45028806
0,0,0.17101148
0,0,0.17874032
0,0,0.10123511
1,1,0.5536831
0,0,0.32102683
0,0,0.10539716
0,0,0.3177147
0,0,0.40025833
0,0,0.101036265
0,1,0.86213624
0,0,0.31292295
0,0,0.49176005
1,1,0.7829653
0,0,0.43206325
0,0,0.33691704
0,0,0.21575478
0,0,0.13465856
0,0,0.13118228
1,0,0.18260689
0,1,0.75411415
0,1,0.79961824
0,1,0.5005271
0,0,0.1965072
0,1,0.7255395
0,0,0.44644135
0,0,0.13108686
1,0,0.44716397
0,0,0.33493954
0,0,0.3061337
0,0,0.20136
0,0,0.32532108
1,1,0.75581884
0,0,0.38188744
0,0,0.28285554
0,1,0.7038388
0,0,0.18451871
0,0,0.26864517
0,0,0.16162297
0,1,0.5618796
0,1,0.52820057
0,0,0.20933188
0,1,0.55195457
0,0,0.30221343
0,0,0.19856085
0,0,0.48730293
0,1,0.53490597
0,0,0.20783928
0,0,0.1241933
0,0,0.36038622
0,0,0.16416208
0,0,0.073316745
0,0,0.36044097
0,0,0.21450676
0,1,0.62380624
0,0,0.49195528
0,1,0.5239001
0,0,0.03145192
0,1,0.6397145
0,0,0.10374816
0,1,0.5238144
0,0,0.29219216
0,0,0.44297996
0,0,0.31420174
1,1,0.62953436
0,0,0.37727305
0,0,0.18263292
0,0,0.16442195
0,0,0.21280755
0,0,0.38395742
0,0,0.34465253
0,0,0.4314876
0,0,0.20164536
0,1,0.5600958
0,0,0.284712
0,0,0.3684092
0,0,0.38671786
0,0,0.20134771
0,1,0.6599374
0,0,0.43183354
0,0,0.4888137
1,1,0.5523435
0,0,0.39731106
0,0,0.022939216
1,0,0.41107625
0,0,0.14802635
0,1,0.8025735
0,1,0.5160464
0,0,0.21349898
0,0,0.10593803
0,0,0.37899467
0,0,0.16169626
0,0,0.14002408
0,0,0.35124314
0,0,0.1787342
0,0,0.43274814
0,0,0.41546068
0,0,0.21169823
0,0,0.15169284
0,1,0.50442386
0,1,0.5983024
0,0,0.177804
0,0,0.47381905
0,0,0.42160276
0,1,0.7848797
0,0,0.38045174
1,0,0.1503769
0,0,0.11943152
0,0,0.42108223
0,0,0.19147582
0,0,0.1363823
0,0,0.12043381
1,1,0.74601173
0,0,0.28892562
0,0,0.3270393
0,0,0.15448527
0,0,0.25963745
0,1,0.5179634
0,0,0.23924339
0,0,0.47975367
0,0,0.28895533
0,1,0.8119115
0,1,0.7328265
0,0,0.45106223
0,0,0.17508556
0,0,0.3143208
0,0,0.41437215
0,0,0.07972908
0,1,0.5825022
0,0,0.03321004
0,0,0.1266515
0,0,0.30208495
0,0,0.24472548
0,0,0.32140353
0,1,0.75500685
0,1,0.77610594
0,1,0.76697266
0,0,0.37316316
0,1,0.6504009
1,1,0.7296603
0,0,0.18734938
0,0,0.12366689
0,0,0.1279826
0,0,0.28088728
0,0,0.1261061
0,0,0.15404822
0,0,0.35332355
0,1,0.82800204
0,1,0.56649727
0,1,0.6300163
1,0,0.16348863
0,0,0.42493457
0,0,0.23078027
0,0,0.14232287
0,0,0.24329971
1,1,0.8148257
1,1,0.57235366
0,0,0.25879183
0,0,0.12477774
0,1,0.5634656
0,1,0.7219779
0,0,0.10743843
0,0,0.48153824
0,0,0.19392782
0,1,0.68103004
0,0,0.42907703
1,1,0.89167213
0,1,0.66797805
0,0,0.40167746
0,0,0.47295094
0,0,0.10582892
0,0,0.4755491
0,0,0.4607532
0,0,0.14629091
0,0,0.12993439
0,0,0.22918336
0,1,0.6010356
1,1,0.63868004
0,1,0.50533706
0,0,0.3923432
0,0,0.19742878
0,1,0.6091012
0,1,0.7565953
0,1,0.7504876
0,0,0.4382193
0,1,0.5711969
0,0,0.07355586
1,1,0.5444807
0,0,0.24785523
0,0,0.13691013
0,0,0.21406125
1,1,0.5449101
0,0,0.18663304
0,0,0.43842545
0,0,0.30548933
0,0,0.28504625
0,0,0.12632523
0,0,0.19518088
0,1,0.6065818
0,0,0.40175462
0,0,0.25427508
1,1,0.66474605
0,0,0.20271203
0,0,0.3562319
0,0,0.28734726
0,0,0.19285141
0,0,0.41030052
0,1,0.5369977
0,0,0.19392397
0,0,0.2266839
0,0,0.3535818
0,0,0.48896745
0,0,0.2805001
0,0,0.22594982
0,0,0.2364465
0,0,0.41886067
1,0,0.17703773
0,0,0.2247519
0,0,0.13005152
1,1,0.8908834
0,0,0.23371758
0,0,0.36273417
0,0,0.4698959
0,1,0.5735149
0,0,0.33374164
0,1,0.741765
0,1,0.7416916
0,1,0.7137835
0,0,0.11462821
0,0,0.29700714
0,0,0.16079448
0,0,0.1475329
0,0,0.3356694
1,1,0.715723
0,0,0.05631741
0,1,0.54672915
0,0,0.122080356
0,0,0.30100223
0,0,0.27621397
0,0,0.4263302
0,1,0.77488536
0,0,0.31242839
1,0,0.4994517
0,1,0.7040437
0,1,0.5787145
0,0,0.19113669
0,0,0.060114555
0,1,0.8403418
0,1,0.5708764
1,1,0.84809554
0,0,0.41203645
0,1,0.5777956
0,0,0.05612877
0,0,0.08063503
0,1,0.53498423
0,0,0.44529793
0,0,0.39103544
0,0,0.4266861
0,0,0.45466504
0,0,0.14679313
0,1,0.8098075
0,1,0.69142765
0,0,0.19195724
0,0,0.30109793
0,0,0.09570806
0,0,0.28357074
0,0,0.32725114
0,0,0.29787734
0,0,0.4702067
0,0,0.4413013
0,1,0.6941086
0,0,0.32625678
0,0,0.16449162
0,0,0.4544091
0,1,0.6532108
0,0,0.19382505
0,1,0.752591
0,0,0.44779718
0,0,0.26562464
0,0,0.21592993
0,0,0.40819055
0,0,0.26507467
0,0,0.15061522
0,0,0.32442316
0,0,0.41593662
0,0,0.4891991
0,0,0.18024206
0,1,0.74216765
0,0,0.31525314
0,0,0.16244365
0,0,0.27541715
0,1,0.60951316
0,0,0.094830304
1,1,0.77609825
0,1,0.5339221
0,0,0.26159027
1,0,0.4140254
0,1,0.6005381
0,0,0.23884432
0,0,0.33713558
0,1,0.6649123
0,1,0.7476426
0,0,0.26118284
0,0,0.39207882
0,1,0.63498235
0,1,0.6537947
0,0,0.19353837
0,1,0.7401274
0,1,0.58391726
0,0,0.3298418
0,0,0.19158609
0,0,0.46669772
1,1,0.805437
1,0,0.46977484
0,0,0.45861933
0,0,0.48715872
0,0,0.43444052
0,1,0.59282756
0,0,0.10302143
0,0,0.1889399
0,0,0.17677651
0,1,0.51097023
0,0,0.1946399
0,0,0.41189352
0,1,0.7210751
0,0,0.13620113
0,0,0.17834726
0,1,0.80108845
0,0,0.19406548
0,0,0.3037188
1,1,0.74137855
0,0,0.35626647
0,1,0.55975366
0,0,0.23132934
0,0,0.32246155
0,0,0.3770547
0,0,0.11266795
0,1,0.64690435
0,0,0.12015102
1,1,0.84217304
0,0,0.21952718
0,1,0.5565952
0,1,0.79620373
0,0,0.3142851
0,0,0.22074378
0,0,0.1702323
0,0,0.24793245
0,0,0.18447997
0,0,0.31454703
0,1,0.622576
0,0,0.2149486
0,0,0.3249042
0,0,0.26540923
0,0,0.18091708
0,1,0.56687075
1,0,0.3721026
0,1,0.7256411
0,0,0.40850335
0,1,0.67525697
0,1,0.749437
0,1,0.6599458
1,0,0.13171475
0,0,0.35155728
0,1,0.64135265
0,1,0.7395844
0,1,0.727078
0,0,0.17451844
1,0,0.45462424
0,0,0.139859
0,1,0.6702547
0,1,0.5076576
0,0,0.20390847
0,1,0.745645
1,1,0.70272756
0,0,0.3668702
0,1,0.6314009
0,1,0.56808037
0,0,0.47021842
0,0,0.42197126
0,0,0.22622003
0,0,0.35701984
0,0,0.39183342
0,0,0.1524609
0,1,0.76950413
0,0,0.3522536
0,0,0.106783204
0,1,0.54514426
0,1,0.8206334
0,1,0.88819075
0,0,0.052474853
1,1,0.8421991
0,1,0.5829011
0,1,0.7427578
0,0,0.48999816
0,0,0.44164887
1,1,0.7850102
0,1,0.7237632
0,1,0.7345386
0,0,0.08077545
0,1,0.90703243
0,0,0.38420257
0,0,0.48047957
0,0,0.17887373
0,0,0.20610514
0,0,0.12518091
0,0,0.36198896
0,1,0.5015527
0,0,0.13704729
0,1,0.52357703
0,0,0.17531674
0,1,0.5335579
1,0,0.42033875
0,1,0.65514725
0,1,0.84548706
0,0,0.15203407
0,0,0.3992971
0,0,0.19529597
0,1,0.6991928
0,0,0.17687462
0,0,0.17752837
0,1,0.56562316
0,1,0.8405929
0,1,0.779435
0,1,0.73971087
1,0,0.28030637
0,0,0.11999466
0,1,0.5286848
0,1,0.689084
1,1,0.683258
1,1,0.5712902
0,0,0.4207654
0,0,0.20386772
0,0,0.1072244
1,1,0.7165762
0,0,0.2520583
1,0,0.14915238
0,0,0.38853252
0,1,0.55142045
0,1,0.69074404
1,1,0.68454933
0,0,0.11412789
0,1,0.7444918
1,0,0.33084866
0,0,0.065455146
1,1,0.6705782
0,0,0.20132332
0,0,0.38009414
0,1,0.6601199
0,1,0.708481
0,0,0.24667628
0,0,0.41669828
0,0,0.21679963
0,1,0.6570047
0,0,0.31755942
1,1,0.8481059
0,0,0.14851888
0,0,0.32560018
0,0,0.21094875
0,0,0.35151255
0,0,0.21296047
0,0,0.23266613
0,0,0.38898876
0,1,0.64297944
0,0,0.262099
0,0,0.18863988
0,0,0.45798245
0,0,0.2737
0,0,0.14696221
0,0,0.034127302
0,0,0.08133706
0,1,0.6098583
1,0,0.1896023
0,0,0.46677965
0,0,0.19018683
0,1,0.64287615
0,0,0.16125421
1,1,0.57873046
0,0,0.23887233
0,0,0.4242898
0,0,0.49838778
0,1,0.5967964
0,0,0.36632705
0,1,0.6734751
0,1,0.53779507
0,0,0.34340948
0,0,0.14454892
0,1,0.61700326
0,0,0.37247124
0,1,0.6237366
0,1,0.5651588
0,1,0.5840245
0,0,0.28752434
0,0,0.2079596
0,0,0.34506944
0,0,0.23813789
0,1,0.5355172
0,0,0.2571429
0,0,0.39543733
0,1,0.5921902
0,1,0.56754875
0,0,0.3739394
0,0,0.10219543
0,0,0.26764083
0,1,0.62409854
0,0,0.2843846
0,0,0.46133685
0,0,0.37505826
0,0,0.29029298
0,0,0.3025935
0,0,0.1133642
0,1,0.52956754
0,0,0.1337964
0,0,0.48505992
0,0,0.30526233
0,0,0.05502203
0,1,0.55783314
0,0,0.3049594
0,0,0.48956865
0,0,0.13254872
0,0,0.41086566
0,0,0.08984617
0,0,0.26810116
1,1,0.8681649
0,0,0.10231038
0,0,0.43001232
1,0,0.47532415
0,0,0.2550059
0,0,0.4111941
0,0,0.21000294
0,0,0.42638838
0,0,0.30341026
0,0,0.10694113
0,0,0.4220905
0,0,0.2639955
0,0,0.15900272
0,0,0.1146244
0,0,0.04265961
0,0,0.14236471
0,1,0.7171625
0,1,0.5761146
0,0,0.36919996
0,1,0.797769
0,0,0.31324616
0,0,0.22987753
0,1,0.51555973
0,0,0.10905823
1,1,0.5464351
0,0,0.16757055
0,1,0.62988025
0,0,0.18640517
0,1,0.69421756
0,1,0.782495
0,0,0.22280145
0,0,0.38378707
0,0,0.26366043
0,1,0.50598454
0,0,0.1362814
1,1,0.71512234
0,0,0.3484548
0,0,0.2235777
0,0,0.31745818
0,1,0.5472137
0,0,0.4423411
0,0,0.22887836
0,0,0.22135934
0,0,0.22312996
0,0,0.17882279
0,1,0.60736614
0,0,0.36819524
0,0,0.4177448
0,0,0.054876097
0,0,0.4382782
0,0,0.22328898
0,0,0.20949917
0,1,0.58054143
0,1,0.53427124
0,0,0.41750103
0,1,0.5696247
0,1,0.783353
0,1,0.81050354
0,1,0.6814096
0,0,0.16427502
0,0,0.23193657
0,0,0.12489247
0,0,0.16008507
0,1,0.71344274
1,0,0.40149608
0,0,0.3168438
0,0,0.2783619
0,1,0.55598503
0,1,0.6021549
0,1,0.56320953
0,0,0.42670494
0,0,0.33564657
0,0,0.2236842
0,0,0.41563907
1,1,0.7978911
0,1,0.5620975
0,0,0.42805642
0,1,0.6585553
0,0,0.07684389
0,0,0.19830328
0,0,0.08442493
0,1,0.5848807
0,0,0.22904454
1,0,0.05248606
0,0,0.26416138
0,0,0.42304507
0,0,0.1946733
0,1,0.63266337
0,1,0.654278
0,1,0.60193527
0,0,0.40986577
0,0,0.058921747
0,0,0.41063622
0,0,0.37295735
0,0,0.47310522
0,1,0.62451744
1,1,0.61304146
0,1,0.8252444
1,1,0.7246902
0,0,0.27620882
0,0,0.26212004
1,1,0.65197414
0,0,0.1526075
0,0,0.2916107
0,0,0.35807252
0,0,0.38097277
0,0,0.49950078
0,1,0.6797902
0,0,0.261018
0,1,0.5950887
1,1,0.70392853
0,1,0.59244186
0,1,0.5661474
0,0,0.43357533
0,1,0.87031406
0,0,0.36445606
0,0,0.16036932
0,0,0.32722345
0,0,0.31272167
0,0,0.1513225
0,0,0.16419435
0,1,0.6594441
0,0,0.4237564
0,0,0.27826104
0,0,0.24351391
0,0,0.39194056
0,1,0.7379372
0,0,0.46961647
0,0,0.15606304
0,0,0.40569645
0,0,0.26256523
0,0,0.27227536
0,0,0.46184978
0,0,0.3343571
1,1,0.6144098
0,0,0.23723927
0,1,0.5117242
0,0,0.35985065
0,1,0.8114223
1,0,0.30011922
0,0,0.07231799
0,1,0.6959056
0,0,0.12967652
0,1,0.8701855
0,0,0.45322856
0,1,0.67516553
0,1,0.6566084
0,1,0.66274244
0,0,0.16765086
0,0,0.37029186
0,0,0.4143389
0,0,0.48195273
0,1,0.65450096
0,0,0.38072762
0,0,0.38600108
0,0,0.104531564
0,0,0.45528758
0,0,0.3941535
0,0,0.32673302
0,1,0.58202857
0,1,0.61100364
0,0,0.21222119
0,0,0.3297155
0,0,0.4013589
0,0,0.33448824
0,0,0.35905606
0,0,0.14956631
0,0,0.40964574
0,0,0.42535397
0,0,0.07466727
0,1,0.76007205
0,0,0.14983784
0,0,0.4311578
1,1,0.5158379
1,1,0.8285708
0,0,0.33915046
0,0,0.44882488
0,0,0.3226054
0,1,0.74256736
0,0,0.23384538
0,0,0.08358861
0,0,0.049014628
0,0,0.14655513
0,0,0.4132398
0,0,0.3411734
1,1,0.5689824
0,0,0.16061227
0,0,0.11766396
0,1,0.8541045
0,1,0.6060545
0,1,0.714921
0,0,0.35833463
0,1,0.58702195
0,0,0.4093823
0,0,0.12706153
0,0,0.16966376
0,0,0.3127089
0,1,0.57458675
0,0,0.37924218
0,1,0.5683309
0,0,0.21971473
0,1,0.7740358
0,1,0.6541263
0,0,0.22442755
1,0,0.38576144
0,0,0.31939614
0,0,0.09579608
1,1,0.6280896
0,1,0.54841876
0,1,0.76941854
0,0,0.29423591
0,1,0.56515276
0,0,0.06191862
0,1,0.71140045
0,0,0.19552511
0,0,0.27833077
0,0,0.24096404
0,1,0.6820675
0,0,0.1581716
0,0,0.4704863
0,0,0.37519673
0,1,0.63189214
0,1,0.7573959
0,0,0.14455493
0,1,0.81675553
0,0,0.3654238
0,0,0.035457477
0,0,0.1487062
0,0,0.14593185
0,0,0.42117032
0,0,0.47559834
0,1,0.59227216
0,0,0.3902427
0,1,0.6751903
0,0,0.34171063
0,0,0.10278514
0,0,0.33677816
0,0,0.17395468
0,1,0.53793323
0,0,0.2478978
0,0,0.039537866
0,1,0.6051515
0,0,0.39684102
0,0,0.116723165
0,1,0.5738002
0,0,0.28683043
0,1,0.79803675
0,0,0.2791094
0,0,0.27943665
0,0,0.47938168
0,1,0.65850395
0,1,0.5314743
0,0,0.40355325
0,1,0.5174469
1,0,0.35086843
0,0,0.38823766
1,1,0.6879341
0,0,0.2475379
0,0,0.34322622
0,0,0.38083395
0,0,0.43856072
1,1,0.76713055
0,0,0.20193645
0,0,0.48096082
0,1,0.87081265
0,0,0.4592084
0,1,0.504399
0,0,0.102562554
0,0,0.26784018
0,0,0.24621125
0,1,0.5569377
0,0,0.3397155
0,0,0.107367374
0,0,0.118022874
0,0,0.27395093
0,0,0.45640564
0,0,0.18302928
1,1,0.6084975
1,0,0.35969955
0,0,0.091659755
1,0,0.28073713
0,1,0.52897185
0,0,0.14257643
0,0,0.19039679
0,0,0.19412683
0,1,0.50474364
0,1,0.5241588
0,1,0.6699447
0,0,0.36818582
0,0,0.22541735
0,0,0.21016972
0,1,0.8244235
0,0,0.105819784
0,0,0.33469757
0,0,0.3110008
0,1,0.81449264
0,1,0.56967777
0,0,0.26149157
0,1,0.52998906
0,1,0.7733485
0,0,0.43683618
1,0,0.23138537
0,1,0.79650944
0,1,0.52335024
0,0,0.104997
0,0,0.14328495
0,0,0.43099654
0,0,0.47435406
0,0,0.46896145
0,1,0.6785315
0,0,0.30177745
0,0,0.46769494
0,1,0.7467974
0,0,0.14121887
1,0,0.49820617
0,0,0.14074366
0,0,0.18191947
1,1,0.7204192
0,0,0.15244475
0,0,0.29587197
0,0,0.3929312
0,0,0.47049433
0,0,0.47272477
0,0,0.19592428
0,1,0.795193
0,0,0.08382086
0,1,0.67655474
0,0,0.25397158
0,1,0.77892625
0,0,0.13160892
0,0,0.48671043
0,0,0.34837368
0,0,0.13688621
1,1,0.7554401
0,0,0.28491557
0,1,0.54051787
0,1,0.5303625
0,1,0.6794596
0,0,0.38930684
0,0,0.34486148
0,0,0.21704347
0,0,0.25149354
0,0,0.23145355
0,0,0.17667472
0,1,0.64370537
0,0,0.47760323
0,1,0.5314838
0,0,0.27584568
0,0,0.20147653
0,0,0.29459694
0,0,0.3767757
0,0,0.13494575
0,0,0.42011452
0,0,0.20952286
0,1,0.52062637
0,0,0.3054745
1,1,0.7466905
0,0,0.22409517
0,0,0.42682713
0,1,0.6950402
0,1,0.6202876
0,1,0.5074784
0,0,0.4911944
0,0,0.14474067
0,1,0.5568082
0,0,0.22292541
0,0,0.3045288
0,0,0.34451896
0,0,0.08770931
0,0,0.41095752
0,0,0.09546614
0,0,0.10836664
0,1,0.6185101
0,0,0.30276158
0,1,0.8165707
0,0,0.17558244
0,0,0.35491234
0,0,0.09300486
0,1,0.6491948
0,0,0.30782178
0,0,0.40163833
1,1,0.7768156
0,0,0.22507678
0,0,0.20219961
0,1,0.6954627
0,0,0.21253714
0,1,0.70627326
0,0,0.30311123
0,0,0.48965752
0,0,0.23919362
0,1,0.68256754
0,0,0.17139247
0,0,0.17985882
0,0,0.28872555
0,0,0.43570068
0,1,0.58675843
0,0,0.27237853
0,1,0.8778326
0,0,0.28739583
0,0,0.34205386
0,0,0.46527657
0,0,0.2933292
0,0,0.35402685
0,0,0.42596388
0,1,0.60108125
0,1,0.5993093
0,0,0.23848836
0,0,0.0914002
1,1,0.73038316
0,0,0.20763059
0,1,0.5324732
0,0,0.22781749
0,0,0.2232319
1,0,0.1904098
0,0,0.27451953
0,0,0.21163926
0,0,0.45065284
0,0,0.1466314
0,0,0.16791652
0,0,0.1694525
0,0,0.4834674
0,0,0.35978657
0,0,0.2666522
0,1,0.8703602
0,0,0.23708348
0,1,0.86481076
0,0,0.27667797
0,1,0.608715
0,0,0.41628388
0,0,0.22783925
0,0,0.4673575
0,0,0.38167676
0,1,0.5086352
0,0,0.0654203
0,0,0.37621084
1,0,0.40609813
0,0,0.39360628
0,1,0.73028225
1,1,0.5240498
0,1,0.71738744
1,1,0.5797469
0,0,0.30914736
0,0,0.08759513
0,0,0.14229104
0,0,0.26994655
0,1,0.6167898
1,1,0.50553477
0,1,0.58472633
0,0,0.30957156
0,0,0.49011222
0,0,0.28753948
1,0,0.44680944
0,0,0.2301209
0,0,0.12707795
0,0,0.4167165
0,0,0.15776722
0,1,0.60887915
0,0,0.092330955
0,0,0.42579678
0,0,0.4624191
0,0,0.13140322
0,0,0.2717848
0,0,0.23988885
0,1,0.67771786
0,0,0.23349036
0,1,0.7392728
0,1,0.63394654
0,0,0.19189122
0,0,0.3123052
0,0,0.2669072
0,0,0.18844503
0,0,0.35245943
0,0,0.48774529
0,0,0.27132112
0,0,0.2887126
0,1,0.74376535
0,0,0.119438276
0,0,0.3666169
1,1,0.7472344
0,0,0.098475605
1,1,0.83334523
1,0,0.32245713
0,0,0.4266571
0,0,0.3898911
0,0,0.3083468
0,1,0.5916608
0,0,0.18335791
0,0,0.082534604
0,0,0.21392341
0,0,0.41351685
0,0,0.27183583
0,0,0.49875748
1,1,0.64259887
1,1,0.5279413
0,0,0.09091922
0,0,0.21447869
0,0,0.23724392
0,0,0.1492745
1,1,0.6313178
0,1,0.6335203
0,0,0.38730535
0,0,0.25060046
0,0,0.13119161
0,0,0.4768631
0,0,0.3725272
0,0,0.11648569
0,0,0.45383343
0,0,0.19380783
0,0,0.2142809
0,0,0.36478248
0,0,0.42864498
0,0,0.41690025
0,0,0.1556763
0,1,0.90871334
0,0,0.22401042
0,1,0.78498363
0,0,0.43855673
0,0,0.47814423
0,1,0.58538944
0,0,0.3786762
0,0,0.29426527
0,0,0.31980807
0,0,0.22269872
0,0,0.23598057
0,0,0.43855134
0,0,0.23712495
0,0,0.26546758
0,0,0.16754365
0,0,0.24026896
0,0,0.31215638
0,1,0.68633395
0,0,0.35689783
0,1,0.6905978
0,1,0.5718451
0,0,0.344382
0,1,0.5173973
0,0,0.21676472
0,0,0.2354724
0,1,0.60458773
0,1,0.5576981
1,1,0.6562137
0,0,0.07349441
1,1,0.67086273
0,1,0.5813627
1,1,0.74836844
0,0,0.19022621
1,0,0.29150054
1,1,0.75258815
0,0,0.26398748
0,1,0.68463856
0,0,0.20176297
0,0,0.3442309
1,1,0.74877393
0,1,0.7377058
0,0,0.19986492
0,1,0.6240005
1,1,0.62034595
0,0,0.06999521
0,0,0.31352752
0,0,0.3188601
0,0,0.16562253
0,0,0.4776363
0,0,0.13967179
0,0,0.33157685
0,0,0.29652044
0,1,0.76074594
0,1,0.6883094
0,0,0.34098154
0,1,0.68011326
0,0,0.28695875
0,1,0.6027799
0,0,0.32750562
0,0,0.21122184
0,0,0.2199859
0,1,0.659586
0,0,0.34650707
1,1,0.648124
0,0,0.3676188
0,1,0.72958374
0,0,0.38318372
0,0,0.1903807
0,0,0.438835
0,0,0.1890581
0,0,0.1375485
0,0,0.25471184
1,1,0.68021417
0,0,0.2794825
0,0,0.075797014
0,0,0.27344996
0,0,0.20359963
0,0,0.3632216
0,0,0.4911448
0,0,0.19914405
0,1,0.5161137
0,0,0.2708535
0,0,0.20329696
0,1,0.7294627
0,1,0.57331353
0,0,0.36225173
0,0,0.38493437
0,0,0.23028071
0,0,0.47490156
0,0,0.4475448
0,1,0.554079
1,0,0.2402618
1,0,0.343759
0,1,0.5288057
0,0,0.38214698
0,0,0.13556659
0,0,0.29673564
0,0,0.10836013
0,1,0.5872545
0,0,0.3952273
1,0,0.36465383
0,0,0.11967177
0,0,0.3524662
0,1,0.700454
0,0,0.14242537
0,1,0.6246176
0,0,0.22686772
0,0,0.44750342
0,0,0.23715107
0,1,0.5338848
0,0,0.20957112
0,0,0.13779876
0,0,0.36758715
0,0,0.2525149
0,1,0.5255056
0,0,0.34167382
0,0,0.21277383
0,0,0.099127896
0,1,0.55301034
0,1,0.65474236
0,1,0.6623969
0,0,0.26708624
0,0,0.23768812
0,1,0.61416173
0,1,0.5836342
1,1,0.77138805
0,0,0.49006784
0,0,0.24622494
0,1,0.6317142
0,0,0.19271672
1,1,0.8636512
0,0,0.21376123
0,0,0.17524272
1,1,0.66977274
0,0,0.27085453
0,1,0.5152385
0,0,0.20373943
0,0,0.13594812
0,1,0.57260543
0,0,0.46926624
0,0,0.42467695
0,0,0.22619797
0,1,0.50449675
0,0,0.42188644
1,1,0.64229524
1,0,0.34546503
0,0,0.3668314
0,0,0.28895903
0,0,0.27068868
0,0,0.42461416
0,0,0.46790507
0,0,0.10337064
0,0,0.3563088
0,0,0.4855935
0,0,0.3846931
0,1,0.79370254
0,0,0.48699304
0,0,0.2282595
0,0,0.22995156
0,0,0.37012312
0,1,0.83144456
0,0,0.45168334
0,0,0.43702868
1,0,0.2552927
0,0,0.30815566
1,1,0.84498996
0,0,0.1969887
0,1,0.5043692
0,1,0.6987707
0,1,0.80764455
0,0,0.16089848
0,1,0.90917206
0,0,0.34957945
0,1,0.5582682
0,0,0.10072547
0,0,0.44393876
0,0,0.1604497
0,0,0.33100703
0,1,0.6963031
0,0,0.49957812
1,0,0.42858288
0,0,0.22933038
0,0,0.13543557
0,1,0.59485716
0,0,0.26755953
0,1,0.53518355
0,0,0.06026548
0,0,0.34668308
0,0,0.35271803
0,0,0.3169422
0,0,0.3348936
0,0,0.16696237
0,0,0.36161092
0,1,0.7004809
0,0,0.4698781
0,0,0.054093923
0,0,0.41519257
0,0,0.11520461
0,0,0.08902678
0,1,0.7552077
0,1,0.53620774
0,1,0.6199129
0,0,0.23214056
0,0,0.4991008
0,0,0.16128208
0,0,0.48780087
0,0,0.26688933
1,1,0.7899321
0,0,0.4431914
0,1,0.72064775
0,0,0.094279
0,0,0.23750935
0,0,0.27606213
0,0,0.25014478
0,0,0.272581
0,0,0.20925279
0,0,0.18791118
0,0,0.03674303
1,1,0.8445803
0,0,0.35883772
1,1,0.6477934
1,0,0.16855949
0,1,0.5681371
0,1,0.5612642
0,1,0.5123625
0,0,0.24660233
0,0,0.49552658
0,1,0.5199522
0,0,0.40612093
0,1,0.5971982
0,0,0.33844995
0,1,0.5008403
0,1,0.5909082
0,0,0.20963688
0,0,0.28826857
0,1,0.77374345
0,1,0.50973934
0,0,0.14318438
0,0,0.2577458
0,0,0.24195531
0,0,0.4970667
0,0,0.4347273
0,0,0.2893807
0,0,0.2445677
0,0,0.21582697
0,1,0.50999725
0,0,0.22423251
0,1,0.53459656
1,1,0.6827559
0,1,0.7826717
1,0,0.35573208
0,0,0.214578
0,0,0.4861277
1,0,0.33338585
0,0,0.30402097
1,1,0.71649534
0,0,0.32182223
0,1,0.6089403
0,0,0.21429476
0,0,0.36096206
0,0,0.17639072
0,1,0.64891016
0,1,0.8284611
0,1,0.72770107
0,0,0.3323351
0,0,0.33824837
0,0,0.33440727
0,1,0.6649636
0,0,0.10663498
0,0,0.3345354
0,0,0.25483274
0,0,0.38510764
0,1,0.716514
0,0,0.2676344
0,0,0.17961173
0,0,0.3989325
0,0,0.1691596
0,0,0.075963564
0,0,0.40593353
0,0,0.24644172
0,0,0.32698488
0,0,0.0812524
0,0,0.20668867
0,0,0.38304517
0,0,0.3459637
0,0,0.42369995
0,0,0.10324275
0,0,0.4748471
0,1,0.6380224
0,0,0.3853733
0,1,0.64740026
0,1,0.6684549
0,0,0.49773616
0,0,0.17852257
0,0,0.111669555
0,1,0.5366816
0,0,0.16768153
0,0,0.1875244
0,0,0.2819941
0,0,0.1458718
0,0,0.22542977
0,0,0.12823153
0,0,0.094567776
0,0,0.46891427
0,1,0.6204923
1,0,0.44121522
0,0,0.4862504
0,0,0.2688391
0,0,0.14741682
0,0,0.21390797
0,0,0.44113958
0,0,0.105530374
0,0,0.3673685
0,0,0.105086654
0,1,0.62099206
0,1,0.58534807
0,0,0.12858105
0,1,0.6030118
0,1,0.9061902
0,1,0.6386099
0,0,0.24918838
0,0,0.051513847
0,0,0.13070256
0,0,0.34679204
0,1,0.76191735
0,0,0.29633087
0,0,0.4172634
0,0,0.13892345
1,0,0.23848398
0,1,0.54045993
0,0,0.23399447
0,0,0.3666445
0,0,0.065836236
0,0,0.18884091
0,0,0.40809137
0,1,0.6601711
0,0,0.14650878
0,0,0.2606624
0,0,0.30835712
0,0,0.20850751
0,1,0.5773865
1,0,0.43022862
0,1,0.511198
0,1,0.90816134
0,0,0.15569177
0,0,0.29467273
0,1,0.60782146
0,0,0.28031453
0,0,0.18250431
0,1,0.5465055
0,0,0.12678504
1,1,0.6530757
0,0,0.12428325
0,1,0.61790615
0,0,0.3129846
0,0,0.16394609
0,0,0.09392955
0,0,0.29469287
0,0,0.22561334
0,0,0.31216893
0,1,0.67686945
0,0,0.29001123
0,0,0.1457715
0,0,0.1907319
0,0,0.053907808
0,0,0.29154968
1,1,0.84113365
0,1,0.8192776
0,1,0.56654996
0,1,0.5520697
0,0,0.47337782
0,0,0.46056497
0,1,0.7190958
0,1,0.6344809
0,0,0.19656315
0,1,0.5929679
0,0,0.4822021
0,0,0.11652015
0,0,0.29880315
0,1,0.7710442
0,1,0.6478287
0,0,0.2975359
0,1,0.60672194
0,0,0.34739912
0,0,0.20993651
0,1,0.53923625
0,1,0.5171955
0,0,0.0774447
0,0,0.35610637
0,0,0.4409283
0,0,0.13705084
0,0,0.12972681
0,0,0.3042377
1,0,0.45151043
0,0,0.18733853
0,0,0.4605354
0,0,0.4343991
0,1,0.5262002
1,1,0.5056584
0,1,0.56660855
0,0,0.23636556
0,0,0.25915068
0,0,0.2092733
0,0,0.26187578
0,0,0.38658994
0,0,0.06662769
0,0,0.16252923
0,1,0.6603041
0,0,0.3613474
0,0,0.15727358
0,0,0.39490387
0,0,0.29850864
0,0,0.16647714
0,0,0.46397343
0,1,0.5689944
0,0,0.28267112
0,0,0.47311366
0,0,0.21231553
0,0,0.45452324
0,1,0.65456796
0,1,0.54661924
0,1,0.666943
0,0,0.28925294
0,0,0.48007336
0,1,0.58784163
0,0,0.12914343
0,1,0.6209412
0,0,0.23951033
0,0,0.12548533
1,1,0.65462977
0,0,0.28229907
1,0,0.48189586
0,0,0.063702546
1,1,0.75057113
0,0,0.4536394
0,0,0.2783264
0,0,0.274706
0,1,0.6087673
0,0,0.41458407
1,1,0.57429904
0,0,0.127695
0,0,0.22452058
0,0,0.40169132
0,0,0.4778727
0,0,0.22358093
0,0,0.3673458
0,0,0.15928553
0,0,0.39518866
1,1,0.5746894
0,0,0.46162537
1,1,0.88171786
0,1,0.58573306
0,0,0.1465973
0,1,0.5804302
0,0,0.26398388
1,1,0.7101406
0,0,0.407595
0,0,0.38774505
0,1,0.5052117
0,0,0.25097343
0,0,0.14938793
0,0,0.1837693
0,0,0.37047088
0,0,0.085149065
0,0,0.49055913
0,0,0.24547131
0,0,0.2849965
0,0,0.12351053
0,1,0.6103915
0,1,0.587789
0,1,0.7008718
1,1,0.5664309
0,0,0.37754938
0,0,0.1940758
0,0,0.37360737
0,0,0.31550783
0,0,0.36277825
0,0,0.37166306
0,1,0.5513661
0,1,0.62650406
0,0,0.13776521
0,0,0.44808957
0,0,0.48598847
1,1,0.56652504
0,0,0.19864114
0,0,0.48575968
0,1,0.66413444
0,0,0.26632914
0,1,0.52187216
1,1,0.6168973
0,0,0.27675915
0,0,0.21301393
0,1,0.59062266
1,1,0.51747483
0,0,0.3168813
0,1,0.5935108
0,0,0.17530131
0,0,0.23344815
0,1,0.581717
0,0,0.17931212
0,0,0.34708804
0,0,0.38952935
0,0,0.37355462
1,1,0.81788975
0,0,0.30821294
0,1,0.68137354
0,0,0.36465004
0,0,0.24273045
0,0,0.40783888
0,0,0.20408842
0,0,0.43273872
0,0,0.38402393
0,1,0.6103156
0,0,0.3304282
0,1,0.6839189
0,0,0.22210854
0,1,0.6112418
0,0,0.19520575
0,1,0.50306875
0,0,0.4353446
0,0,0.49935353
0,1,0.5724073
0,0,0.4525211
0,0,0.3186506
1,0,0.4619234
0,0,0.2553528
1,1,0.8065818
0,1,0.51936334
0,1,0.5617335
0,1,0.6224248
0,0,0.4637467
0,0,0.32209632
0,0,0.21765941
0,0,0.17514838
0,0,0.29686496
0,1,0.51156867
0,0,0.1993094
0,0,0.16576871
0,0,0.24988443
0,0,0.47233889
0,0,0.22525549
0,0,0.39051983
0,0,0.28313258
0,0,0.23414756
0,0,0.3121474
0,0,0.27437752
0,1,0.7455021
0,0,0.43262655
0,1,0.5597532
0,0,0.4800378
1,1,0.6733905
1,0,0.18662727
1,1,0.80052334
0,1,0.50366414
0,0,0.3786194
1,0,0.4534219
0,1,0.7981914
0,1,0.600409
0,0,0.2430024
0,1,0.59191686
0,1,0.6262431
0,0,0.3003678
0,1,0.6700764
0,0,0.336053
0,0,0.18563206
0,0,0.2555863
0,0,0.15715088
0,0,0.27619556
0,0,0.44042182
0,0,0.29504076
0,0,0.13736172
0,0,0.13506815
1,0,0.4257866
0,0,0.38653818
0,1,0.5515602
0,1,0.6495354
0,0,0.3611452
0,0,0.22033069
0,0,0.31942663
0,0,0.31471837
0,0,0.17518559
0,0,0.36291283
0,0,0.20243378
0,0,0.13143218
0,0,0.17429432
0,0,0.2586348
0,0,0.31288812
0,0,0.05458521
0,0,0.37250817
0,1,0.6492399
0,1,0.7949593
0,0,0.20427905
0,1,0.5324516
0,0,0.39348236
0,0,0.22128491
0,0,0.33479625
0,0,0.42910317
0,0,0.28172863
0,0,0.110763
0,0,0.44916946
0,0,0.4603891
0,0,0.28216037
0,0,0.11242386
0,0,0.30043644
0,0,0.09643011
0,0,0.37276635
0,0,0.20854901
0,0,0.47186375
0,1,0.70129263
0,0,0.17654625
0,1,0.52350444
0,0,0.25141388
0,1,0.52720135
0,0,0.116895236
0,0,0.09883885
0,0,0.17743959
0,0,0.23313762
1,1,0.7550282
0,0,0.21401633
0,0,0.2910555
0,0,0.1731998
0,0,0.4379723
0,0,0.39426258
0,0,0.22031273
1,0,0.33317086
0,0,0.22816941
1,1,0.6936321
0,0,0.4073926
1,1,0.80274266
0,0,0.263756
0,0,0.3968721
0,0,0.24516821
0,1,0.6610844
0,1,0.8719189
1,1,0.665554
0,1,0.7508378
0,0,0.051973086
0,1,0.639993
1,1,0.6946314
0,0,0.11444827
1,1,0.67356503
0,0,0.35146824
0,0,0.29798672
0,0,0.22328494
0,1,0.5823237
0,0,0.27416968
0,0,0.17188668
1,1,0.5379099
0,1,0.57664657
0,0,0.3760652
0,0,0.19179131
0,1,0.6748011
0,0,0.13799629
0,0,0.23709895
0,1,0.6055146
0,1,0.5260171
0,0,0.3118373
0,0,0.23107539
0,0,0.25665846
1,1,0.5825152
0,0,0.37405252
0,0,0.24081363
0,0,0.28257418
0,0,0.24978563
0,0,0.4033042
0,1,0.5555465
0,0,0.2594444
0,0,0.20741472
0,0,0.4078481
0,0,0.41246372
0,1,0.7476535
0,0,0.48541248
0,0,0.31915075
0,0,0.30879155
0,1,0.60351884
1,1,0.5016022
0,0,0.194286
0,0,0.06951192
0,0,0.20271765
0,0,0.3885986
0,0,0.10320971
0,0,0.10979962
0,0,0.32325852
0,0,0.3378119
0,1,0.6977888
0,0,0.12819447
0,0,0.28413838
0,1,0.5320695
0,0,0.17783743
0,0,0.10738221
0,0,0.2927182
1,0,0.49094722
0,0,0.42833367
0,1,0.5059365
0,0,0.35517073
0,0,0.15947634
0,0,0.47228974
0,0,0.49429032
0,0,0.18778484
0,0,0.46599835
0,1,0.52909935
0,1,0.6675611
0,1,0.54129696
0,1,0.70950484
0,1,0.8729994
0,0,0.15757571
0,0,0.12712245
0,0,0.15932287
0,1,0.5946342
0,0,0.15541351
0,0,0.29242414
1,1,0.624834
0,0,0.30695203
0,0,0.12279356
0,0,0.33007947
1,1,0.92271286
1,1,0.7294208
0,0,0.3651332
0,0,0.48748705
0,0,0.30884758
0,0,0.26719823
0,0,0.34817222
0,0,0.15235466
1,1,0.8117121
0,0,0.45441794
0,0,0.19524057
0,0,0.36323354
0,1,0.6793765
0,0,0.20692323
0,1,0.69706625
0,0,0.44127506
0,0,0.38984928
0,0,0.20097522
0,0,0.41846684
0,0,0.33243087
0,1,0.60191303
0,0,0.2723194
1,1,0.7797538
0,0,0.3809803
0,0,0.33002043
0,0,0.47838798
0,0,0.20251697
0,0,0.33593073
0,1,0.54094744
0,0,0.45257413
0,0,0.20794274
0,1,0.5058372
0,0,0.18438283
0,1,0.7698508
0,1,0.6147487
0,0,0.38783294
0,1,0.6484711
0,0,0.30800343
0,0,0.22308601
0,0,0.46341127
0,0,0.17051801
0,1,0.6401551
0,0,0.42408547
0,0,0.3425919
0,0,0.2996954
0,0,0.467271
0,0,0.38260204
0,0,0.095354505
0,0,0.24984251
0,0,0.35741535
0,0,0.47747275
0,0,0.43511567
0,1,0.63702756
0,0,0.18122995
0,0,0.39827108
0,1,0.61591166
0,0,0.31697586
0,0,0.3557601
0,0,0.26508695
0,0,0.3370119
0,0,0.35671043
0,0,0.23903695
0,0,0.15508331
0,0,0.29198912
0,0,0.2545707
0,0,0.10958748
0,0,0.3882216
0,0,0.44231912
0,1,0.69540215
0,1,0.8574152
0,0,0.45009694
0,1,0.7520679
0,1,0.75391406
0,0,0.16126521
0,0,0.21266404
0,0,0.13103786
0,0,0.15264636
0,0,0.464976
0,0,0.39033535
0,0,0.33773422
0,1,0.6529335
0,0,0.12204593
0,0,0.33821127
1,0,0.37694764
0,0,0.26552314
1,1,0.9093201
0,0,0.23976009
0,1,0.5050327
1,0,0.47813243
0,0,0.31732836
0,0,0.11234203
0,0,0.49647814
0,1,0.67573106
0,1,0.57835263
0,1,0.71846974
0,0,0.3425302
0,1,0.6591649
0,0,0.22407825
0,0,0.13501513
0,1,0.5910313
0,0,0.3237189
0,0,0.3459122
0,0,0.12813595
0,0,0.2905446
0,0,0.26893184
0,1,0.5061432
0,1,0.84467757
0,0,0.0712146
0,0,0.2752922
0,0,0.19544321
0,0,0.22988398
0,0,0.20034026
0,0,0.34466192
0,0,0.21657017
0,1,0.72107434
0,0,0.18086645
0,0,0.27882147
1,1,0.83792126
0,0,0.20704809
0,0,0.10540799
1,0,0.35381755
0,0,0.2293548
0,0,0.3652753
0,1,0.61625725
0,0,0.47542414
0,0,0.32756624
0,0,0.14746727
0,0,0.31159514
0,0,0.1660958
0,1,0.55679715
0,1,0.6852881
0,1,0.5533645
0,0,0.22501443
0,0,0.37501702
0,0,0.3991245
0,1,0.6721727
0,0,0.39432967
0,1,0.6055258
0,0,0.42288086
0,0,0.24503429
0,1,0.63638216
0,0,0.13143374
1,1,0.8778086
0,1,0.7413972
0,0,0.12440035
0,0,0.29029506
1,1,0.7460908
0,0,0.18714902
0,1,0.7060211
0,0,0.36388505
0,0,0.11260355
0,0,0.4408119
0,1,0.6525744
0,0,0.45097414
0,0,0.39514768
0,0,0.18287754
0,0,0.31089923
0,0,0.21617503
0,0,0.23003007
0,0,0.075825244
0,0,0.42257273
0,0,0.14278026
1,0,0.48391318
0,0,0.09197277
0,1,0.5687345
0,0,0.19059233
0,0,0.432632
0,0,0.13092221
0,1,0.60608935
1,0,0.36132836
0,0,0.38790676
0,0,0.14665161
0,0,0.17521888
0,0,0.11454231
0,0,0.39447486
0,1,0.52300036
0,0,0.3459839
0,1,0.7270289
0,0,0.16664855
0,1,0.5347701
1,1,0.6188704
0,1,0.51489186
0,0,0.21351343
0,0,0.33417174
0,0,0.17045118
0,0,0.2586422
0,0,0.21114771
0,0,0.14258374
0,1,0.61745065
0,0,0.24561848
0,0,0.1425622
0,0,0.4104779
0,0,0.49476308
0,0,0.2514079
0,0,0.40091032
0,0,0.48396027
0,0,0.12925921
0,1,0.57865655
0,0,0.33901805
0,1,0.74825317
0,0,0.40075758
0,1,0.647129
0,0,0.34489176
0,0,0.14841013
0,1,0.84838563
0,0,0.16594054
0,0,0.29060867
0,1,0.6311722
0,1,0.635291
0,1,0.50135803
1,1,0.8098559
0,0,0.0999232
0,0,0.46340072
0,0,0.32950574
0,0,0.38224345
0,0,0.47985893
0,1,0.51787055
0,0,0.2971706
0,0,0.11527333
0,0,0.16170502
0,1,0.75216764
0,0,0.38211948
0,0,0.40921512
0,1,0.75553066
0,0,0.49285796
0,1,0.6660622
0,1,0.5099116
0,0,0.3957743
0,0,0.4229362
0,0,0.24683958
0,0,0.30932012
0,1,0.65066886
0,1,0.7060377
0,0,0.49648532
0,1,0.5180585
0,1,0.5202423
0,0,0.44282058
0,0,0.21892269
0,1,0.657555
0,1,0.71122336
0,1,0.61162573
1,1,0.8427236
0,0,0.34715542
0,0,0.29631335
0,0,0.21994543
0,0,0.29500058
0,1,0.74346536
0,0,0.2054813
0,0,0.16600356
0,1,0.6066337
0,0,0.47250232
0,1,0.5388747
1,1,0.75029254
0,0,0.34768784
0,0,0.44924182
0,0,0.1626836
0,0,0.43394318
0,0,0.2887476
0,1,0.7504899
0,0,0.051204536
0,0,0.46031114
0,0,0.2169377
0,0,0.2698843
0,1,0.6600737
0,0,0.3003613
0,0,0.15886468
1,1,0.7892801
0,1,0.57093453
0,1,0.69509095
0,0,0.36365142
0,1,0.6145593
0,1,0.5085291
0,0,0.19787458
0,0,0.3144592
0,0,0.23029278
0,1,0.68535846
0,1,0.5218061
0,0,0.42089155
0,1,0.7184015
0,0,0.36827648
0,0,0.32084188
0,0,0.3789249
0,1,0.53204197
0,0,0.37625223
0,1,0.73283976
0,0,0.34570318
0,1,0.6100458
0,0,0.09827399
0,0,0.3579038
0,1,0.723779
0,0,0.1835426
0,0,0.21035253
0,0,0.12665078
0,1,0.63005126
0,0,0.25795603
0,1,0.80646974
0,0,0.45320848
0,1,0.6216005
0,0,0.049972106
1,0,0.13783346
0,0,0.33467445
0,1,0.6971074
0,0,0.26704538
0,0,0.3766772
1,1,0.7657133
0,1,0.5980243
0,0,0.417493
0,0,0.16277196
0,0,0.19418284
0,1,0.72904193
0,1,0.65333843
0,0,0.2703448
0,1,0.72270846
0,1,0.68359953
0,1,0.6615545
0,0,0.44803062
0,1,0.66343534
0,1,0.5925717
0,0,0.19004318
0,0,0.48506397
0,1,0.51476556
0,1,0.7612253
0,1,0.5060281
0,0,0.47484285
0,1,0.84209996
0,0,0.1637424
0,0,0.2293411
0,0,0.47200194
0,1,0.76567507
0,0,0.49737763
0,0,0.20251842
0,1,0.5902057
0,1,0.7637748
0,0,0.12073892
0,0,0.33378145
0,1,0.5043811
0,0,0.22719635
0,1,0.50387895
0,0,0.1641718
0,1,0.7175282
0,1,0.50169045
0,1,0.6413801
0,0,0.10462031
0,0,0.3965127
0,0,0.48184127
0,0,0.18582688
0,0,0.22641821
0,0,0.19784546
1,1,0.73028183
0,1,0.51745903
0,0,0.3851555
0,0,0.43426174
0,1,0.53091204
0,0,0.46850765
0,0,0.2948567
1,0,0.37083107
0,0,0.27377155
0,1,0.86845136
0,0,0.20853618
0,0,0.22213249
0,0,0.4209926
0,0,0.3985459
0,1,0.5927268
0,0,0.100441
0,0,0.13412002
0,0,0.26204494
0,0,0.4865722
0,0,0.34637812
0,1,0.52673566
0,0,0.19129524
0,0,0.4832329
0,0,0.17035007
0,1,0.5298702
0,0,0.07665442
0,0,0.3531025
0,0,0.23497865
0,0,0.4036536
0,1,0.63581574
0,0,0.23519088
0,0,0.05974712
0,0,0.37038225
0,1,0.7325568
0,1,0.5825754
0,0,0.22805576
0,0,0.19935788
1,1,0.7003414
0,0,0.28403476
0,0,0.48708314
0,0,0.31511334
0,0,0.16663413
0,1,0.5337859
0,0,0.26028574
0,1,0.6538871
0,1,0.62043744
0,1,0.7334315
0,0,0.07179408
0,0,0.25911257
0,0,0.4150443
0,0,0.23685579
0,0,0.48514774
1,1,0.8272174
0,0,0.12803751
1,1,0.6204194
0,1,0.50764
0,0,0.44141564
0,0,0.04911973
0,0,0.08070455
0,0,0.09467566
0,1,0.5359281
0,0,0.40291044
0,1,0.5108956
0,1,0.7953845
0,0,0.3114184
0,1,0.6872396
0,0,0.33970845
0,0,0.3854013
0,0,0.28897426
0,0,0.21623637
0,0,0.39426708
0,0,0.3854276
0,1,0.7573685
0,1,0.61046714
1,1,0.87900144
0,0,0.31641424
0,1,0.5985147
0,1,0.82438046
0,1,0.67096585
0,0,0.23774026
0,0,0.4342361
0,1,0.65797824
0,0,0.12023469
0,0,0.2851423
0,1,0.59587765
0,0,0.3239887
0,1,0.70504063
0,0,0.30991858
0,0,0.16486695
0,0,0.32356888
0,0,0.16660608
0,0,0.15215859
0,1,0.5180288
0,0,0.3123449
0,1,0.5511725
0,0,0.23544109
0,1,0.54996556
0,0,0.47041756
1,0,0.399061
0,0,0.30950612
1,1,0.82686687
0,0,0.1395098
0,0,0.14426407
0,0,0.064906076
0,1,0.72367644
0,0,0.10790945
0,1,0.52797383
0,1,0.54449755
0,1,0.54654586
0,0,0.2962576
0,1,0.63969874
0,1,0.6908022
0,1,0.7809159
0,0,0.36840287
0,0,0.36942297
0,1,0.51964957
0,0,0.029703518
0,0,0.08176655
0,0,0.44679412
0,0,0.17154379
0,1,0.5036732
0,0,0.22664264
0,0,0.46072116
0,0,0.21094707
0,1,0.8267451
0,1,0.5233735
0,0,0.26191345
0,0,0.14388528
1,1,0.68820304
0,0,0.4105123
0,0,0.14865606
1,1,0.5551368
0,0,0.14949802
0,0,0.47438636
0,0,0.17416193
0,1,0.8096697
0,0,0.426235
0,0,0.30435
0,0,0.46237913
1,0,0.12383932
0,0,0.17514458
0,0,0.25817415
0,0,0.3197393
0,0,0.18754369
0,1,0.6622866
0,0,0.11439944
0,0,0.1696856
1,0,0.32457292
0,0,0.19010572
0,0,0.2889198
0,0,0.09737143
0,0,0.12137802
0,0,0.3649281
0,1,0.53499895
0,0,0.26887158
0,0,0.35920033
0,0,0.34110555
0,0,0.09920454
0,0,0.3902508
0,0,0.29266128
0,1,0.6073897
0,0,0.46006387
0,1,0.69662166
0,1,0.5750796
0,0,0.115528636
1,0,0.281945
0,0,0.3624159
0,1,0.54704016
0,0,0.040522177
0,0,0.34783357
0,0,0.4067803
0,0,0.22264488
0,1,0.7121794
1,1,0.8271351
0,1,0.5446656
0,0,0.24434158
0,0,0.31671113
0,0,0.18886022
0,0,0.25316566
0,1,0.78343546
0,0,0.35143137
0,0,0.086266086
0,0,0.11990616
0,1,0.60826004
0,0,0.15484016
0,1,0.64332986
0,0,0.2014959
0,0,0.16680707
0,0,0.20964794
1,1,0.82214695
0,0,0.06864674
0,0,0.3381528
0,0,0.4102935
0,0,0.2678752
0,1,0.58195513
0,1,0.5190874
0,1,0.67189115
0,1,0.9095351
0,0,0.3071349
0,0,0.42208132
0,0,0.23817025
0,1,0.60744745
0,0,0.36287466
0,1,0.6115907
1,1,0.7113254
0,0,0.22101793
0,0,0.3235105
0,1,0.5637616
0,0,0.39717433
1,1,0.75690156
0,0,0.4912411
0,1,0.7214356
0,0,0.47988075
0,0,0.39632916
0,1,0.5111048
0,0,0.053657893
0,1,0.5950222
0,0,0.11433646
0,0,0.2079778
0,1,0.8342263
0,0,0.37861443
0,0,0.29118356
0,0,0.23761213
0,0,0.31876597
0,0,0.065755524
0,1,0.53187203
0,0,0.49750766
0,1,0.8378725
0,0,0.45328733
0,0,0.23099811
0,0,0.15544394
0,0,0.34253314
0,0,0.41179192
0,0,0.34039366
0,0,0.4475904
0,1,0.5253479
0,0,0.36283302
0,0,0.48901418
0,1,0.5196733
0,0,0.30021948
0,0,0.34895486
0,0,0.13482518
1,1,0.84160745
0,1,0.7565286
0,0,0.23738912
0,1,0.7335255
0,1,0.51373726
0,0,0.31520402
0,1,0.6485376
1,1,0.5077196
0,1,0.56958735
0,0,0.423527
0,1,0.5364614
0,0,0.49147344
1,0,0.3491625
0,1,0.54264086
0,0,0.08866626
0,0,0.36584917
0,0,0.34225968
0,0,0.22243898
0,0,0.18243812
0,0,0.4839153
0,0,0.07604504
1,1,0.5386168
0,0,0.32268974
0,0,0.4434766
0,1,0.5338854
0,0,0.307336
0,0,0.19222766
0,1,0.7141789
0,0,0.1379246
0,0,0.16234408
0,0,0.11258124
0,0,0.18825625
0,1,0.5055411
0,0,0.36466533
0,0,0.34378037
0,0,0.36996242
0,0,0.099712975
0,0,0.2074361
0,1,0.6200499
0,0,0.1957988
0,1,0.77899534
0,1,0.8798682
0,0,0.48867062
0,0,0.07555085
0,1,0.80491656
1,0,0.4428574
0,0,0.45238498
0,0,0.19023108
1,0,0.4869427
0,0,0.4361026
0,1,0.5288754
0,0,0.33145073
0,0,0.079311654
0,0,0.22251804
0,0,0.07704638
0,0,0.2657601
0,0,0.23874572
1,1,0.7168154
0,0,0.45012698
0,0,0.34872094
0,1,0.69185
0,0,0.09701884
0,1,0.553068
0,1,0.5395232
0,0,0.34393346
0,0,0.42912635
0,0,0.49781105
0,0,0.28060153
0,0,0.13179167
0,0,0.07688134
0,0,0.28001758
0,0,0.4184903
0,1,0.5517412
0,0,0.44635046
0,0,0.2235795
0,0,0.46399713
0,1,0.727124
0,1,0.74074286
0,1,0.7598376
0,0,0.2601707
0,0,0.41905236
1,1,0.61013705
0,0,0.32425898
0,0,0.4354367
0,0,0.17080301
0,1,0.72776514
0,0,0.48522413
0,0,0.25741848
0,1,0.53893995
0,0,0.21295105
0,1,0.6410736
0,1,0.573552
0,0,0.47552532
0,0,0.3290627
0,0,0.21873344
0,0,0.2542171
0,0,0.4773023
0,0,0.41595918
0,0,0.26001513
0,1,0.57990336
0,1,0.7105956
0,1,0.6017428
0,0,0.09618271
0,1,0.67095846
0,0,0.23990625
0,1,0.6058445
0,0,0.2150127
0,1,0.5568635
0,0,0.27316698
0,0,0.3365729
0,0,0.24313958
0,0,0.20542875
0,0,0.28829587
0,0,0.46760216
0,0,0.14456615
0,1,0.5415437
0,0,0.39707267
0,0,0.15780643
0,0,0.38358766
0,0,0.1526604
0,0,0.30725887
0,0,0.4913911
0,1,0.71360487
0,0,0.23546293
0,0,0.31376842
0,0,0.40211403
0,0,0.20188546
0,0,0.4165432
0,0,0.3555441
1,1,0.80863774
0,0,0.28272486
0,0,0.17757273
0,0,0.32995555
0,0,0.4364979
0,0,0.39766115
0,0,0.18190661
1,0,0.26759407
0,0,0.33875123
0,1,0.68444586
0,0,0.45623654
0,1,0.6541653
0,1,0.80497503
0,1,0.87112796
1,0,0.2089019
0,0,0.17367788
0,0,0.42122808
0,0,0.45855737
0,0,0.106883034
0,0,0.22567615
0,0,0.3475091
0,0,0.29815498
0,0,0.3492927
0,0,0.31374338
1,0,0.2263991
1,1,0.6763448
0,0,0.41236854
0,0,0.15719129
0,0,0.33349213
0,0,0.24145377
0,0,0.38242978
0,1,0.52876145
0,0,0.22802386
0,0,0.22116451
1,1,0.5829355
1,1,0.6131604
0,0,0.29323795
0,0,0.18466213
1,0,0.45704708
0,0,0.24063684
1,1,0.63657004
0,0,0.3167806
0,1,0.5809189
0,0,0.1532076
0,0,0.24469073
1,1,0.7198343
0,1,0.60054535
0,0,0.47740242
0,0,0.37689108
0,0,0.40952417
0,1,0.6404064
0,0,0.2522256
1,0,0.42950764
0,0,0.36465898
0,0,0.36737582
0,0,0.41083422
0,1,0.73111826
0,0,0.48082057
0,1,0.68214494
1,1,0.7855691
1,0,0.2070667
0,0,0.35277128
0,0,0.15574883
0,0,0.27591047
0,0,0.33086118
0,0,0.31485373
0,0,0.39685214
0,0,0.34006092
0,0,0.18326396
0,1,0.56555104
0,0,0.3480232
1,0,0.28215045
0,0,0.22550032
0,0,0.1357074
0,1,0.5052722
0,1,0.55560464
0,0,0.17516023
0,0,0.31984875
0,0,0.3983232
0,0,0.3774027
0,0,0.14080998
0,0,0.27694955
0,0,0.21860518
0,1,0.6061153
0,0,0.32149282
0,0,0.39622417
0,0,0.26293936
0,0,0.2514125
0,0,0.122973025
0,0,0.46253556
0,0,0.16860414
0,0,0.12757461
0,1,0.77846247
0,1,0.6091543
0,0,0.101650134
0,0,0.32620862
0,0,0.18918341
0,0,0.47012076
1,1,0.6907198
0,0,0.30007553
0,1,0.6381882
0,1,0.7888245
0,0,0.30585325
0,1,0.69750416
1,0,0.32565242
0,0,0.3009721
0,0,0.4972734
0,0,0.29664302
0,1,0.7135266
0,1,0.61581904
0,1,0.6225546
0,1,0.5615236
0,1,0.6376502
0,1,0.56509894
0,0,0.048543677
0,0,0.13931267
0,0,0.17131169
0,1,0.8030166
0,0,0.25629276
0,0,0.40417928
0,1,0.50644356
0,0,0.10141446
0,1,0.6107949
0,1,0.65481454
0,1,0.51765347
0,0,0.31242153
0,0,0.4016109
0,1,0.56377834
0,1,0.7327698
0,1,0.6216216
0,0,0.20388171
0,1,0.7480922
0,0,0.1864442
0,0,0.21704152
0,0,0.30495524
0,1,0.63367516
0,0,0.08301807
0,0,0.44921768
0,0,0.26868257
0,0,0.21681812
1,0,0.44700193
0,0,0.36030054
0,1,0.56997275
0,1,0.5576257
0,0,0.47449958
0,1,0.5475236
0,1,0.5878178
0,0,0.25497642
0,1,0.5348162
0,1,0.6490003
0,0,0.47840524
0,1,0.628101
0,0,0.37030035
0,1,0.5749332
0,1,0.6294294
0,1,0.6293908
0,0,0.36641932
0,1,0.5242386
0,0,0.267572
0,0,0.21626025
0,0,0.46492428
0,1,0.6273312
0,0,0.06499934
0,1,0.7801781
0,1,0.57961106
0,0,0.2568318
0,0,0.14593841
0,0,0.118800744
0,0,0.24383935
0,0,0.49459463
0,0,0.24857928
1,1,0.851145
0,0,0.19888085
0,1,0.59177893
0,1,0.8069127
0,0,0.24820681
0,0,0.2610348
0,0,0.19527586
0,0,0.12365691
0,0,0.089205354
0,0,0.24329479
0,0,0.4460272
0,0,0.110722356
0,0,0.4209061
0,0,0.1637011
0,1,0.5738178
0,0,0.31429407
0,1,0.5051148
0,0,0.40338993
0,1,0.8205395
0,0,0.10690725
0,1,0.5821668
0,1,0.6067195
0,0,0.2075998
0,0,0.25330365
0,1,0.5200961
1,1,0.6415829
0,0,0.3336027
0,0,0.36765045
0,1,0.67692006
0,0,0.37292388
0,0,0.35020724
0,0,0.43672553
0,1,0.6280617
0,1,0.73522073
0,0,0.18864658
0,1,0.53735584
0,0,0.38711876
0,0,0.49339274
0,0,0.20964389
0,0,0.4006919
0,1,0.5034774
0,0,0.23506269
0,0,0.11612049
0,0,0.1715496
0,1,0.7037621
0,0,0.44008896
0,0,0.297825
0,0,0.172018
0,0,0.15497677
0,0,0.15283927
0,0,0.46019098
0,0,0.48023057
0,0,0.10714693
0,1,0.66427803
0,1,0.62605965
0,0,0.1812067
0,0,0.28802273
0,0,0.3591231
0,0,0.25721633
0,1,0.693136
0,0,0.32962245
0,0,0.40278506
0,1,0.72437704
0,0,0.15449265
0,1,0.61942786
0,1,0.50009185
0,1,0.5578976
0,0,0.42268372
0,0,0.1979706
0,1,0.6777993
1,1,0.7136282
0,0,0.35929775
0,0,0.34902012
0,0,0.44186163
0,1,0.827221
0,0,0.47546607
0,0,0.20752335
0,0,0.036940664
0,1,0.62992406
0,0,0.48277915
0,1,0.7762198
0,1,0.79232234
0,0,0.2166012
0,0,0.36814737
1,1,0.845148
0,0,0.27294582
0,0,0.38167477
0,0,0.4219569
0,0,0.31667963
0,0,0.4551896
0,0,0.19486587
0,0,0.1727951
1,1,0.60367215
0,1,0.50324446
0,0,0.26861414
0,0,0.38566455
0,0,0.42835596
0,0,0.31601188
0,1,0.62474996
0,0,0.1614629
0,1,0.6176294
0,0,0.4135601
1,0,0.44260353
0,1,0.5356371
0,0,0.2136614
0,0,0.18248059
1,0,0.31222326
1,1,0.7058076
0,0,0.2584697
0,0,0.064809754
0,0,0.24552569
0,0,0.30218935
0,0,0.21204469
0,1,0.665073
0,0,0.22801207
0,0,0.45086178
0,0,0.31743023
0,1,0.6276396
0,0,0.261215
0,0,0.09934164
0,0,0.38325566
0,0,0.18943864
0,0,0.21151301
0,0,0.31766418
0,1,0.8566979
0,1,0.54080576
0,0,0.4857614
0,0,0.17013596
0,0,0.2746336
0,1,0.5338105
0,0,0.12938134
0,0,0.3024909
1,0,0.1247417
0,0,0.16929494
0,0,0.367897
0,0,0.12200941
0,0,0.18675372
0,1,0.67421925
0,1,0.69117963
0,1,0.57854074
0,0,0.30811912
0,0,0.14243266
0,0,0.12673646
0,1,0.6991254
0,0,0.3858702
0,0,0.16681817
0,0,0.45611852
0,0,0.29758707
0,0,0.3384279
0,0,0.45939305
0,1,0.70468175
0,0,0.35261312
0,0,0.26233822
0,1,0.91753244
0,0,0.33858624
0,0,0.35188273
0,0,0.18350227
0,1,0.75327235
0,0,0.43096864
0,0,0.33816168
1,1,0.7831954
0,0,0.31768256
0,0,0.37662596
0,0,0.32571042
0,1,0.615063
0,0,0.12276863
0,0,0.37262225
0,0,0.3512699
0,1,0.7850817
0,0,0.34169814
0,1,0.800784
0,0,0.16615319
0,1,0.6754481
0,0,0.43721026
0,0,0.29094988
0,0,0.15642002
0,0,0.39406174
0,0,0.31025913
0,0,0.39995342
0,0,0.36699125
0,0,0.40603483
0,0,0.37739
0,0,0.3018324
0,0,0.13531078
0,0,0.15605329
0,0,0.22008945
1,1,0.7961609
0,1,0.6596477
0,0,0.35392293
0,1,0.58416504
0,0,0.26982036
1,0,0.45450175
0,1,0.5624283
0,0,0.1265148
0,1,0.51237416
0,0,0.17744292
0,0,0.40862846
0,0,0.33667743
0,0,0.26950234
0,1,0.714977
0,1,0.8425087
1,0,0.3189515
0,0,0.28055984
0,0,0.24463236
0,0,0.4691739
1,1,0.5849315
1,1,0.57571423
0,0,0.384526
0,0,0.05881347
0,0,0.20952639
1,1,0.83776146
0,0,0.24608435
0,0,0.12818234
0,0,0.25406453
0,0,0.47140104
0,0,0.2026289
0,1,0.5901017
0,1,0.5403194
0,1,0.55754906
0,0,0.19123228
0,1,0.80604964
0,1,0.6728331
0,0,0.14862782
0,1,0.5114069
0,1,0.5851223
0,0,0.20985387
0,0,0.46597958
0,0,0.17430605
0,0,0.23435877
0,0,0.2737597
0,0,0.21627642
0,1,0.61282855
0,0,0.2872274
0,0,0.4516795
0,0,0.45146325
0,1,0.6497563
0,0,0.15608558
0,0,0.15247867
0,0,0.18305606
0,1,0.5399746
0,0,0.26879644
1,0,0.34392142
0,0,0.4740846
0,0,0.3751493
0,1,0.8486488
0,0,0.12866282
0,1,0.7332874
0,0,0.26925784
0,0,0.08930222
0,1,0.7316637
1,1,0.75008106
0,1,0.68080145
0,0,0.33242956
0,0,0.4943385
0,0,0.14480525
0,0,0.23126927
0,0,0.22832906
0,1,0.6726398
0,1,0.5430663
0,1,0.62042624
0,1,0.61365336
0,0,0.25022203
0,0,0.32714194
0,0,0.28794944
0,0,0.4634162
0,1,0.79880947
1,1,0.66775775
0,0,0.3475415
0,0,0.20203573
0,0,0.4477363
0,0,0.23396145
0,1,0.55282366
0,0,0.093956664
0,1,0.69981724
0,0,0.21347779
0,0,0.14617564
0,0,0.32726473
1,0,0.12116463
0,1,0.6160551
0,0,0.3020415
1,1,0.72398823
0,0,0.2973686
0,0,0.4337508
0,0,0.23252198
0,0,0.45358998
0,1,0.6817261
0,1,0.5154996
0,0,0.1422811
0,0,0.28007796
0,1,0.66640383
0,1,0.70843244
0,0,0.32723773
1,0,0.07556527
0,0,0.42759323
0,0,0.37838474
0,0,0.472967
0,0,0.07961508
0,0,0.08548917
0,1,0.7214626
0,1,0.5568417
0,0,0.303864
0,1,0.6900088
0,1,0.70717317
0,0,0.33086294
0,0,0.40850183
0,1,0.6848274
1,1,0.7516986
0,0,0.18052629
0,1,0.68012166
0,0,0.4414673
0,0,0.23603271
0,0,0.34218103
1,1,0.88008595
0,0,0.3769919
0,1,0.8439522
0,0,0.4699653
0,0,0.21884146
0,0,0.068584934
0,0,0.16367218
0,0,0.2821059
1,1,0.576392
0,0,0.31398144
0,0,0.09880188
0,0,0.16033563
0,1,0.6540792
1,0,0.4994251
1,0,0.4473472
0,0,0.4217289
1,0,0.45644182
0,0,0.49501032
0,0,0.25686228
0,0,0.2563281
0,0,0.3893293
0,1,0.84413004
0,0,0.4482278
0,0,0.1640409
0,1,0.5820906
0,1,0.6469019
0,0,0.14888838
0,0,0.36959425
0,0,0.1403889
0,1,0.8258665
0,0,0.27003795
1,0,0.2068292
0,0,0.030535059
0,0,0.3456217
0,1,0.53015435
0,1,0.58556205
1,1,0.50310093
0,0,0.4833652
0,1,0.5171313
0,1,0.7461867
0,0,0.14543444
0,1,0.73558736
0,0,0.4684827
0,0,0.2941358
0,1,0.51165855
0,0,0.33980745
0,0,0.3843893
0,1,0.8009442
0,0,0.12101886
0,0,0.3149873
0,0,0.24568743
0,1,0.62676233
1,1,0.5026946
0,0,0.16436265
0,0,0.20208769
0,1,0.63560325
0,0,0.083879486
0,1,0.51271546
0,0,0.2162564
0,0,0.35101497
0,0,0.279713
0,0,0.47660974
0,0,0.27870616
1,1,0.8575143
1,0,0.35550106
0,0,0.2935138
0,0,0.45514908
0,1,0.5517551
1,0,0.24124712
0,0,0.11215074
0,1,0.6791252
0,0,0.30563122
0,0,0.11634556
0,0,0.2606444
1,1,0.7307023
0,0,0.41426477
0,0,0.37648654
0,1,0.75714236
0,1,0.6641571
0,0,0.3139859
0,0,0.0748063
0,1,0.72091514
0,0,0.3178393
1,1,0.7366497
0,0,0.08286688
0,0,0.17965278
1,0,0.41151527
0,0,0.24456246
0,0,0.19973451
1,0,0.33472848
0,0,0.24365415
0,0,0.3283133
0,0,0.27391067
0,0,0.3064128
0,0,0.09113426
0,0,0.25541613
0,0,0.17915326
0,0,0.2338313
0,0,0.19946353
0,0,0.33512786
0,0,0.31761473
1,0,0.3990871
0,0,0.23363613
0,0,0.41267145
0,0,0.20725746
0,0,0.380926
0,1,0.70830524
0,0,0.38655078
0,0,0.25858656
0,1,0.552663
0,0,0.48364422
0,0,0.16565523
1,0,0.2047328
0,0,0.20104255
0,0,0.38606617
0,1,0.5157625
0,1,0.517686
0,0,0.15983292
1,0,0.42161927
0,1,0.5972437
0,0,0.18094072
0,1,0.56743085
0,0,0.42827165
0,0,0.462702
0,0,0.48486155
0,1,0.7702314
0,0,0.20044757
0,0,0.38135764
0,0,0.35641563
0,0,0.2626217
0,0,0.37824157
0,0,0.40969738
0,1,0.6869495
0,0,0.32317585
0,1,0.6518417
0,0,0.20438835
0,0,0.039060157
0,0,0.20896575
0,0,0.08494716
0,0,0.37868154
0,1,0.56275314
0,1,0.74048847
0,0,0.38041642
0,0,0.1628304
0,1,0.7349119
0,1,0.61228067
0,0,0.27133086
0,0,0.35562018
0,1,0.6228691
0,0,0.38151166
0,0,0.4392709
0,0,0.06588476
0,0,0.36283472
0,0,0.25794908
0,0,0.029283306
0,1,0.8166709
0,0,0.15343852
0,0,0.3106115
0,1,0.67090404
1,1,0.9122214
0,0,0.18811923
0,0,0.15878063
0,0,0.44777375
0,0,0.11466807
0,0,0.26168248
0,1,0.53897583
0,0,0.20564136
0,1,0.70383286
0,0,0.3677855
0,0,0.32211396
0,1,0.6067332
0,0,0.33480257
0,0,0.40663326
0,0,0.48243758
0,0,0.16898432
0,0,0.27063444
0,1,0.5418418
0,1,0.6319797
0,0,0.3478407
0,0,0.14281423
0,0,0.22485356
0,0,0.15289734
0,0,0.33738646
0,1,0.6272467
0,0,0.19739297
0,0,0.124276884
1,1,0.6338184
0,0,0.33618474
0,0,0.46289045
0,0,0.35001054
0,1,0.68228287
0,1,0.6196573
0,0,0.43307382
0,0,0.106126554
0,0,0.47208846
0,0,0.28474575
0,0,0.38393387
0,0,0.4924674
0,0,0.43124896
0,0,0.2526974
0,0,0.28466636
0,0,0.30380803
0,0,0.42588934
0,0,0.27602008
0,0,0.25337705
0,0,0.10147233
0,0,0.17172642
0,0,0.37200406
0,1,0.7936172
0,0,0.20494314
0,0,0.19858076
0,0,0.4494466
0,0,0.093933165
0,0,0.28391993
0,0,0.26510012
0,0,0.3006431
1,1,0.5879712
0,0,0.16573282
0,0,0.3356097
0,0,0.2596311
0,1,0.52750057
0,0,0.19770288
0,0,0.18926391
0,1,0.76778877
0,0,0.347972
0,0,0.39245656
1,0,0.4453314
0,1,0.50974554
0,0,0.2982996
0,0,0.24734865
0,0,0.26354647
0,1,0.85320306
1,1,0.64602554
0,0,0.16984835
0,0,0.27570164
0,0,0.4688117
0,0,0.43596232
0,1,0.6976195
0,0,0.33881846
0,0,0.46986842
0,0,0.37691844
0,0,0.22407778
0,0,0.075314365
0,0,0.21470042
0,0,0.06673525
0,0,0.4946181
0,0,0.44731894
0,0,0.10444818
0,0,0.23567954
0,0,0.2986914
0,0,0.14929344
0,1,0.71525514
1,1,0.62409633
0,0,0.23335369
0,1,0.79137444
0,0,0.1987368
0,0,0.39097756
0,0,0.25178266
0,0,0.23571911
0,0,0.40206435
0,0,0.23172997
0,0,0.36282548
0,0,0.02227048
0,1,0.75726026
0,0,0.30178228
0,0,0.44818756
0,1,0.71215564
0,0,0.216746
0,0,0.3801343
0,0,0.40664026
0,0,0.4627436
0,0,0.09627516
0,0,0.41627255
0,0,0.49123675
0,1,0.6285503
0,1,0.5447731
0,0,0.424263
0,0,0.25143042
0,0,0.28917268
0,0,0.3880045
0,0,0.1175754
0,1,0.50255024
0,1,0.7766505
0,1,0.74307066
0,0,0.304225
0,0,0.09006419
1,1,0.84307253
0,1,0.6383151
0,0,0.23587039
0,0,0.21998623
0,0,0.3666887
0,0,0.16376913
0,0,0.3560734
0,0,0.19305919
1,0,0.42837575
0,0,0.4666379
0,0,0.42257154
1,0,0.14647646
0,0,0.28021935
0,1,0.6334547
0,1,0.78273606
0,0,0.19175853
0,0,0.15222764
0,1,0.5531448
0,0,0.4379051
0,0,0.19548708
0,0,0.3212303
0,0,0.11886393
0,0,0.08812519
0,0,0.12974943
0,0,0.38605133
0,0,0.47436735
0,0,0.27551574
0,0,0.38046768
0,0,0.2359147
0,0,0.27414533
0,0,0.22625838
0,1,0.5933625
0,1,0.576808
0,1,0.801602
0,0,0.38658583
0,1,0.8038257
0,0,0.30128482
0,1,0.5233538
0,0,0.39002123
0,0,0.35968113
0,0,0.18312642
0,0,0.20488335
1,1,0.67333543
0,0,0.24018711
0,0,0.4446426
0,0,0.18429509
0,1,0.54377276
0,0,0.4951947
0,0,0.15888144
0,0,0.47973397
0,0,0.32274246
0,0,0.1490666
0,1,0.61314476
0,0,0.31306475
0,0,0.28404784
0,0,0.27186406
1,0,0.26182693
0,0,0.4286645
0,0,0.13008662
0,0,0.24643841
0,0,0.25053838
0,0,0.21749015
0,0,0.43784624
0,0,0.22715646
0,0,0.35309044
0,0,0.1587887
1,0,0.21328163
0,1,0.5880099
0,1,0.6605826
0,0,0.21492232
0,1,0.6512254
0,0,0.3886207
0,0,0.3180522
0,0,0.23003827
0,0,0.2721089
0,0,0.47982424
0,0,0.48051566
0,1,0.5669074
0,1,0.5889917
0,1,0.657481
0,1,0.58673865
0,0,0.2597684
0,0,0.20632641
0,1,0.8014544
0,0,0.3881206
0,0,0.46208537
0,0,0.22631338
0,1,0.5365918
0,0,0.33587533
0,0,0.27124003
0,0,0.2807201
0,0,0.16747515
0,0,0.27769303
0,1,0.7104875
0,0,0.13141096
0,0,0.20123923
1,0,0.41938385
0,1,0.8376374
1,0,0.34420446
0,0,0.06901473
0,0,0.25896764
0,0,0.29250634
0,0,0.03042212
0,0,0.20435154
0,1,0.5548714
0,0,0.29103938
0,0,0.20926069
0,1,0.51102465
0,0,0.43498877
0,1,0.53620726
0,0,0.060347628
0,1,0.5643289
1,1,0.7916912
0,0,0.35531917
0,0,0.25828302
0,0,0.25779596
0,0,0.17000014
0,0,0.44408563
0,0,0.3131771
0,0,0.09931386
0,0,0.4292621
0,0,0.43467343
0,1,0.7703108
0,1,0.62344605
0,0,0.43567666
1,1,0.66676015
1,0,0.3429093
0,0,0.49427587
0,0,0.094667196
0,0,0.075665474
0,1,0.5146462
1,0,0.11939665
0,0,0.1091188
0,0,0.46446922
0,0,0.3186897
0,1,0.5567214
0,1,0.7618434
0,1,0.67320395
0,0,0.31510666
0,0,0.2817889
0,1,0.55956596
0,0,0.114327505
0,0,0.38426092
0,0,0.10096492
0,0,0.22466846
0,0,0.10604186
0,0,0.25988466
0,0,0.23898499
0,0,0.059304748
0,0,0.2577803
0,0,0.49533576
0,0,0.13167807
0,0,0.283603
0,0,0.1051364
0,0,0.13696219
0,1,0.73517114
0,0,0.47951245
0,0,0.16032413
0,0,0.20716539
0,1,0.7586446
0,0,0.100134484
0,1,0.5453513
0,1,0.5558451
0,0,0.13421687
0,0,0.32936668
0,0,0.10971048
0,1,0.53918374
0,1,0.5329482
0,0,0.40074793
0,0,0.48223305
0,1,0.7627976
0,0,0.25885785
0,0,0.12582111
0,1,0.8527138
0,1,0.57973063
0,0,0.23920643
0,0,0.219197
0,0,0.28370646
0,0,0.19679739
0,0,0.33763105
0,0,0.15561338
0,1,0.5025241
1,0,0.41298926
0,1,0.80677795
0,0,0.14493576
0,0,0.4167268
0,0,0.26481012
0,0,0.18485059
0,1,0.83743507
1,1,0.86564684
0,0,0.032854058
0,1,0.57477236
1,0,0.34014693
0,0,0.39161858
0,1,0.6988854
0,0,0.06590842
0,0,0.35451806
0,0,0.3219879
0,1,0.5396408
0,0,0.36855638
0,0,0.4435294
0,0,0.09098579
0,0,0.13694622
0,1,0.69189054
0,0,0.24435388
0,0,0.4077079
0,0,0.093866564
0,0,0.36474973
1,1,0.80798525
0,0,0.15707365
0,0,0.21633916
0,0,0.22424142
0,1,0.60879296
0,0,0.3240611
0,1,0.7536624
0,0,0.30665883
0,1,0.7512593
0,1,0.7409507
0,0,0.20133197
0,1,0.5159322
0,0,0.43382525
0,0,0.19809851
0,0,0.18934456
0,0,0.26446027
0,1,0.7545743
0,0,0.39457595
0,0,0.07169586
0,0,0.22244516
0,0,0.45930582
0,0,0.1441454
0,1,0.8578872
1,1,0.772473
0,1,0.53039414
0,0,0.23271446
0,0,0.3724635
0,0,0.17597003
0,0,0.15425955
0,0,0.23561202
0,0,0.20497958
0,0,0.21930763
0,1,0.569306
0,0,0.36574352
0,1,0.67224556
0,0,0.2141359
0,0,0.19653505
0,0,0.15407574
0,1,0.5662
0,1,0.56463057
0,0,0.21757185
0,1,0.5607665
0,1,0.5503585
0,1,0.6656284
0,0,0.4971752
0,1,0.53405946
0,0,0.17272387
0,0,0.19540985
0,1,0.7919331
0,0,0.42229167
0,0,0.171592
0,1,0.74823534
0,1,0.65497214
0,1,0.7664042
0,0,0.11552476
0,0,0.13687693
0,0,0.33973232
0,1,0.5157605
0,1,0.82318777
0,0,0.048833266
0,0,0.13360266
0,0,0.24235235
0,0,0.32838628
0,0,0.16940688
0,0,0.28337103
0,0,0.27715817
0,0,0.09238829
0,0,0.27838966
0,1,0.5168322
0,0,0.4751887
0,1,0.5590977
1,0,0.38809448
0,0,0.49218926
1,1,0.66817456
0,0,0.44809595
0,0,0.13733861
0,0,0.1527594
0,0,0.18491866
0,0,0.09625691
0,0,0.49981242
0,0,0.34104577
0,1,0.56039953
0,0,0.27224457
0,0,0.41537833
0,0,0.44730854
1,1,0.86049557
0,0,0.23093446
0,0,0.35329506
0,1,0.54778165
0,1,0.6550903
0,1,0.6018791
0,0,0.14297582
0,1,0.51732844
0,0,0.23208885
0,0,0.3918587
0,1,0.56984514
1,1,0.9251453
0,1,0.53232086
0,1,0.5475776
0,0,0.14867151
0,0,0.41186282
0,0,0.13126722
0,1,0.64067143
0,0,0.1830474
0,0,0.24077782
0,0,0.4045858
0,0,0.46382448
0,1,0.868704
0,0,0.17933497
0,0,0.31056118
0,0,0.29546648
0,0,0.11539272
0,1,0.7556958
0,0,0.1473234
0,0,0.24696876
0,1,0.5701394
0,0,0.38207883
0,1,0.83291274
0,0,0.28902605
0,0,0.3178972
1,1,0.7940565
0,1,0.6793226
0,0,0.27688372
0,0,0.39992332
0,1,0.6630716
0,0,0.4156215
0,1,0.5501365
0,0,0.14179088
0,1,0.5033728
0,1,0.56659305
0,0,0.44115415
0,1,0.5127578
0,0,0.22372614
0,0,0.39123714
0,1,0.5164771
0,1,0.51921767
0,0,0.41987142
0,1,0.6022613
0,0,0.29224354
0,0,0.24723452
1,1,0.76446915
1,0,0.47244805
0,0,0.1626991
0,0,0.08881022
0,1,0.7080801
0,0,0.32425433
0,0,0.26996526
0,0,0.120206036
0,0,0.1826798
0,1,0.57448035
0,0,0.24635299
0,0,0.4583286
0,0,0.29003057
0,0,0.3879756
0,0,0.18604603
0,0,0.15336005
0,0,0.4750666
0,0,0.4062328
0,0,0.23018348
0,0,0.23898013
0,0,0.40368453
0,1,0.5850839
0,1,0.51113826
0,0,0.31772935
0,0,0.19981262
0,0,0.11785477
0,0,0.35348737
1,1,0.7299611
0,0,0.18450235
0,0,0.2872468
0,0,0.3824431
0,0,0.28118944
0,0,0.16162059
0,1,0.537382
0,0,0.38582817
0,0,0.17611077
0,0,0.4564372
0,0,0.20840894
0,0,0.30559027
1,1,0.59199274
0,0,0.3737013
0,0,0.13255957
0,0,0.3430833
0,1,0.66268104
0,0,0.20375064
0,0,0.21945634
0,0,0.3845728
0,0,0.33362105
0,1,0.61655325
0,0,0.31623325
1,1,0.60641617
0,0,0.118712485
1,1,0.8507542
0,0,0.47042662
0,0,0.45124555
0,0,0.12260869
0,0,0.19294654
0,1,0.53884023
0,0,0.18802068
0,0,0.17641175
0,0,0.34185797
0,1,0.6799437
1,1,0.71931213
0,1,0.6160767
0,0,0.434901
0,0,0.17481713
0,1,0.6244346
0,0,0.26314816
0,0,0.14863466
0,0,0.23797512
0,0,0.2875589
0,0,0.38606396
0,1,0.52490497
0,0,0.26560393
0,0,0.33310246
0,0,0.037537497
0,0,0.22191098
0,0,0.29089707
0,0,0.3257496
0,0,0.06711466
0,0,0.21331728
1,1,0.8654158
0,0,0.41104475
0,0,0.36920172
0,0,0.29634354
0,0,0.192024
0,0,0.16624668
0,0,0.46822527
0,0,0.11574237
0,1,0.5160659
0,0,0.28065735
0,0,0.36832216
0,1,0.59530467
0,0,0.3061115
0,1,0.55576897
0,1,0.63362414
0,0,0.46233988
0,0,0.1604685
0,1,0.6670734
0,0,0.41061178
0,0,0.1518382
0,1,0.78444886
0,1,0.6074703
0,0,0.45121807
0,1,0.5678691
0,0,0.24392766
1,0,0.33681944
0,0,0.38858333
0,0,0.33803758
0,0,0.49234468
0,0,0.2557067
0,0,0.46909666
0,0,0.20634034
0,0,0.08798668
0,0,0.303421
0,1,0.5558479
1,1,0.7677799
0,0,0.41191477
0,0,0.13834469
0,0,0.36053312
0,0,0.15457343
0,0,0.32505575
0,0,0.11307457
0,0,0.45620698
0,0,0.19073665
0,0,0.1610292
0,1,0.6076943
0,0,0.18573396
0,0,0.13691932
0,0,0.09887069
0,0,0.29669216
0,0,0.22451806
0,1,0.74581075
0,0,0.1318083
1,1,0.5349709
0,0,0.11880508
0,1,0.5449139
0,0,0.3570375
1,1,0.5539006
0,0,0.3170311
0,0,0.38720208
0,1,0.5171072
1,0,0.4443678
0,0,0.37909022
0,1,0.6630204
0,1,0.8625705
0,1,0.57615554
0,0,0.1262749
0,0,0.2362985
0,0,0.22295716
0,0,0.07620797
0,0,0.13336706
0,0,0.39903256
0,0,0.3861925
0,0,0.33304688
0,0,0.08906361
0,0,0.33764985
0,0,0.23004809
0,0,0.034196984
0,0,0.35632506
0,0,0.13575605
0,1,0.7150377
0,0,0.31657284
0,0,0.4537963
0,0,0.30086043
0,1,0.82153064
0,0,0.39591646
0,1,0.6759564
0,0,0.16494045
0,0,0.4616478
0,1,0.7633518
0,0,0.34560332
1,1,0.65311384
0,0,0.33976606
1,1,0.56328225
0,0,0.43514687
0,1,0.603289
0,0,0.14139467
0,1,0.5316539
0,0,0.10369089
0,1,0.8147187
0,1,0.8147966
0,1,0.5238552
0,0,0.30683762
0,0,0.10756065
0,0,0.39236036
0,0,0.11932575
0,0,0.28445643
0,1,0.5435169
1,1,0.8213129
0,0,0.3443578
0,1,0.82872695
0,0,0.118523985
0,0,0.48633975
0,0,0.09289197
1,1,0.5687802
1,1,0.75553095
0,0,0.25784373
0,0,0.4393585
0,0,0.35892645
0,0,0.39988345
0,0,0.19636479
0,0,0.16258317
0,1,0.7270836
1,1,0.77166045
1,1,0.7976363
0,0,0.14417878
0,0,0.37403893
0,0,0.252005
0,0,0.27469212
0,0,0.17126676
0,1,0.8602188
0,0,0.4104231
0,0,0.15883654
0,0,0.48935616
0,0,0.33306915
0,0,0.16368277
0,0,0.23646083
0,0,0.1973777
0,1,0.54751396
0,0,0.3192144
0,0,0.112250604
0,0,0.41207406
0,0,0.31062746
0,0,0.23036376
0,1,0.5261861
0,0,0.39371586
0,1,0.8392025
0,1,0.5762339
0,0,0.4582641
0,0,0.21199693
0,1,0.55718535
1,0,0.49866036
0,0,0.42370027
0,1,0.5764362
0,0,0.3625527
0,0,0.4972541
0,0,0.43656933
1,0,0.21018995
0,0,0.34729245
0,0,0.2328326
0,0,0.1610059
0,0,0.24252023
0,0,0.2219029
0,1,0.6069092
0,0,0.30514547
1,1,0.78911895
1,1,0.75581366
0,1,0.70825624
0,0,0.11120017
0,0,0.26805982
0,0,0.15703648
0,0,0.43334618
0,1,0.54234123
0,0,0.15954994
0,0,0.30644313
0,1,0.7485143
0,0,0.49523246
0,1,0.8534602
1,1,0.61716706
0,1,0.527039
0,0,0.101680964
0,1,0.65149057
0,0,0.24618673
0,1,0.5514707
0,0,0.44027007
0,1,0.6046306
0,0,0.23523012
1,0,0.38159955
0,0,0.13122684
0,0,0.0633871
0,1,0.75547045
0,0,0.2704922
0,1,0.6155983
0,0,0.32903162
1,1,0.52591956
0,1,0.5670743
0,1,0.5722342
1,1,0.6364192
0,0,0.27128056
0,0,0.25260338
0,0,0.44700545
0,0,0.23702155
0,0,0.43615484
0,0,0.32388473
0,0,0.24872692
0,0,0.09140119
0,0,0.16543846
0,0,0.22428675
0,0,0.17628951
0,0,0.45513391
0,0,0.036915913
0,1,0.5726771
0,0,0.34712985
0,0,0.44454646
0,0,0.41764647
0,0,0.35105866
0,0,0.08326016
0,0,0.15182866
0,1,0.5720596
0,0,0.2046103
0,0,0.27510417
0,1,0.7053153
0,0,0.4419992
0,0,0.46625847
0,0,0.46472418
0,0,0.23310034
0,1,0.5513377
0,0,0.47842696
0,1,0.5679167
0,0,0.43376446
0,0,0.38713703
0,1,0.59536636
0,0,0.20084335
0,0,0.47208455
1,0,0.22911678
1,1,0.658905
0,0,0.38602978
0,1,0.67532426
0,1,0.72004324
0,0,0.38110664
1,1,0.61104035
0,0,0.35361272
0,0,0.097135134
0,1,0.55900204
1,1,0.53995955
0,1,0.6084526
0,1,0.5035726
0,1,0.6191574
0,1,0.5770665
0,0,0.30754343
0,1,0.8017558
0,0,0.3258208
0,0,0.15768372
0,1,0.7750808
0,1,0.5680405
0,0,0.41204685
0,0,0.4535996
0,1,0.6613584
0,0,0.131968
0,0,0.47084582
0,0,0.35809654
0,1,0.50459266
0,0,0.28683147
0,0,0.33013508
0,1,0.66455287
0,1,0.7659149
0,0,0.16351761
0,1,0.59898037
0,0,0.2121807
0,0,0.29461384
0,0,0.32818535
0,0,0.25169665
0,0,0.4526247
0,0,0.06753977
0,0,0.094821915
0,0,0.15994483
0,0,0.47811335
0,0,0.36269975
1,0,0.4283367
0,0,0.12904726
0,0,0.24468677
0,1,0.58844495
0,0,0.3167593
0,0,0.39268142
0,1,0.7738961
0,0,0.31517708
0,1,0.64496887
0,0,0.27815253
0,0,0.49606898
1,0,0.2260975
0,0,0.22533996
0,0,0.39144155
0,1,0.6535925
0,0,0.4949168
0,0,0.08976563
0,0,0.21586573
0,0,0.37086293
0,1,0.64436954
0,0,0.22583216
0,0,0.35713753
0,0,0.20573367
0,0,0.122579075
0,0,0.28789905
0,0,0.20050621
0,0,0.48297125
0,1,0.82193834
0,1,0.87019783
0,1,0.6526986
0,1,0.60783976
0,1,0.60117507
1,1,0.5209357
0,0,0.44929197
0,0,0.12746155
0,1,0.69982547
0,0,0.1571481
0,0,0.18054007
0,0,0.24405807
0,0,0.17348056
0,1,0.7011987
0,0,0.37846443
0,0,0.42540827
0,0,0.20424417
0,1,0.53335255
0,0,0.3280192
0,1,0.6546683
0,0,0.21396153
0,0,0.39290795
0,1,0.6107932
0,0,0.14819984
0,1,0.5378645
0,0,0.22727181
0,0,0.46265864
0,0,0.24890883
0,0,0.1469067
0,0,0.17268188
0,1,0.50535035
0,0,0.30233988
0,0,0.37284163
0,0,0.10908738
0,0,0.15041545
0,0,0.45784912
0,1,0.8570239
0,1,0.7789089
1,1,0.5519557
0,0,0.19154468
0,1,0.66553766
1,1,0.50438935
0,0,0.3601445
0,1,0.8189936
0,0,0.4707991
0,0,0.17795588
1,0,0.3167438
0,1,0.7791788
0,1,0.59318995
0,1,0.7158734
0,0,0.29539812
0,0,0.36013356
0,1,0.8707507
0,0,0.12625644
0,0,0.21506926
0,0,0.45640817
0,0,0.16320442
0,0,0.28148347
0,0,0.3353964
0,0,0.25192875
0,1,0.5559808
0,0,0.35222036
0,0,0.35053283
0,0,0.27637208
0,0,0.467001
0,1,0.55255026
0,1,0.7094296
0,0,0.08825136
0,0,0.09881553
0,0,0.40082633
0,1,0.59512323
0,0,0.3448496
0,0,0.10625976
0,0,0.4038375
0,1,0.53673863
0,0,0.46579048
0,0,0.4388863
0,1,0.5610997
1,1,0.5035648
0,0,0.18643238
0,0,0.17760971
0,0,0.45678678
0,0,0.46291804
0,1,0.5594876
0,0,0.09590147
0,0,0.4173309
0,0,0.15392204
0,0,0.35445273
0,0,0.13138534
0,1,0.52003884
0,1,0.6655723
0,1,0.5875333
0,0,0.14654009
0,0,0.2251795
0,0,0.13834573
0,0,0.42508358
0,0,0.29222313
0,1,0.6078648
0,1,0.57359797
0,0,0.2925228
0,0,0.08349004
0,0,0.30413067
0,1,0.507678
0,0,0.37134305
0,0,0.4393896
0,0,0.46811408
0,0,0.29245603
0,0,0.37424925
0,1,0.8160954
0,1,0.69123286
0,0,0.22273642
0,0,0.32881808
0,0,0.49712533
0,1,0.5065893
0,0,0.18399249
0,1,0.5505485
0,0,0.20613788
0,1,0.55217457
0,1,0.83169895
0,0,0.43012494
0,0,0.22450784
0,0,0.37431312
0,0,0.39096317
0,0,0.19126646
0,0,0.45951226
0,1,0.75157475
0,0,0.061071698
0,0,0.49096453
1,1,0.66802204
0,0,0.12228463
0,1,0.544904
0,0,0.14171004
0,1,0.58771694
0,0,0.22548397
0,0,0.42715397
0,0,0.46029362
0,0,0.15653421
0,0,0.48094973
0,1,0.6864309
0,1,0.726051
0,0,0.42331156
0,0,0.18526046
0,1,0.5775766
0,0,0.3606416
0,0,0.24175017
0,0,0.24679749
0,0,0.22059
0,0,0.069566354
0,0,0.49015817
1,0,0.42758983
0,0,0.22141111
0,0,0.39045644
0,1,0.5384126
1,1,0.5905422
0,0,0.21597631
0,0,0.19164121
1,1,0.65941507
0,1,0.5202189
0,0,0.43843597
0,0,0.3107044
1,0,0.44059038
0,0,0.17339356
0,1,0.7072354
0,0,0.18035083
1,1,0.6309652
0,0,0.31284395
0,1,0.7118416
0,0,0.23159075
0,1,0.5611533
0,0,0.18671177
0,0,0.09308035
0,0,0.20830444
0,1,0.5982789
0,0,0.08102419
0,0,0.372411
0,0,0.21870206
0,0,0.17583904
0,0,0.108317934
0,0,0.42349648
0,1,0.55223334
0,0,0.27987814
0,0,0.16607475
0,0,0.2165124
1,1,0.7829195
0,0,0.41926003
0,1,0.6746549
0,1,0.6697827
0,0,0.182641
0,1,0.77391374
0,0,0.25031054
1,1,0.7755357
0,0,0.23987876
0,0,0.35423908
1,1,0.5241765
0,1,0.5149642
0,0,0.28907257
0,1,0.6347575
0,1,0.7014857
0,0,0.080569
0,0,0.19866328
0,1,0.523457
0,1,0.6887873
1,0,0.24456133
0,0,0.36987156
1,1,0.62367266
0,0,0.3397199
0,0,0.1871258
0,0,0.13890994
0,1,0.7293761
0,0,0.31888163
0,1,0.90506494
0,0,0.31207025
0,0,0.44418332
0,0,0.22251965
0,0,0.47134006
0,0,0.2520019
0,0,0.371035
0,0,0.42568862
0,0,0.15743919
0,0,0.48712748
0,0,0.49166355
0,1,0.5168561
0,0,0.41358978
0,1,0.80696917
0,0,0.3519573
0,0,0.14529075
0,0,0.46086898
0,1,0.5222918
0,0,0.3770011
1,0,0.108389355
0,0,0.04680168
0,0,0.37659705
0,0,0.06778455
0,0,0.36841276
0,0,0.26699308
0,0,0.36741978
0,0,0.22764903
0,1,0.5119848
0,1,0.5768623
0,0,0.28286505
0,0,0.4370146
0,0,0.49243033
0,1,0.7215439
0,0,0.40192673
0,0,0.30501857
0,0,0.4027336
0,0,0.12885332
0,0,0.19881797
0,0,0.17774294
0,0,0.27475476
0,1,0.6831835
0,0,0.34251752
0,0,0.13162558
0,0,0.2993191
1,0,0.34400544
0,0,0.42759743
0,0,0.102090985
0,0,0.19160894
0,0,0.3565996
0,0,0.21475919
0,0,0.17280301
0,0,0.42323184
0,0,0.3536493
0,0,0.23481219
0,0,0.38660386
0,0,0.33244953
0,1,0.52004224
0,1,0.6092818
0,1,0.63170093
1,0,0.34632385
0,1,0.6446984
0,0,0.44274136
0,0,0.07991763
0,1,0.7056618
0,1,0.66158646
0,0,0.1401189
0,0,0.3558995
0,1,0.6530252
0,1,0.6146855
0,1,0.73458743
0,1,0.89775956
0,1,0.69266486
0,0,0.33574873
0,0,0.41003904
0,1,0.6508978
0,1,0.64976877
0,1,0.53358346
0,1,0.5531065
0,0,0.26197055
0,0,0.09677754
0,0,0.29167268
0,0,0.08747481
0,1,0.55015737
0,0,0.22592753
0,0,0.1935529
1,0,0.32940453
0,1,0.60553026
0,1,0.5703722
0,0,0.0957076
0,1,0.601286
0,0,0.33367833
1,0,0.37672263
1,1,0.8713114
0,0,0.21966262
0,0,0.48247138
0,0,0.12217765
0,0,0.111196056
0,0,0.18815221
0,1,0.7775475
0,0,0.29219466
0,0,0.209522
0,0,0.29827452
0,0,0.18451855
0,1,0.7099688
0,1,0.8393213
0,0,0.3233409
0,0,0.25590792
0,0,0.1771542
0,0,0.18942975
0,0,0.28348535
0,0,0.25525057
0,0,0.19565354
0,0,0.37728006
0,0,0.19814326
0,0,0.19670276
0,1,0.67673784
0,0,0.47783846
0,0,0.37700754
0,0,0.40745002
0,0,0.37730545
0,1,0.61069
0,0,0.30748168
0,1,0.61586684
0,0,0.24633537
0,0,0.27175036
0,0,0.29020974
0,0,0.4650919
0,1,0.6373225
0,0,0.29162404
1,0,0.35167015
0,0,0.11989168
0,1,0.60450065
0,1,0.5405876
0,0,0.28842923
0,0,0.18346019
0,1,0.64654285
0,0,0.17421749
0,1,0.5545574
0,0,0.19882719
0,1,0.6176426
0,0,0.29617658
1,1,0.907026
0,1,0.78689975
0,0,0.10433639
0,0,0.44520605
0,0,0.29566312
0,0,0.22205716
0,0,0.40510735
0,0,0.47866264
0,0,0.33783904
0,0,0.45897117
0,1,0.6503528
0,0,0.45521683
0,0,0.11237655
0,0,0.13142452
0,0,0.24056576
0,0,0.1401255
0,0,0.14430533
0,1,0.6311336
0,0,0.19913231
0,0,0.19282359
0,0,0.2125863
0,0,0.32380527
1,1,0.815156
0,0,0.31872964
0,0,0.21671782
0,0,0.20158243
0,1,0.57878774
0,1,0.60589963
0,1,0.50522965
0,1,0.66246957
0,0,0.4146938
0,1,0.5118577
0,0,0.47244167
0,1,0.5617718
0,0,0.014758135
0,0,0.28138477
0,1,0.5514871
1,0,0.27689475
0,0,0.31318113
0,0,0.26228768
1,1,0.6474369
0,0,0.19421536
0,0,0.14372358
0,0,0.34936142
1,1,0.74058557
0,0,0.41490456
0,0,0.3501165
0,0,0.22255044
0,0,0.33856022
0,0,0.205369
0,0,0.3727543
0,0,0.18602672
0,1,0.66548216
0,0,0.26212043
0,0,0.032098442
0,0,0.073929414
0,1,0.635002
0,0,0.20761465
0,0,0.049369752
0,1,0.657485
0,0,0.43193305
0,0,0.41769624
0,0,0.16991709
0,0,0.25435653
0,0,0.43714944
0,0,0.2697644
0,0,0.45372906
0,1,0.5937533
0,1,0.86607987
0,1,0.8321986
0,0,0.4063604
0,0,0.104781866
0,0,0.31650856
0,0,0.40747303
0,1,0.5429462
0,1,0.85058796
1,1,0.77884257
0,0,0.49567106
0,0,0.42947918
0,0,0.27354968
0,0,0.46424767
0,1,0.6672084
0,0,0.049895756
0,0,0.27037466
0,0,0.46616027
0,0,0.24186459
0,0,0.27644822
0,0,0.39476922
0,0,0.2552462
0,0,0.16071574
0,0,0.21329488
0,1,0.66342646
0,0,0.21435744
0,0,0.10843352
0,0,0.26023048
0,0,0.41740456
0,0,0.21639153
0,0,0.35176432
0,0,0.3827276
0,0,0.3020485
0,0,0.4669781
0,0,0.20413974
0,0,0.16568843
0,1,0.53814703
0,1,0.61999446
0,0,0.23694646
0,1,0.7314281
0,0,0.1718963
0,0,0.4481054
1,0,0.19969712
0,0,0.16347383
0,1,0.60403055
0,0,0.23765077
0,1,0.91033906
0,0,0.12832919
0,0,0.26693302
0,1,0.68882215
0,1,0.73048234
0,0,0.19535595
0,0,0.15317728
0,0,0.3603052
0,0,0.20902137
1,0,0.14564548
0,0,0.29632586
0,1,0.506449
0,0,0.3794856
0,0,0.44462705
0,0,0.13784933
1,1,0.7350321
0,0,0.3543634
0,0,0.3694571
0,0,0.2571519
0,0,0.15341407
0,0,0.43289617
0,0,0.4816816
0,1,0.7170271
0,0,0.20625274
0,1,0.6992719
0,0,0.27257806
0,0,0.11444882
0,0,0.28046128
0,1,0.69764507
0,0,0.15425865
0,0,0.40070054
0,1,0.67788386
0,0,0.31318596
0,0,0.20349306
0,1,0.67505866
0,0,0.23700307
0,0,0.23079361
0,0,0.42529133
0,1,0.7586019
0,0,0.25010163
0,0,0.46629542
0,0,0.23958106
0,0,0.15247355
0,1,0.80331916
0,0,0.16831109
0,0,0.35493082
0,0,0.34336764
0,0,0.17576821
0,0,0.26132783
0,0,0.26839495
1,1,0.79061973
0,0,0.32070208
0,0,0.12460704
0,1,0.65650326
0,0,0.16768274
0,1,0.5816122
0,0,0.22430503
0,0,0.07161223
0,0,0.25122803
0,1,0.54930127
0,0,0.26568875
0,0,0.2461641
0,0,0.15751505
0,1,0.5472827
0,1,0.56271464
0,0,0.39425614
0,0,0.18087709
0,0,0.053892687
0,0,0.07668274
0,0,0.08827812
0,0,0.18846022
0,0,0.4002024
0,1,0.5696313
0,1,0.82812726
0,0,0.22275978
0,1,0.6044128
0,0,0.24960497
0,0,0.36679152
0,1,0.5908475
0,0,0.49646077
0,1,0.54227483
0,0,0.18055417
0,1,0.8387591
0,0,0.1756311
0,1,0.5593713
0,0,0.37190524
0,0,0.4632743
0,0,0.2740008
1,0,0.35648844
0,1,0.5632937
0,1,0.7241637
0,0,0.20578066
0,0,0.1381659
0,1,0.6196018
0,0,0.20563877
0,1,0.5271675
0,1,0.55833834
0,0,0.22914134
0,0,0.16008408
0,1,0.587835
0,0,0.12727344
0,0,0.45306063
0,1,0.6777026
0,0,0.18422787
0,0,0.27711278
0,0,0.1966983
0,0,0.15161291
0,0,0.26257417
0,0,0.36892086
0,0,0.24150409
0,0,0.30985364
0,0,0.18500562
0,1,0.8666669
0,0,0.2951965
0,0,0.20111507
0,0,0.43047974
0,0,0.088848144
0,0,0.33800766
0,0,0.19179955
0,0,0.44482255
0,1,0.60988104
0,0,0.2934468
0,1,0.6835727
0,1,0.75250864
0,0,0.25880238
0,0,0.040575333
0,1,0.5335736
0,1,0.706165
0,0,0.24371058
0,0,0.4446086
0,0,0.35348693
0,0,0.1497231
0,0,0.44722688
0,1,0.71634924
0,0,0.27780014
0,0,0.4051166
0,1,0.59154445
0,0,0.45971793
0,0,0.25668603
1,0,0.49530855
0,0,0.15486933
0,0,0.11044298
0,1,0.7836846
0,0,0.25726944
0,1,0.60651356
0,0,0.42856002
0,0,0.09447497
0,0,0.17699021
0,0,0.3144658
0,0,0.19068074
0,0,0.3134612
0,0,0.4217619
0,0,0.2782397
0,0,0.40794256
0,0,0.2213396
0,0,0.40200132
0,0,0.33999825
1,1,0.77252316
0,0,0.22484802
1,1,0.50683314
0,0,0.40818247
0,0,0.36379534
0,0,0.14088061
0,0,0.41391
0,0,0.12776873
0,1,0.65080035
0,0,0.15840648
0,1,0.6926985
0,0,0.23404643
0,1,0.54771644
0,0,0.25536102
0,0,0.37348568
1,1,0.7727484
0,0,0.30871654
0,0,0.26629004
0,0,0.17560773
0,0,0.044255055
0,0,0.12869923
0,0,0.1294146
0,0,0.09074026
0,1,0.67876065
0,1,0.6928326
0,0,0.13060556
1,1,0.50641936
0,0,0.23841497
0,1,0.6209382
0,1,0.74726796
0,1,0.61246705
0,0,0.25082693
0,0,0.25535956
1,0,0.27502736
0,1,0.53379583
0,0,0.18556985
0,0,0.08348026
0,0,0.2348292
0,1,0.5451009
0,0,0.2933292
0,0,0.20462121
0,1,0.57952756
0,0,0.32956925
0,1,0.5713635
0,0,0.08592528
0,0,0.36908332
0,1,0.6423774
0,0,0.32243344
0,0,0.28719637
0,0,0.31591535
0,0,0.45879716
0,0,0.4337399
0,0,0.31329614
0,0,0.23567986
0,1,0.68879104
0,0,0.18236613
0,1,0.5501536
0,0,0.2719749
0,0,0.21554744
0,1,0.793766
0,1,0.5782885
0,1,0.559549
0,1,0.738131
0,0,0.3056228
0,0,0.20756365
0,0,0.19177622
0,1,0.53568935
0,0,0.22470443
0,0,0.35833168
0,1,0.802784
0,0,0.49749115
0,1,0.64140886
0,0,0.1865075
0,1,0.86626977
0,0,0.38085228
0,0,0.090603314
0,0,0.13832405
0,0,0.22393276
0,0,0.20106953
0,0,0.17198251
0,0,0.23803969
0,0,0.200998
0,0,0.26543278
0,1,0.5324725
0,1,0.74179655
0,1,0.57910293
0,0,0.36006138
0,1,0.52746814
0,0,0.21125415
1,0,0.36096647
0,0,0.3055009
0,0,0.26626745
0,0,0.36943504
0,1,0.6038959
0,0,0.20250821
0,0,0.14663082
0,1,0.70287585
0,0,0.2857001
0,0,0.13794771
0,1,0.54116946
0,0,0.4322319
1,1,0.7132693
0,0,0.26784423
1,1,0.50900435
0,0,0.2140383
1,1,0.83475745
0,1,0.85616004
0,1,0.53107643
1,1,0.64170766
0,1,0.67196065
1,1,0.7702182
1,0,0.21469972
0,0,0.40269166
1,1,0.5648764
0,1,0.6718636
0,0,0.19355617
0,0,0.31898567
0,0,0.45851845
0,1,0.8055364
0,1,0.5008622
1,1,0.7540999
0,0,0.36985782
0,0,0.17542543
0,0,0.13504054
0,0,0.4415769
0,0,0.12231187
0,0,0.2562599
0,0,0.29928768
0,0,0.28936943
0,1,0.5758547
0,0,0.107243545
0,0,0.42157096
0,0,0.31633106
0,0,0.29598376
0,0,0.37303188
0,1,0.5875819
0,0,0.3898512
0,0,0.13855712
0,0,0.152182
0,0,0.3307796
0,1,0.5914005
0,1,0.7665192
0,0,0.40768203
0,0,0.39644507
0,1,0.71780086
0,0,0.11377801
0,1,0.51304257
0,0,0.40046936
0,0,0.4427325
0,0,0.40234968
0,0,0.32052675
0,1,0.751098
0,0,0.043829788
0,1,0.59939456
0,1,0.76764077
0,1,0.53469664
0,0,0.23421921
0,0,0.32476532
1,0,0.260409
0,0,0.38540426
0,0,0.26874867
0,0,0.48934418
0,0,0.048286162
0,0,0.47670385
1,1,0.70109
0,1,0.7116751
0,0,0.12621015
0,1,0.5685009
0,1,0.595251
0,1,0.56439465
0,0,0.19611613
0,0,0.30733988
0,0,0.30703193
0,0,0.31624153
0,0,0.104518466
0,0,0.39349034
0,0,0.28015903
0,0,0.38975736
0,0,0.16730098
0,1,0.6220075
0,0,0.16226171
0,0,0.08826837
0,0,0.291798
0,0,0.18237057
1,0,0.42404494
0,0,0.4486589
0,0,0.15131189
0,0,0.2111901
0,0,0.2241847
0,0,0.27742267
0,0,0.38009173
0,1,0.69243103
0,0,0.2837943
0,0,0.4227711
0,0,0.12195951
0,0,0.11392953
0,0,0.25398782
0,0,0.33887178
0,0,0.447173
0,0,0.20047882
0,1,0.6766913
0,0,0.0849197
1,0,0.16827415
0,0,0.19067816
0,0,0.18567488
0,0,0.4544603
0,0,0.27623376
0,0,0.23711053
0,0,0.290201
0,0,0.1934144
0,1,0.6722029
0,0,0.49239093
0,0,0.30723664
0,0,0.44470286
0,0,0.27474612
1,1,0.6770409
0,1,0.52548116
0,0,0.21968156
0,1,0.61228174
0,1,0.6710558
0,0,0.41053694
0,1,0.8894159
0,0,0.37060332
0,1,0.8161116
0,0,0.33959463
0,1,0.8531568
0,1,0.6676717
0,1,0.54096967
0,0,0.25578
0,0,0.118236594
0,0,0.12040701
0,0,0.123245165
0,0,0.33476037
1,1,0.59714466
0,0,0.22005951
0,0,0.48230526
0,0,0.056798533
0,0,0.124091014
0,0,0.13794239
0,0,0.4471077
0,0,0.36541867
0,0,0.18227911
0,0,0.42228606
1,1,0.8886638
0,0,0.2000893
0,1,0.8911807
0,0,0.14897968
1,1,0.5995463
0,0,0.41981688
0,0,0.33276767
0,0,0.12012157
0,0,0.17600286
0,0,0.13989256
0,0,0.48245338
0,1,0.73355997
1,0,0.20765653
0,0,0.45776716
0,0,0.428461
0,0,0.07388201
0,1,0.53104925
0,0,0.22324465
0,0,0.4598355
0,0,0.49215347
0,0,0.19275351
0,0,0.17608152
0,0,0.19030659
0,0,0.24455476
0,1,0.76581585
0,0,0.2735538
0,0,0.24966933
0,0,0.24668099
0,0,0.1931845
0,1,0.7236705
0,0,0.30716884
0,1,0.831339
0,0,0.08471242
0,0,0.3105789
0,0,0.19622168
0,0,0.33664513
0,0,0.48306715
0,1,0.81324434
0,0,0.11358027
0,1,0.5523939
0,0,0.2046875
0,0,0.38325176
0,0,0.21121995
0,0,0.24551694
0,1,0.67035025
0,0,0.4210085
0,1,0.5802796
0,0,0.35240838
0,0,0.13848205
0,1,0.7694787
0,0,0.25485006
0,0,0.31315663
0,0,0.24142247
0,0,0.12176354
0,1,0.6273601
0,1,0.71420753
0,0,0.22250322
0,1,0.71945035
0,0,0.19555101
0,0,0.081156574
0,0,0.46271202
0,0,0.28375047
0,0,0.32772577
0,0,0.42367247
0,1,0.610523
0,0,0.10919042
0,0,0.40778872
0,0,0.290606
1,0,0.44094443
0,0,0.42906576
0,0,0.1729698
0,0,0.29180363
1,0,0.46754217
0,0,0.1610423
0,0,0.42940196
0,1,0.6219065
0,0,0.29698044
0,1,0.85993063
0,0,0.3532394
0,0,0.2825384
0,0,0.13840683
0,1,0.5401223
0,0,0.26925933
0,0,0.11191386
0,1,0.5501237
0,1,0.81772524
0,0,0.24393976
0,1,0.7955794
0,1,0.57156736
0,1,0.55095685
0,1,0.698918
0,0,0.2939008
1,1,0.50661707
0,0,0.16208918
0,0,0.43931347
0,1,0.82510525
0,0,0.19599894
0,1,0.81141436
0,0,0.41573274
0,0,0.1257478
0,0,0.25546986
0,0,0.2867507
0,0,0.35619333
0,0,0.37220916
0,0,0.28732917
0,0,0.26241934
0,0,0.3096314
0,0,0.26624474
0,0,0.06949269
0,0,0.456355
0,0,0.2172382
1,0,0.42476928
1,1,0.76182663
0,1,0.7081314
0,0,0.48757467
0,0,0.42786762
0,0,0.06950502
0,1,0.7047903
0,0,0.3002529
0,0,0.34920123
0,0,0.37977374
0,0,0.17407916
0,0,0.24385563
0,0,0.2019021
0,0,0.18505514
0,1,0.650332
0,1,0.6265433
1,1,0.91862875
0,1,0.50878555
0,0,0.10587816
0,0,0.32659578
0,0,0.07417286
0,0,0.27948737
0,1,0.52425534
0,0,0.15454999
0,1,0.70782816
0,1,0.7724581
0,0,0.2931332
0,0,0.20604555
1,1,0.80247384
0,1,0.60338277
0,0,0.18250968
0,1,0.5181083
0,0,0.097469084
0,0,0.19470719
0,0,0.19894071
0,0,0.2780897
0,0,0.44727126
0,1,0.85358095
0,0,0.16184719
1,1,0.76238143
0,0,0.22814049
0,0,0.19237061
0,1,0.7170097
0,0,0.27247247
0,0,0.059470296
0,0,0.3622915
0,0,0.42631513
0,1,0.7908812
0,0,0.24859948
0,1,0.60905665
0,1,0.8167591
0,0,0.3006164
0,0,0.38794044
0,0,0.379655
0,0,0.02836151
1,0,0.29012457
0,0,0.0805614
0,1,0.6391641
0,0,0.44787344
0,0,0.35753837
0,0,0.35247982
0,0,0.42487323
0,1,0.51999587
0,1,0.80692655
0,1,0.5178238
0,0,0.16651163
0,0,0.46446922
0,1,0.5733208
0,0,0.17946494
0,0,0.19333082
0,0,0.03944978
0,0,0.41556546
0,0,0.40929478
0,0,0.18272677
0,0,0.22148411
0,0,0.3092293
0,0,0.41062987
0,0,0.46845213
0,1,0.668319
0,0,0.12781812
0,0,0.15774883
0,0,0.30143452
0,0,0.10083086
0,0,0.39370328
1,1,0.5691628
0,1,0.5129418
0,0,0.41493726
0,0,0.3385388
0,0,0.39257938
0,0,0.107461005
0,0,0.14836507
1,1,0.631948
0,0,0.31983337
0,0,0.22603278
0,1,0.6398346
0,1,0.7588373
1,1,0.63440645
0,0,0.36944962
0,0,0.47469378
0,0,0.3703307
0,0,0.15461169
0,0,0.174638
0,0,0.121050626
0,0,0.34181833
0,0,0.1288089
0,0,0.089587696
0,0,0.2629272
0,0,0.08332641
0,1,0.80002594
0,0,0.25572816
0,0,0.25813982
0,0,0.163542
0,0,0.41117772
0,0,0.0601046
0,0,0.12169401
0,1,0.5676023
0,0,0.05254578
0,0,0.214074
0,1,0.70045847
0,1,0.56697416
0,0,0.31137255
0,0,0.18739413
0,1,0.5404642
0,0,0.12310721
0,0,0.16278982
0,0,0.20851988
0,0,0.25983122
0,0,0.13934134
0,0,0.2301891
0,0,0.20906824
0,0,0.43943354
0,0,0.47311994
0,0,0.102085866
0,0,0.4059629
0,1,0.55382985
0,0,0.45580965
0,0,0.2532603
0,1,0.5636532
1,1,0.6551114
0,0,0.34651595
0,0,0.14286378
0,0,0.14895901
0,0,0.14942272
0,0,0.3169009
0,1,0.61564666
0,0,0.34733492
0,0,0.1669289
0,0,0.4174252
0,0,0.24932787
0,0,0.25540355
0,0,0.25506935
0,0,0.31189474
0,1,0.52073836
0,0,0.16090512
0,0,0.2960024
1,0,0.47879067
0,1,0.5724164
0,0,0.45442313
0,0,0.3159546
0,1,0.6800066
0,0,0.21499062
0,0,0.21381572
0,0,0.26857755
0,1,0.510375
1,1,0.66982794
0,0,0.07068683
0,0,0.18278529
0,0,0.36107302
0,1,0.54358256
0,0,0.45090953
0,0,0.29732537
1,0,0.1416392
1,1,0.5998187
1,0,0.17773092
0,0,0.45101517
0,1,0.58014816
0,0,0.18698175
0,0,0.18370639
0,0,0.43270063
0,0,0.38734242
0,0,0.34439698
0,1,0.752024
0,0,0.29466635
0,1,0.5739568
0,0,0.45762566
0,0,0.21267375
0,1,0.6428348
0,0,0.22778492
1,0,0.4862623
0,0,0.21117656
0,0,0.43957755
0,0,0.08571817
0,1,0.61113554
0,0,0.1868887
0,0,0.45716214
0,1,0.8450258
1,1,0.76413107
0,0,0.24567303
0,1,0.53171563
0,0,0.14387657
0,0,0.34887823
0,0,0.44195703
0,0,0.36118224
1,0,0.10502284
0,0,0.23111396
0,0,0.09629163
0,1,0.5138743
0,1,0.77292466
0,1,0.61188877
0,0,0.1709334
0,0,0.2465354
0,0,0.22531427
0,1,0.7814248
0,0,0.29110664
0,0,0.067040704
0,0,0.33065608
0,1,0.5945197
0,1,0.55360335
0,0,0.3507539
0,0,0.4774922
0,1,0.53197116
1,1,0.887429
0,1,0.6927674
0,0,0.22877917
0,0,0.16615276
0,0,0.25807834
0,0,0.40834153
0,0,0.2779519
0,1,0.7239265
0,0,0.19662593
0,1,0.57778025
0,1,0.73840904
0,0,0.19879514
0,0,0.37902477
0,0,0.15020256
0,0,0.18285629
0,1,0.52032596
0,0,0.32913494
0,0,0.4126807
0,0,0.35989556
0,1,0.65538365
0,0,0.4625117
0,0,0.4966403
1,0,0.26945832
0,0,0.49475357
0,0,0.15302326
0,0,0.43725255
0,1,0.7773323
0,0,0.31600308
0,0,0.20324123
0,1,0.50040036
0,0,0.21960539
0,0,0.1651915
0,0,0.35719842
0,1,0.5576528
0,0,0.3254571
0,0,0.21526591
0,0,0.08704333
0,1,0.729972
0,0,0.4556317
1,1,0.8946499
0,0,0.4875993
0,0,0.15359066
1,0,0.40736404
0,0,0.09955696
0,1,0.7367834
0,1,0.5747814
0,0,0.26430032
1,1,0.6607458
0,0,0.21787648
0,1,0.7227034
0,0,0.4592065
0,0,0.35053265
0,0,0.120652735
0,0,0.2313577
0,0,0.38244858
0,0,0.112206236
0,0,0.4389137
0,0,0.4880806
0,0,0.38719216
0,1,0.8478617
0,1,0.5665974
0,1,0.5188961
0,0,0.3733634
0,0,0.21214846
0,0,0.15553993
0,0,0.3665304
0,0,0.17519717
1,0,0.32059908
1,0,0.18346156
0,0,0.16345574
0,1,0.70859796
0,1,0.5206435
0,0,0.39709896
0,0,0.17871597
0,1,0.8652227
1,1,0.64117754
1,1,0.8115973
0,0,0.33704603
0,0,0.10110275
0,0,0.12294529
0,1,0.55465287
0,1,0.6258674
1,1,0.7914801
0,0,0.098858066
0,0,0.32355505
0,0,0.38543406
0,0,0.16398336
0,0,0.31788158
0,0,0.1399886
0,0,0.18605734
1,1,0.7652489
0,0,0.15888831
0,0,0.15308586
0,1,0.5713003
0,1,0.6752228
0,1,0.7554558
0,0,0.21548589
0,0,0.2951169
0,0,0.33260766
0,0,0.17121805
0,0,0.1531539
0,0,0.25485358
0,1,0.56963545
0,1,0.61070734
0,1,0.52260244
0,1,0.50830585
0,0,0.2481166
0,1,0.72711253
0,0,0.44590417
0,0,0.3890412
0,0,0.47482684
0,0,0.27224025
0,1,0.5028794
0,1,0.5680934
0,0,0.38119218
0,0,0.20251495
0,0,0.28855407
1,0,0.14371087
1,1,0.65319854
0,1,0.5867214
0,0,0.4251365
0,1,0.735187
0,0,0.34957537
0,1,0.61975193
1,0,0.4310814
0,0,0.22378597
0,0,0.15072867
1,0,0.17805994
0,0,0.15852383
0,0,0.15615907
0,0,0.43040186
0,0,0.089494854
0,0,0.18046266
0,0,0.2755902
0,0,0.42275417
0,0,0.33221292
0,0,0.14010778
0,1,0.82891685
0,0,0.2320661
0,1,0.5289151
0,0,0.2017922
0,0,0.4192023
0,1,0.58411723
0,1,0.5246898
1,1,0.7254535
0,1,0.69472325
0,0,0.27244833
0,0,0.43259263
0,0,0.28035152
0,1,0.64572227
1,1,0.7022712
0,1,0.5362828
0,0,0.44867676
0,0,0.4020202
0,1,0.52909714
0,0,0.27414134
0,0,0.4041414
0,1,0.7501224
0,0,0.11115357
0,0,0.3981377
0,0,0.14985509
0,0,0.4394148
0,0,0.15131308
0,0,0.4545576
0,0,0.37045592
0,0,0.4686923
1,1,0.55256855
0,0,0.06880741
0,0,0.4745038
0,1,0.5576578
0,0,0.4186169
0,0,0.23771358
0,0,0.35904673
0,0,0.4061092
0,0,0.07693873
0,0,0.36658823
0,0,0.4632032
0,0,0.18135327
0,0,0.49543655
0,0,0.29964206
0,0,0.24169618
0,1,0.791139
0,1,0.508813
0,0,0.4461981
0,1,0.54191124
0,0,0.41749564
0,0,0.27911344
0,0,0.29040697
0,0,0.31178296
1,1,0.6654614
0,0,0.40379208
0,0,0.16883576
0,1,0.6780366
0,0,0.15173589
0,1,0.8392158
1,1,0.53417677
1,1,0.5603042
0,1,0.88771653
0,1,0.7741545
0,0,0.45223176
0,1,0.61375237
0,0,0.47850052
0,0,0.15109965
0,0,0.3849742
0,1,0.72969776
0,0,0.13778603
0,1,0.58156
0,1,0.6364684
0,1,0.7084658
0,0,0.39689854
0,1,0.62298864
0,0,0.14813426
0,0,0.35014135
0,0,0.28193247
0,0,0.34564814
0,0,0.48896745
0,0,0.25290594
0,0,0.25536922
0,0,0.17057551
1,1,0.7922262
0,0,0.16345568
0,1,0.72575516
0,0,0.4114255
0,1,0.79603666
0,0,0.11596971
0,1,0.76519525
0,0,0.34060383
0,0,0.2123198
0,0,0.1267295
0,0,0.38135153
0,0,0.15049607
0,0,0.46472305
0,0,0.17358382
0,1,0.7910873
0,1,0.50367457
0,0,0.2643782
0,0,0.14219558
0,0,0.48506582
0,0,0.21625043
0,0,0.46162647
0,0,0.49420977
0,0,0.20808478
0,0,0.2114597
0,0,0.14131732
0,0,0.45536873
0,0,0.3437629
0,0,0.14948602
0,0,0.2791565
0,1,0.70998925
0,0,0.1827203
0,0,0.37387773
0,0,0.42248476
0,1,0.7977154
0,0,0.25025326
0,1,0.6151965
0,0,0.26201123
0,1,0.6396089
0,0,0.3719576
0,0,0.37614915
0,1,0.6637186
0,1,0.69482255
0,0,0.27442008
0,1,0.6828531
0,0,0.22149417
0,0,0.21791004
0,1,0.6365348
1,1,0.6078354
0,0,0.17748576
0,0,0.07520692
0,0,0.24644768
0,0,0.2918892
0,1,0.5774241
0,1,0.7027679
0,0,0.28344578
0,0,0.47657412
0,0,0.25161013
0,0,0.4563712
0,0,0.2513129
0,0,0.21765812
0,0,0.48966044
0,0,0.10591717
0,0,0.20611617
0,1,0.54224294
0,0,0.19181003
0,1,0.7267973
0,0,0.31513125
0,1,0.6055997
0,1,0.60104316
0,1,0.6235794
0,0,0.30072966
0,0,0.3584015
1,1,0.90189856
0,0,0.47990945
0,0,0.25770974
0,0,0.49480027
1,1,0.8134381
0,0,0.24763997
0,0,0.4640722
0,0,0.18430391
0,0,0.2326045
1,1,0.713703
0,1,0.54313356
0,1,0.63267285
0,0,0.37462825
0,1,0.7086845
0,1,0.61868
1,1,0.76503646
0,0,0.26540375
0,0,0.35678312
0,0,0.39137018
0,1,0.5892859
0,0,0.33466268
0,1,0.73947185
0,1,0.537605
0,1,0.67752796
0,0,0.09118279
0,0,0.47028336
0,1,0.6887618
0,0,0.33421412
0,1,0.5018798
0,1,0.66292626
1,1,0.6172969
0,0,0.15288384
0,1,0.53677523
0,0,0.26327372
1,1,0.73561823
0,1,0.74819165
0,0,0.489146
0,1,0.68136615
0,0,0.38370076
0,0,0.11790756
0,1,0.68594384
0,0,0.34345135
0,0,0.206431
0,0,0.28700078
0,0,0.15142961
0,0,0.273535
0,0,0.1567551
0,0,0.22138351
0,0,0.38106886
0,0,0.11726247
0,0,0.18570456
0,0,0.36820874
0,0,0.15376808
0,0,0.18607225
0,0,0.41708106
0,1,0.6255895
0,1,0.8023251
0,0,0.15083642
0,0,0.49539092
0,0,0.22467645
0,1,0.5375365
0,1,0.8592531
0,1,0.71972305
0,1,0.52718985
1,1,0.67385346
0,1,0.6178501
0,1,0.5142123
0,0,0.12855402
0,0,0.16278009
0,1,0.6656802
0,0,0.08887229
0,0,0.43062183
0,1,0.5928022
0,1,0.65433854
0,0,0.28149414
0,0,0.21351756
0,0,0.13512328
0,1,0.91390204
0,1,0.7087532
0,1,0.7097718
0,0,0.14966829
0,0,0.3297039
0,1,0.53518546
0,0,0.44350886
0,0,0.20954266
0,0,0.16939478
0,0,0.1031459
0,0,0.4813837
0,0,0.42691746
0,1,0.91835
0,0,0.49517855
0,1,0.64404535
0,0,0.2869666
0,0,0.38773894
0,0,0.33893323
0,0,0.25456983
0,0,0.2084537
0,1,0.58123815
1,0,0.243615
0,0,0.22051863
0,0,0.21444611
0,0,0.2805499
0,0,0.11590279
0,0,0.11969264
0,0,0.13662212
0,1,0.5658397
1,0,0.26710275
1,1,0.6306638
0,0,0.4864327
0,1,0.69472957
0,0,0.104753874
1,1,0.75139683
0,1,0.6901491
0,0,0.222744
0,1,0.5119734
0,0,0.41299325
0,1,0.59222484
0,1,0.62166685
0,1,0.5411322
0,0,0.119444646
0,0,0.33104578
0,0,0.21423578
0,0,0.40988016
0,0,0.22683452
0,1,0.5779954
0,0,0.38123092
0,1,0.66088355
0,0,0.1250407
1,0,0.17498891
0,0,0.32713357
0,0,0.43081892
0,0,0.09396673
0,0,0.19175631
0,0,0.24979691
0,0,0.43266514
0,1,0.52677405
0,1,0.8042277
0,0,0.23500524
0,0,0.21145979
0,0,0.38646436
0,0,0.18282735
0,0,0.25616047
0,0,0.30630586
0,1,0.68074954
0,1,0.5441279
0,0,0.24636257
0,0,0.36031106
0,0,0.24559674
0,0,0.08364505
0,1,0.5659061
0,1,0.64239895
0,0,0.4932564
0,1,0.71806484
0,0,0.24836066
0,0,0.470203
0,1,0.60230035
0,0,0.3695342
0,0,0.22244643
0,1,0.64808697
0,1,0.8009412
0,0,0.42153594
0,0,0.45094618
0,0,0.13821311
0,0,0.23017658
0,0,0.32801518
0,0,0.30253494
0,1,0.6235525
0,0,0.3073627
0,1,0.6620921
0,0,0.13524601
0,1,0.8170552
0,0,0.40626907
0,0,0.23819062
0,0,0.48198822
0,0,0.3895294
0,0,0.34078476
0,0,0.378079
0,0,0.3524113
0,0,0.24337311
0,0,0.26010275
0,0,0.4858833
0,1,0.7135185
0,0,0.101130836
0,0,0.015279089
0,0,0.42869022
0,0,0.06904173
0,0,0.3267831
0,0,0.44128656
0,0,0.46179587
0,0,0.110146426
0,0,0.102173515
0,0,0.45594135
0,0,0.2068917
0,0,0.19294222
0,0,0.16656102
0,0,0.17803656
0,1,0.6562219
0,1,0.5600528
0,1,0.6448368
0,0,0.43802416
0,0,0.3803679
1,1,0.915207
0,1,0.72817934
0,0,0.45788512
0,0,0.2499941
0,0,0.40259486
0,0,0.29778594
0,1,0.59764963
0,0,0.19082896
0,0,0.23184855
1,0,0.1083983
0,1,0.63404775
0,1,0.53423744
0,0,0.4569096
0,0,0.4473221
0,0,0.09413894
0,0,0.15030883
0,0,0.2653959
0,0,0.2840176
0,0,0.24050792
0,0,0.23473404
0,1,0.56721157
1,1,0.5561735
0,0,0.31425175
0,0,0.08961435
0,0,0.15570702
0,1,0.51655173
0,1,0.6917154
0,1,0.63942164
0,0,0.35616314
0,0,0.46933913
0,0,0.17433287
0,0,0.25743875
0,0,0.18079513
0,0,0.07990754
0,0,0.43834004
1,0,0.43591443
0,0,0.32418174
0,0,0.35333654
1,1,0.5795784
0,0,0.072467715
0,0,0.2923395
0,0,0.22512443
0,1,0.6423118
0,1,0.66805416
0,0,0.23646347
0,0,0.11574788
0,0,0.26682225
0,0,0.11707539
0,0,0.21021128
0,1,0.5530538
0,0,0.2679325
0,0,0.24026912
0,0,0.42284352
0,1,0.56656426
0,0,0.23010181
0,0,0.346383
1,0,0.36044568
0,0,0.29946956
0,0,0.355533
0,0,0.37822294
1,0,0.3855623
0,1,0.55773425
0,1,0.66945297
0,0,0.18160948
0,0,0.15525287
0,1,0.52670366
0,1,0.8041303
0,1,0.5605984
0,1,0.5202762
0,0,0.07556359
1,0,0.40649208
0,1,0.7880462
0,0,0.21454051
0,1,0.75852454
0,0,0.29329988
0,0,0.22582266
0,0,0.27017915
0,0,0.36604977
1,1,0.84141314
0,0,0.4165221
0,0,0.26550826
0,0,0.30996814
0,1,0.6558944
0,0,0.33674747
0,0,0.24703655
0,0,0.34368983
0,0,0.2003935
0,0,0.2076993
0,1,0.63090485
0,0,0.21916856
0,0,0.0652828
0,1,0.53422624
0,1,0.5094029
1,1,0.8263521
0,0,0.16168879
0,1,0.5482393
0,1,0.71880394
1,1,0.5270422
0,0,0.23686543
0,1,0.62590027
0,0,0.052147985
0,0,0.28708622
0,0,0.17643753
1,1,0.5954756
0,1,0.77035964
0,0,0.18896858
1,1,0.89846766
1,0,0.19913307
0,0,0.41035098
0,0,0.28710777
0,1,0.5373386
0,0,0.49370292
0,0,0.23512916
0,0,0.250097
0,0,0.44816303
0,1,0.71715033
0,1,0.8000438
0,0,0.44266957
0,0,0.18560393
0,0,0.22045739
1,0,0.40498623
0,1,0.7305738
0,0,0.46122214
0,0,0.10114287
0,0,0.33418927
1,1,0.5603141
0,0,0.16704457
0,0,0.17050315
0,0,0.07014258
0,0,0.27507225
0,1,0.566818
0,1,0.6485392
1,0,0.45057854
0,1,0.7317805
0,0,0.39519975
0,0,0.3332312
0,0,0.28326347
0,0,0.22443432
0,0,0.29869062
0,0,0.10103027
0,1,0.5157473
0,0,0.45365447
1,1,0.6735168
0,1,0.600838
0,0,0.2476885
0,1,0.59379613
0,0,0.0734246
0,1,0.80681133
0,1,0.5070062
0,0,0.17389508
0,0,0.3715592
0,1,0.6183972
0,1,0.8558811
0,1,0.6287677
0,0,0.29102236
0,0,0.4245128
0,0,0.49580032
0,0,0.31779164
0,0,0.22113034
0,0,0.20310688
1,1,0.6004165
1,1,0.8956359
1,1,0.60680884
1,1,0.8092923
0,0,0.24717453
1,1,0.77705336
0,0,0.26239753
0,0,0.15939434
0,1,0.6078162
0,0,0.47729626
0,0,0.23621221
0,0,0.30388576
0,0,0.4261695
1,1,0.8526249
0,0,0.2438913
0,0,0.3764721
0,1,0.6091431
0,0,0.42305538
0,0,0.3874922
0,1,0.8490622
0,0,0.13387725
1,1,0.79377156
0,0,0.2408039
0,1,0.69300455
0,1,0.55823934
0,0,0.47374755
0,1,0.5203279
0,0,0.1818235
0,0,0.3355226
0,0,0.15113781
0,1,0.6171391
0,0,0.32462838
0,0,0.22563234
0,0,0.19870159
1,1,0.5537633
0,0,0.1510843
0,1,0.5521567
0,0,0.10734887
0,0,0.20235996
0,1,0.656234
0,0,0.36676422
1,1,0.8348701
0,1,0.5176649
0,0,0.44582474
0,0,0.27525386
0,0,0.28681287
0,0,0.20133573
0,0,0.20630768
0,0,0.48905152
0,0,0.16194059
0,0,0.43692106
0,0,0.37284234
0,0,0.3191491
0,0,0.3345583
0,0,0.09819709
0,0,0.2884135
0,0,0.46795645
1,0,0.456634
1,1,0.8283172
0,0,0.1403057
0,0,0.33708298
0,0,0.2575226
0,0,0.17251796
0,1,0.6266319
0,1,0.5124545
0,1,0.5108458
0,0,0.19261794
0,0,0.3885722
0,0,0.30099937
0,1,0.55688936
0,0,0.4731333
0,1,0.5951473
0,0,0.1913387
0,0,0.20171265
0,1,0.76062155
0,0,0.28629103
0,0,0.26037982
0,0,0.38443956
0,0,0.3052707
0,0,0.49813622
1,0,0.41505727
1,1,0.88342714
0,0,0.30470726
0,0,0.2398081
0,0,0.3636031
0,1,0.56456697
0,0,0.12353127
0,0,0.28690642
1,1,0.82128125
0,0,0.38409123
1,1,0.673181
0,1,0.6470844
0,0,0.32462457
0,0,0.2759388
0,0,0.27695763
0,1,0.8258328
0,0,0.29281625
0,1,0.64852214
0,0,0.30492914
0,1,0.6336624
0,0,0.35099372
0,0,0.30245483
0,0,0.25534102
1,1,0.6633144
0,0,0.37258697
1,1,0.73049015
0,0,0.20796695
0,0,0.18160516
0,0,0.45873907
0,1,0.6258584
0,0,0.4884195
0,0,0.3298388
0,0,0.4274463
0,0,0.17151454
0,0,0.2329689
0,0,0.13048218
0,0,0.3807271
0,0,0.23277172
0,0,0.12756489
0,0,0.031406477
0,0,0.39280275
0,0,0.19982965
0,1,0.7345092
0,0,0.2154856
0,1,0.59033597
0,0,0.10167443
0,0,0.39620188
0,0,0.3452144
0,0,0.3474057
0,1,0.8403124
1,1,0.74968815
0,0,0.13397805
0,1,0.5325803
0,1,0.6391484
0,0,0.09622031
0,0,0.44851857
1,0,0.32197407
0,0,0.4091909
0,1,0.54657906
0,0,0.28622603
0,0,0.25345945
0,0,0.4658614
0,0,0.2757271
0,1,0.6906981
0,0,0.35122356
1,1,0.67331064
0,0,0.29187793
1,1,0.8006929
0,0,0.44548228
0,0,0.1630688
1,1,0.7230948
0,0,0.17411907
0,0,0.42012736
0,1,0.54645765
0,0,0.37926254
1,1,0.9490028
0,0,0.16909026
0,0,0.4494831
0,0,0.17869677
0,0,0.40389353
0,0,0.20461349
0,0,0.17779963
0,0,0.24685867
1,1,0.57596207
0,0,0.10900843
0,1,0.6893623
0,0,0.24928193
0,0,0.47388467
0,0,0.15764475
0,0,0.33914867
0,1,0.77449375
0,0,0.1946366
0,0,0.3662519
0,0,0.28065115
0,0,0.10801917
0,0,0.37378678
0,0,0.3981918
0,0,0.1462099
0,0,0.30536288
0,0,0.29059032
0,0,0.34313843
1,1,0.91321355
0,0,0.34756392
0,1,0.5881322
0,0,0.33346543
0,0,0.39358646
0,0,0.33659494
0,0,0.3126871
0,0,0.41243494
0,1,0.7616918
0,0,0.1405827
0,0,0.16730443
0,0,0.22994643
0,0,0.14237627
0,0,0.47565064
0,0,0.36131474
0,0,0.47842428
0,0,0.37133208
0,0,0.1850687
0,0,0.12803097
0,0,0.29034957
0,0,0.2517924
0,0,0.27195027
0,0,0.07923801
0,1,0.78959465
0,1,0.5756279
0,0,0.18597104
0,1,0.7397139
1,0,0.29823953
0,1,0.6172709
0,0,0.43988308
0,0,0.31362846
0,1,0.6502615
0,1,0.693751
0,1,0.5289861
0,1,0.5386065
0,0,0.43206805
0,0,0.12775585
0,1,0.64382327
0,0,0.2592611
0,0,0.14355697
0,1,0.53874916
0,0,0.35352987
0,0,0.3924185
1,1,0.55318314
0,1,0.62144727
0,0,0.27731773
0,0,0.12664632
0,0,0.09213225
0,1,0.6090136
0,0,0.053921238
0,0,0.24469039
0,0,0.17690285
0,0,0.29684833
0,1,0.862821
0,0,0.09459151
0,0,0.32714772
0,0,0.24965073
0,0,0.42170143
0,1,0.6928374
0,0,0.48354042
0,0,0.2407012
0,0,0.1868535
0,1,0.55645674
0,1,0.6631516
0,1,0.5567228
0,1,0.6603596
0,0,0.23555611
0,1,0.8218247
0,1,0.5899635
0,1,0.5905712
0,1,0.5807952
0,0,0.1269258
0,0,0.31077302
0,0,0.36403218
0,0,0.30331287
0,0,0.1560437
0,0,0.31715143
0,0,0.33242694
0,0,0.22978143
1,1,0.5415279
0,0,0.23655406
0,0,0.23801675
0,0,0.39193463
0,0,0.453378
0,0,0.4118291
0,1,0.817469
0,0,0.2517593
1,0,0.45055714
0,0,0.49375272
0,0,0.2385604
0,1,0.60558116
0,0,0.13666025
0,0,0.4745659
0,0,0.21945941
0,1,0.66086894
0,0,0.1255873
0,0,0.39615107
0,0,0.3628252
0,0,0.32763007
0,1,0.7301373
0,0,0.43695387
0,1,0.60444516
0,0,0.22372776
0,0,0.45599917
0,0,0.106223896
0,0,0.3516114
0,0,0.18646571
0,1,0.81726676
0,1,0.7950864
0,0,0.14768161
0,0,0.3847415
0,1,0.67610925
0,0,0.21671039
0,0,0.18549277
0,0,0.20783767
0,0,0.38756564
0,1,0.6882158
0,0,0.4579587
0,0,0.35401198
0,0,0.34012496
0,1,0.5192079
0,0,0.32404816
0,0,0.06641945
0,0,0.18299358
0,0,0.4702085
0,1,0.73136425
0,0,0.19208442
0,1,0.56018174
0,0,0.16742441
1,0,0.22280817
0,0,0.47273132
0,1,0.7770323
0,0,0.19891335
0,1,0.5347715
0,0,0.14529333
0,1,0.5655084
1,0,0.10378687
0,0,0.3014246
0,0,0.0920481
0,0,0.38836265
0,0,0.4094459
0,1,0.5279504
0,0,0.17357175
0,0,0.22368456
0,0,0.08885233
0,0,0.17819953
0,0,0.32513577
0,1,0.5437798
0,0,0.32764724
0,1,0.56578416
0,0,0.2160172
0,0,0.38341922
0,0,0.19805841
0,0,0.4590744
0,0,0.3863104
0,0,0.20099191
0,0,0.29821208
0,0,0.38454503
0,0,0.38932297
0,0,0.4640268
0,0,0.22926883
0,0,0.120810255
0,0,0.22920127
0,0,0.42045042
0,0,0.06373125
0,0,0.07031464
0,1,0.6501634
0,0,0.056401175
0,0,0.4233118
0,0,0.1606359
0,0,0.3392661
0,0,0.40394282
0,0,0.08041129
0,0,0.1629893
0,0,0.121493004
0,1,0.59271634
1,0,0.3630777
0,1,0.537272
1,0,0.34379756
0,1,0.56664884
0,0,0.29247773
0,0,0.2510697
0,0,0.18433197
0,0,0.13477407
0,0,0.45857581
0,0,0.11212678
0,0,0.15428923
0,0,0.41059738
0,0,0.09972846
0,1,0.6853347
0,0,0.48629194
1,0,0.25273654
0,1,0.8851968
0,0,0.30990997
0,0,0.23382978
0,0,0.29860783
0,1,0.65456223
0,1,0.52489954
0,0,0.4227626
0,0,0.36431512
0,0,0.066530444
0,0,0.26586065
0,0,0.23107101
0,0,0.20751414
0,0,0.28836295
0,0,0.1947913
0,1,0.78358954
0,0,0.08162196
0,0,0.44588423
0,0,0.3087857
0,1,0.68674827
0,1,0.70586836
0,0,0.44072065
1,0,0.28146577
1,1,0.8210208
0,0,0.12118872
0,0,0.28520602
0,0,0.2795513
0,1,0.57921445
0,0,0.43166056
0,1,0.5085007
0,0,0.34207693
0,0,0.20006171
0,1,0.79374534
1,1,0.6070841
0,0,0.13015622
0,0,0.098194815
0,1,0.7156853
0,0,0.1682189
0,1,0.82306963
0,0,0.42834845
1,1,0.7574076
0,0,0.20882215
0,0,0.28921267
0,0,0.3887173
0,0,0.30318946
0,0,0.21840651
0,0,0.16308342
0,0,0.4339481
0,0,0.17910391
0,1,0.7262015
0,0,0.4212073
0,0,0.33704934
0,0,0.19662206
0,1,0.814923
0,0,0.45026374
0,0,0.2970174
0,0,0.34270015
0,0,0.20119965
0,0,0.09929301
0,1,0.52797586
0,0,0.2612237
0,0,0.36495757
0,1,0.5584913
0,1,0.88087785
0,0,0.3059116
0,1,0.5671431
0,0,0.28817865
0,0,0.22965042
0,1,0.5140278
0,0,0.19989352
0,1,0.64606416
0,0,0.27718702
0,0,0.37463024
0,0,0.33517188
0,0,0.27126193
0,1,0.621998
0,0,0.0570898
0,0,0.33931988
0,1,0.7397902
0,1,0.5266116
1,1,0.67165756
0,1,0.53485966
0,1,0.51583076
0,1,0.5463639
0,0,0.45735192
0,0,0.19643381
0,0,0.27429917
0,1,0.52569497
0,0,0.42320248
0,0,0.3025736
1,1,0.59237933
0,0,0.19597393
0,0,0.4064507
0,1,0.77918506
0,0,0.25014168
0,1,0.6840624
1,1,0.60547215
1,1,0.74682575
0,1,0.7454852
0,0,0.063327074
0,0,0.39120576
0,0,0.33275867
0,1,0.705624
0,0,0.4289783
0,0,0.29390052
0,1,0.5123721
0,0,0.18714279
0,0,0.23338631
0,0,0.28483778
0,0,0.23873031
0,1,0.5783071
0,0,0.20505786
0,0,0.1824004
0,0,0.18623292
0,0,0.079281546
0,0,0.26715255
1,1,0.60666865
0,1,0.51547074
0,0,0.22509742
0,0,0.3038614
0,0,0.47564703
0,0,0.29726666
0,0,0.4900813
0,1,0.64208204
0,1,0.50048447
0,0,0.3943032
0,0,0.070074216
0,0,0.29078305
0,1,0.71881825
0,0,0.23281527
0,1,0.8489744
0,1,0.66869324
0,1,0.63904023
0,0,0.4470193
0,0,0.2994903
0,0,0.47872716
0,0,0.465343
0,1,0.6933737
0,0,0.49163607
0,0,0.3729609
0,1,0.7844906
0,0,0.13715577
1,1,0.67810524
0,0,0.13151564
0,0,0.097470425
0,0,0.16760439
0,0,0.29369903
0,0,0.34286126
0,0,0.17305472
0,0,0.10186509
0,0,0.14368308
0,1,0.75964093
0,0,0.20070805
0,0,0.073257625
0,1,0.6262681
0,0,0.26919004
0,0,0.28514424
0,0,0.39883977
0,0,0.4025466
0,1,0.86743015
0,1,0.7960279
0,0,0.15227236
0,0,0.4859241
0,0,0.19719733
0,0,0.32697934
0,0,0.2143073
0,0,0.15988252
0,0,0.23481518
0,0,0.2797121
0,0,0.100436375
0,0,0.369323
0,0,0.42253962
0,0,0.44899848
0,1,0.79638976
0,0,0.4981296
0,0,0.4396111
0,1,0.52627593
0,0,0.11905587
0,0,0.2623274
0,0,0.33343154
0,1,0.57715094
0,0,0.33057365
0,0,0.39107394
0,0,0.3303606
0,1,0.5999227
0,0,0.07950184
1,1,0.5557577
0,1,0.5603627
0,1,0.6207943
0,0,0.49416855
1,1,0.809426
0,0,0.13967645
1,1,0.75047594
0,0,0.10247508
0,0,0.23323086
0,0,0.16860752
0,1,0.65036255
0,0,0.17447142
0,0,0.2609206
0,1,0.51170313
0,0,0.23061617
0,1,0.7240246
0,0,0.33405238
0,1,0.7754145
0,0,0.2048844
0,0,0.23623262
0,0,0.25684455
0,0,0.44557345
0,0,0.29709703
0,1,0.52713245
0,0,0.16538958
0,0,0.28394556
1,1,0.76588565
0,1,0.57224244
0,1,0.8926895
0,0,0.23659024
0,0,0.19973157
0,0,0.14994715
0,0,0.4379337
0,0,0.23781839
0,0,0.2836696
0,0,0.14629489
0,0,0.231945
0,1,0.63906103
1,0,0.38772124
0,1,0.7251094
0,0,0.031728864
0,1,0.5874787
0,1,0.5607322
0,0,0.16525547
0,0,0.24770351
0,0,0.20944615
0,0,0.3783111
0,0,0.24823931
0,0,0.2480052
1,0,0.24754746
0,0,0.14683129
0,1,0.5924005
0,0,0.20998903
0,1,0.5529911
0,0,0.14294265
0,0,0.15580626
0,0,0.32653522
1,0,0.43315768
0,0,0.10138002
1,1,0.7496834
0,0,0.32745454
0,0,0.13936064
0,0,0.3841732
0,0,0.3036269
0,0,0.31069446
0,1,0.63161314
0,0,0.25383106
0,1,0.6367974
0,0,0.12785667
0,0,0.38863423
0,0,0.39237547
0,1,0.6558092
0,1,0.67847264
0,0,0.46130508
0,0,0.38625047
1,1,0.60729384
0,1,0.5319578
0,0,0.34362984
0,0,0.13072734
0,0,0.3925652
1,1,0.56155866
0,0,0.28351933
1,1,0.5623202
0,1,0.5069306
0,0,0.18013705
0,0,0.1883885
0,0,0.34607795
0,0,0.41323948
0,0,0.40847448
0,0,0.15102729
0,0,0.30637723
0,1,0.6068829
0,1,0.5115556
0,0,0.33933482
0,1,0.8694591
0,1,0.6282924
0,0,0.28958428
0,1,0.72034925
0,0,0.18719015
0,0,0.20438455
0,0,0.25744855
0,1,0.7085886
0,0,0.1306733
0,0,0.16976388
0,0,0.45041102
0,0,0.33152062
0,1,0.5882501
0,0,0.34494567
0,0,0.14807121
0,0,0.28484192
0,0,0.3987629
0,1,0.6517966
0,0,0.42254284
0,0,0.44060695
0,0,0.25757152
0,1,0.7411767
0,0,0.1352466
0,0,0.4582127
0,0,0.088427685
0,1,0.6143324
0,0,0.48473105
0,1,0.5116406
0,1,0.6760321
0,0,0.44743222
0,1,0.65418726
0,1,0.50624037
0,0,0.4624757
0,0,0.16657358
0,0,0.48639306
0,0,0.11944267
0,1,0.5088578
0,0,0.11879334
1,1,0.66463035
0,0,0.3917513
0,0,0.15811214
1,0,0.21254782
0,0,0.13603348
0,0,0.13063183
0,0,0.12424007
0,0,0.24866243
0,0,0.3999659
0,0,0.09204195
0,0,0.1362888
0,0,0.07323262
0,1,0.70230055
0,0,0.24398062
0,0,0.33586574
0,1,0.7838438
0,0,0.32483676
0,0,0.2671564
0,0,0.40629712
0,0,0.32449013
0,0,0.09160093
0,1,0.6147989
0,0,0.37755793
0,1,0.504123
0,0,0.21381682
0,1,0.79632676
0,0,0.37330386
0,0,0.4140642
0,0,0.28978765
0,0,0.3810409
0,0,0.3165609
0,0,0.14554195
0,0,0.49311858
0,0,0.30181345
0,1,0.591627
0,1,0.8580036
1,0,0.34072796
0,0,0.2714256
0,0,0.27936012
0,0,0.22150615
0,1,0.67671454
0,0,0.26428664
0,0,0.42363673
0,1,0.56956714
0,1,0.8241421
0,0,0.14648964
0,0,0.36189348
0,0,0.48230538
0,1,0.53936243
0,0,0.39285648
1,1,0.6397601
0,0,0.26512316
1,1,0.5442679
1,1,0.7461563
0,0,0.434691
0,0,0.33430296
0,0,0.11524804
0,1,0.52088743
0,0,0.23584801
0,0,0.26464516
0,1,0.6825462
0,0,0.14204341
0,1,0.6852663
0,0,0.25172773
0,0,0.2161045
1,1,0.70657355
0,1,0.6243107
0,0,0.43059477
0,0,0.49315652
0,0,0.41910416
0,0,0.43183103
0,0,0.271913
0,0,0.15705597
0,1,0.6317652
0,1,0.68726736
0,1,0.5834081
0,0,0.29407397
0,0,0.12293159
0,0,0.3349782
0,0,0.22685358
0,0,0.22839947
0,0,0.18677567
1,1,0.5722208
0,1,0.61171734
0,0,0.21957996
1,1,0.73839396
0,0,0.13478804
0,0,0.12844044
0,0,0.28950596
0,0,0.108198866
0,0,0.15768673
0,0,0.22874303
0,0,0.3907084
0,1,0.62201774
0,0,0.4226216
1,0,0.45482087
0,0,0.05559958
0,1,0.548472
0,0,0.4633912
0,1,0.5909408
0,1,0.51465815
1,0,0.11997228
0,0,0.44894752
0,0,0.42909604
0,0,0.2496505
0,0,0.20418733
0,1,0.7390397
0,0,0.3945061
0,1,0.82546467
0,0,0.11286562
1,1,0.798555
0,1,0.5162246
0,0,0.14038235
0,0,0.44395697
0,0,0.14384785
0,0,0.30412722
0,0,0.2333714
0,0,0.49239957
0,0,0.083051704
0,0,0.4802342
0,0,0.28283265
0,0,0.1010151
0,0,0.42262197
0,0,0.40715832
0,0,0.29714653
0,0,0.15056823
0,0,0.19052367
0,0,0.26605704
0,0,0.28363556
0,1,0.6382676
0,0,0.076148495
0,0,0.21925715
0,1,0.7272195
0,0,0.3119736
0,1,0.79655933
0,1,0.5119308
0,1,0.63930106
1,1,0.88078874
0,1,0.7320551
0,1,0.56011903
0,1,0.5280519
1,0,0.3601333
0,0,0.4543888
0,0,0.3287451
1,0,0.22798312
0,0,0.096442014
0,1,0.5640454
0,0,0.09946146
0,0,0.13971819
0,0,0.25988078
0,1,0.67838895
0,1,0.58750534
0,0,0.31991622
0,0,0.43071133
0,0,0.48242265
0,0,0.41444162
0,0,0.10785659
0,1,0.6095409
0,1,0.5226879
0,0,0.20915955
0,0,0.06504565
0,1,0.7531183
0,0,0.3060909
0,1,0.60280347
0,1,0.68689466
0,1,0.5442362
0,0,0.2851348
0,0,0.4331117
0,0,0.25087717
0,0,0.12853263
0,0,0.40108907
0,0,0.07388691
0,0,0.41154802
0,0,0.13917916
0,1,0.6620596
0,0,0.20990758
0,0,0.11642488
0,1,0.516316
0,0,0.22527005
0,1,0.64846545
0,1,0.6099257
0,0,0.18334165
0,0,0.061752547
0,0,0.18775675
0,0,0.4914516
0,0,0.07408432
0,0,0.2514477
0,0,0.22173809
0,1,0.6543532
0,0,0.31784707
0,0,0.23799706
0,1,0.6237887
0,0,0.17455406
0,0,0.19642547
0,1,0.68790174
0,0,0.3053203
0,0,0.2600388
0,0,0.42446524
0,0,0.030963352
0,1,0.64712197
1,1,0.54632276
0,0,0.4811402
0,0,0.2756751
0,1,0.6059219
0,0,0.31555587
0,0,0.11238228
1,1,0.79751456
0,0,0.28371233
0,0,0.13447705
0,1,0.77884126
0,0,0.46365517
0,1,0.730158
0,0,0.38256988
0,0,0.15145415
0,1,0.7711141
0,0,0.24912083
0,0,0.19652773
0,0,0.1460692
0,0,0.2785766
0,0,0.23227948
0,0,0.39855036
0,0,0.29254243
0,0,0.18366228
0,0,0.41627824
0,1,0.50485843
0,0,0.32904366
0,0,0.32809225
1,1,0.69630593
0,0,0.13783339
0,0,0.2722992
0,0,0.16209228
0,0,0.30259395
0,0,0.49962252
0,0,0.38721147
0,0,0.4333495
0,0,0.22689702
0,0,0.36681584
0,0,0.40842092
0,0,0.36150974
0,0,0.110065885
0,0,0.38028672
0,1,0.7505404
0,0,0.3685215
0,0,0.13611017
0,0,0.41360837
0,1,0.7454609
0,0,0.3044983
0,0,0.3115724
0,0,0.40423995
0,1,0.5959732
0,0,0.33108902
0,0,0.35285494
0,0,0.42844203
0,0,0.20774926
0,0,0.35754672
0,0,0.3532932
0,0,0.1289638
0,0,0.15608679
0,0,0.033751767
0,0,0.4347941
0,0,0.25978705
0,0,0.07983477
0,1,0.7124591
0,1,0.6253052
0,0,0.3114552
0,0,0.4441906
0,1,0.6144642
0,0,0.29235968
0,1,0.8200043
0,0,0.07331542
0,0,0.25348008
0,0,0.13333663
0,1,0.5706879
0,0,0.31776804
0,1,0.652178
0,1,0.7029536
0,1,0.63532627
0,1,0.50458854
0,0,0.46078995
0,0,0.33387235
0,1,0.6644149
0,0,0.224391
0,0,0.10936973
0,1,0.6018736
0,0,0.22643654
0,0,0.16143647
0,1,0.55337447
0,0,0.24496686
0,0,0.35004276
0,1,0.5716539
0,0,0.30898702
0,0,0.27910024
0,1,0.67600703
0,0,0.185334
0,0,0.35532898
0,1,0.66844803
0,0,0.078858264
0,0,0.23195533
0,1,0.5859343
0,0,0.44249287
0,1,0.6490253
0,1,0.58913827
1,1,0.85444814
0,0,0.18762258
0,0,0.2962282
0,0,0.37503555
0,0,0.16755208
0,0,0.25044864
0,0,0.41153046
0,1,0.50866586
0,0,0.19325222
0,1,0.6230319
0,1,0.62238467
0,1,0.6008578
0,0,0.19184284
0,0,0.20494713
0,0,0.22254457
0,0,0.08944653
0,0,0.1360338
0,0,0.22576317
0,1,0.65113604
0,0,0.46175063
0,0,0.15164584
0,0,0.48317176
0,0,0.261775
0,0,0.3573854
0,1,0.5200045
0,0,0.23645484
0,0,0.39552358
0,1,0.6763328
0,1,0.5416274
0,0,0.1938564
0,0,0.1290215
0,0,0.2512655
0,1,0.7120663
0,1,0.69732153
0,0,0.21313027
0,0,0.116469376
0,1,0.7112906
1,1,0.8346128
0,0,0.35664436
0,1,0.5028984
0,0,0.35053304
1,0,0.199981
0,1,0.65318376
0,0,0.20533612
0,1,0.77076155
0,0,0.27775317
0,0,0.44799596
1,1,0.57999754
0,0,0.40502214
0,0,0.3874902
0,0,0.3877606
0,1,0.6102643
0,0,0.27217987
0,0,0.2872122
0,0,0.49915874
0,0,0.4082925
0,0,0.46182093
1,1,0.7418866
0,0,0.09757666
0,0,0.12048997
0,0,0.34894878
0,0,0.42584932
0,0,0.2771992
0,0,0.45570815
0,0,0.3837713
0,0,0.030428024
0,1,0.5454601
0,1,0.50341153
0,0,0.12223726
0,0,0.34432817
1,1,0.5925861
0,0,0.1395355
1,1,0.8859922
0,0,0.25829986
0,0,0.10680067
0,0,0.23878548
0,0,0.16893588
0,0,0.18268196
0,0,0.14115816
0,0,0.18202318
0,0,0.48759735
0,0,0.2219243
0,0,0.10696203
0,0,0.3365077
0,0,0.3391275
0,0,0.2906587
0,0,0.49100164
1,1,0.58319306
0,0,0.19964053
0,0,0.21250467
0,0,0.275123
0,0,0.46006864
0,1,0.6729546
0,0,0.15682901
1,1,0.7713633
0,0,0.34891352
0,0,0.35505483
0,0,0.47091877
0,1,0.6762413
0,0,0.14556365
0,0,0.19128546
0,0,0.086419694
0,0,0.2672727
0,0,0.029041963
0,0,0.17332453
0,0,0.28678668
0,0,0.17748311
0,0,0.070785806
0,0,0.122780696
0,0,0.18369697
0,0,0.4073131
0,0,0.0747866
0,0,0.15624022
1,1,0.6530394
0,0,0.16740993
0,0,0.25707713
0,0,0.24944381
0,1,0.58046186
0,1,0.841416
0,0,0.16063832
0,0,0.30813438
0,0,0.124001
0,0,0.28020677
0,0,0.31145886
0,0,0.20943233
0,0,0.30777186
0,0,0.47096622
0,0,0.183234
0,0,0.33971065
0,0,0.35807368
0,0,0.40184852
0,0,0.15292455
0,0,0.35775128
0,0,0.27907485
0,0,0.306183
0,0,0.43701926
0,0,0.20061843
0,0,0.41114622
0,0,0.42518303
0,0,0.2027415
0,1,0.50215024
0,1,0.5972505
0,0,0.06480388
0,0,0.46972126
0,0,0.36370006
0,0,0.4313276
0,0,0.23437795
0,0,0.14899886
0,0,0.14887111
0,0,0.3191093
0,1,0.6175162
1,1,0.6015552
0,0,0.31872472
0,0,0.39067355
0,0,0.13805202
0,0,0.49906987
0,0,0.063665345
0,0,0.055902146
0,1,0.8633022
0,0,0.4282211
0,0,0.42753685
0,0,0.2667605
0,0,0.3645613
0,0,0.4664956
0,0,0.22752573
0,0,0.12446449
0,0,0.18619524
1,1,0.5482281
0,0,0.27692312
0,0,0.1385731
0,0,0.49987867
0,1,0.75389916
0,0,0.1840526
0,1,0.6185543
0,0,0.20609172
1,1,0.84619236
0,1,0.6393265
0,0,0.24043494
0,1,0.5110896
0,0,0.21437953
0,1,0.5295947
0,1,0.5288788
0,0,0.2361928
0,0,0.4364209
0,1,0.64908785
1,0,0.19589932
0,0,0.497927
0,0,0.12562633
0,0,0.3074536
0,0,0.29245093
0,0,0.13552442
0,0,0.48020077
0,0,0.29010588
0,0,0.35685962
0,1,0.7514099
0,0,0.2825855
0,0,0.2923364
0,0,0.31674406
0,0,0.12451785
0,0,0.45966607
0,1,0.6597096
0,0,0.12605321
0,0,0.49682325
0,0,0.352766
0,0,0.30457202
0,0,0.18955658
1,1,0.65038544
0,0,0.30897114
0,0,0.24919923
0,0,0.32764876
0,0,0.27104923
0,0,0.43013534
0,0,0.26492587
0,0,0.2412883
0,1,0.78483546
0,0,0.05323262
0,0,0.08084824
0,0,0.18828312
0,0,0.33116922
0,0,0.33917627
1,1,0.58384967
0,0,0.16808793
0,0,0.23723572
0,0,0.15229583
1,0,0.38917896
0,0,0.2038836
0,1,0.80596364
0,0,0.2716643
0,0,0.06669211
0,1,0.53090626
0,0,0.10678111
0,0,0.17011929
0,0,0.22619602
1,1,0.7580224
0,0,0.18781519
0,1,0.5883236
0,0,0.42338964
0,1,0.6252746
0,1,0.78748965
0,1,0.6082952
0,1,0.7693098
0,1,0.5028016
0,0,0.35008472
0,1,0.53308755
1,0,0.44723043
0,0,0.31277874
0,0,0.12967837
0,0,0.3814894
0,0,0.13430811
0,0,0.34151763
0,0,0.096900724
0,0,0.31912467
0,0,0.3213762
0,0,0.29933605
0,1,0.643522
0,0,0.39623234
0,0,0.39453685
0,0,0.2981227
0,0,0.2502481
0,1,0.5810585
0,0,0.29353008
0,0,0.4750343
0,1,0.5383779
0,0,0.36103383
0,1,0.60884035
0,0,0.4370824
0,0,0.27577457
0,1,0.57724226
0,0,0.4986486
1,0,0.44178852
0,0,0.41247773
0,1,0.5080084
0,0,0.26061434
0,0,0.05496905
1,1,0.630134
0,0,0.34178337
0,1,0.7821688
0,1,0.51123756
0,1,0.57716864
0,0,0.32087773
1,1,0.79069215
0,0,0.3383086
0,0,0.46496633
0,1,0.5140707
0,1,0.5039889
0,0,0.2115787
0,1,0.5803781
1,0,0.24221256
0,1,0.8740782
0,0,0.47077858
0,1,0.8996993
0,1,0.66531134
0,0,0.44047418
0,1,0.6039565
0,1,0.6463141
0,0,0.20991652
0,0,0.16489531
0,0,0.23186539
0,0,0.20118797
0,0,0.065522395
0,0,0.33945024
0,0,0.14612177
0,0,0.13412207
0,1,0.6594672
0,0,0.16336747
0,1,0.66349065
0,0,0.3772322
0,0,0.35876817
0,0,0.27728358
0,0,0.28847805
0,1,0.71055144
0,0,0.07777015
0,0,0.2073054
0,0,0.3816478
0,0,0.24463642
0,0,0.25675744
0,1,0.8589693
1,1,0.6535868
0,0,0.2822895
0,1,0.614359
0,0,0.29277626
0,0,0.19837794
0,0,0.068352655
0,0,0.15470003
0,0,0.16160466
0,0,0.36194724
0,0,0.18979311
1,1,0.67667156
0,0,0.47241798
0,1,0.8782755
0,1,0.6801137
1,1,0.76652116
0,1,0.6971447
0,0,0.1691975
0,0,0.26067293
0,0,0.43008614
0,0,0.37732148
0,0,0.08156216
0,1,0.7113764
0,0,0.45733595
0,0,0.22066633
0,0,0.09362933
0,0,0.48152375
0,0,0.18944187
0,1,0.65360504
0,1,0.7828849
0,0,0.34263128
0,0,0.45701227
0,0,0.28982013
0,0,0.4734693
0,0,0.24370085
0,0,0.34319428
0,0,0.29497364
0,0,0.3662975
1,1,0.7400675
0,0,0.37014037
0,1,0.60343856
0,0,0.41113603
0,0,0.14662495
0,0,0.12824407
0,0,0.28394637
0,0,0.34995705
0,1,0.52358824
0,0,0.16490495
0,0,0.06706652
0,0,0.31240702
1,1,0.5576287
0,0,0.25928947
0,0,0.11064082
0,0,0.2862409
0,1,0.64944184
0,0,0.4775618
0,0,0.39615193
0,0,0.4891566
1,1,0.8843803
0,0,0.1631836
0,0,0.13325427
0,1,0.51425713
0,0,0.10190803
0,1,0.55135643
0,1,0.796615
0,0,0.069590755
0,0,0.21733865
0,0,0.27869493
0,0,0.27973005
0,0,0.3499148
0,0,0.20773913
0,0,0.27593154
0,0,0.46746984
0,0,0.12885208
0,1,0.78969705
0,0,0.09677505
0,0,0.09265651
0,1,0.6854503
0,0,0.44872305
0,0,0.29091132
0,0,0.10731833
0,0,0.33316922
0,0,0.15249792
0,0,0.11257567
0,0,0.4205091
1,1,0.57909507
0,0,0.26637608
0,0,0.37776053
0,0,0.14224401
0,0,0.22644183
0,0,0.1816144
1,0,0.3743696
0,0,0.31127164
0,1,0.55002576
0,1,0.7940746
0,0,0.24699488
0,0,0.24530928
0,0,0.32354274
0,1,0.5583824
0,0,0.3269852
0,0,0.15968643
0,1,0.85150254
0,0,0.035367366
0,0,0.12628222
0,1,0.53343534
0,0,0.37498513
0,0,0.28058732
0,1,0.6595512
0,0,0.26565987
0,0,0.07658935
0,0,0.12225506
0,0,0.28135887
0,0,0.12353655
0,0,0.3193116
0,0,0.11107195
1,1,0.684118
0,0,0.2269756
0,0,0.35826877
1,1,0.7957809
0,0,0.4998863
0,1,0.5216983
0,0,0.1912375
0,0,0.34944892
0,0,0.4225613
0,1,0.51401937
0,0,0.1683011
0,0,0.04755566
0,1,0.5194312
0,0,0.24156278
0,1,0.58279186
0,0,0.3543596
0,0,0.22796333
0,0,0.13696921
0,0,0.37335315
0,0,0.28773928
0,1,0.55527323
1,1,0.6552504
0,0,0.37373242
0,0,0.20012425
0,0,0.37998018
0,0,0.16725807
0,0,0.3580567
0,0,0.27507293
0,0,0.20049849
0,0,0.31098235
0,0,0.13555972
0,0,0.36043924
0,0,0.11450634
0,0,0.052309483
0,0,0.22540864
0,1,0.51324433
0,1,0.68688995
0,0,0.19394994
0,0,0.1482762
0,0,0.4346222
0,0,0.43098414
0,0,0.29675716
0,0,0.18891321
0,1,0.7068447
1,0,0.36958668
0,0,0.13770978
0,0,0.16820768
0,0,0.30824494
0,0,0.30075574
0,0,0.35524762
0,0,0.26500508
0,0,0.1426178
0,1,0.722999
0,1,0.6604045
0,0,0.21187559
0,0,0.36525995
0,1,0.6726028
0,0,0.44644615
0,0,0.48861656
0,0,0.25812727
0,1,0.5223367
0,1,0.5022822
0,1,0.5243675
0,1,0.56653315
0,0,0.340936
0,1,0.7236646
0,0,0.2706357
0,1,0.5746167
0,0,0.3367216
0,0,0.34029225
0,1,0.5715002
0,0,0.24437042
0,0,0.3232242
0,1,0.75614065
0,1,0.53428054
0,1,0.5092388
0,1,0.5994508
0,0,0.3708773
0,0,0.14648668
0,0,0.20163287
0,0,0.21591796
0,1,0.76829416
0,1,0.5517008
1,1,0.6608631
0,0,0.20430699
0,0,0.19796754
0,0,0.45040318
0,0,0.1634454
0,1,0.6350229
0,1,0.5460701
1,1,0.6022859
0,0,0.1740004
0,1,0.803138
0,1,0.6125768
0,0,0.44964993
0,0,0.2004172
1,1,0.6752672
0,0,0.18408032
0,0,0.3175176
0,0,0.13050403
0,0,0.2323278
1,1,0.82470816
0,0,0.45867682
0,0,0.16373113
0,0,0.2404425
0,1,0.7138412
0,0,0.36328754
0,1,0.56020284
0,1,0.7121314
0,0,0.23052841
0,0,0.14729802
0,0,0.36303765
0,0,0.25652736
0,1,0.60625327
0,0,0.3204558
0,0,0.14433168
0,1,0.57928133
1,0,0.40833703
0,0,0.16568132
1,1,0.89246523
0,1,0.7656447
0,0,0.24680407
0,0,0.14040627
0,0,0.34281898
0,0,0.48695487
0,1,0.5128833
0,0,0.19172418
0,1,0.5482188
0,0,0.1940012
1,0,0.36024377
0,1,0.58973694
0,1,0.584693
0,0,0.12561074
0,0,0.075149044
0,0,0.076690085
0,0,0.42834297
0,0,0.42232877
0,1,0.54386914
0,0,0.10616599
0,0,0.15000987
1,0,0.32567164
0,1,0.80768114
0,0,0.4858623
0,0,0.04158123
0,1,0.672818
0,0,0.24572644
0,1,0.7947086
0,0,0.36631778
0,1,0.51221067
0,1,0.68567735
0,0,0.19390249
0,0,0.1662408
0,1,0.6182252
0,0,0.39839938
0,1,0.6688676
0,0,0.3396852
0,0,0.18056835
0,0,0.20561686
0,0,0.20712739
1,0,0.2131556
0,0,0.11918513
0,1,0.59754086
0,0,0.2512139
0,0,0.084985495
0,0,0.16202098
0,0,0.41316193
0,0,0.24068177
0,0,0.089511864
0,1,0.53572315
0,0,0.49204308
0,1,0.616639
0,0,0.2710019
0,0,0.10528256
0,0,0.45027274
0,0,0.19032848
0,1,0.5744047
0,1,0.6887157
0,0,0.23606607
0,1,0.5833685
0,0,0.39395595
1,1,0.53853035
0,0,0.25323224
0,0,0.23645067
0,1,0.7803275
0,0,0.08845943
0,1,0.60000485
0,1,0.50320894
0,0,0.453691
1,1,0.8798541
0,0,0.12291095
0,1,0.638318
0,0,0.09508998
0,0,0.31273907
0,1,0.6633512
0,0,0.03822109
0,0,0.4298208
0,0,0.4205814
0,0,0.47557092
0,0,0.30496567
0,0,0.31214163
0,0,0.127484
0,1,0.5705461
0,0,0.11229186
0,0,0.34831187
0,0,0.30764362
1,1,0.8071716
0,0,0.27492523
0,0,0.38818133
0,0,0.3079673
0,0,0.09434934
0,0,0.311749
1,1,0.89358646
0,0,0.20474225
0,0,0.21301198
0,0,0.224808
1,0,0.41430292
0,0,0.4197883
0,1,0.65344024
1,1,0.6336633
0,0,0.2989384
0,0,0.437723
0,1,0.7174817
0,0,0.2108118
0,0,0.2856194
0,1,0.515259
1,0,0.46595228
0,1,0.59093124
0,0,0.29370177
0,0,0.23018834
0,1,0.5072878
0,0,0.42657813
0,1,0.633003
0,0,0.1910703
0,0,0.11961208
0,0,0.350072
1,1,0.5583168
0,1,0.5936031
0,0,0.40434134
0,0,0.21573423
0,1,0.84655505
0,0,0.4881495
0,0,0.33776304
0,0,0.280598
0,0,0.39799672
0,0,0.06063209
0,0,0.38820413
0,1,0.61364865
0,0,0.359071
0,1,0.5360901
0,0,0.19933137
0,0,0.28470534
0,0,0.18231592
0,0,0.41911602
0,0,0.19967
0,0,0.38002375
0,1,0.73231685
0,0,0.4093886
0,1,0.5314913
0,0,0.37150943
0,1,0.71949613
0,0,0.25412282
0,0,0.43217775
0,0,0.19119959
0,0,0.41377077
0,0,0.16439542
0,1,0.6828682
0,0,0.4535317
0,0,0.2859246
0,1,0.7267111
0,0,0.22292887
0,0,0.46524483
0,0,0.33210427
0,1,0.7910442
0,0,0.28041023
0,0,0.28759778
1,1,0.6971031
0,0,0.33127996
0,1,0.60344994
0,0,0.11309096
0,0,0.39152947
0,1,0.61632586
0,0,0.14043915
0,1,0.6000936
0,1,0.51408076
0,1,0.68701
0,1,0.60274905
0,0,0.17071144
0,0,0.13139157
0,0,0.23787218
0,1,0.5859481
0,0,0.24415593
0,0,0.35693538
0,0,0.08740042
0,0,0.36785325
0,0,0.13331503
0,0,0.31806353
0,0,0.4696867
0,0,0.36782157
0,0,0.3162204
0,0,0.08992998
0,0,0.36672652
0,0,0.20484465
1,1,0.56039363
0,1,0.7304955
0,1,0.5744491
0,0,0.4627721
0,0,0.4253859
0,1,0.5798076
0,0,0.43849015
0,1,0.5302152
0,1,0.63722306
0,0,0.14215949
0,0,0.37945175
0,1,0.6254573
0,0,0.29527894
0,1,0.5698312
0,0,0.3133086
0,0,0.32365498
0,1,0.7492652
0,0,0.45946002
0,1,0.8479937
0,0,0.1653131
0,0,0.3626984
0,0,0.17876704
0,0,0.13947892
0,0,0.36159384
0,0,0.20375085
0,1,0.60545176
0,0,0.34747848
0,1,0.5837473
0,0,0.17037277
1,1,0.8233901
0,1,0.5616833
0,0,0.33087966
0,0,0.25421354
0,0,0.33976105
0,0,0.3531744
0,1,0.5713565
0,0,0.017514398
0,1,0.6888484
1,1,0.67879015
0,0,0.429938
0,1,0.770074
0,1,0.70606107
0,0,0.37770596
0,0,0.44466233
0,0,0.3242646
0,0,0.17930926
0,0,0.26755977
0,0,0.36858568
0,1,0.5312561
0,0,0.23798333
0,0,0.27957174
0,0,0.08990985
0,0,0.29482195
1,0,0.20189673
0,0,0.14147861
0,0,0.04641831
0,1,0.6650409
0,0,0.48102713
0,1,0.68892765
0,0,0.32439235
0,1,0.65970343
0,0,0.24571733
0,1,0.6606162
0,0,0.12436394
0,1,0.7296579
0,0,0.09387563
0,0,0.11259338
0,0,0.30076966
0,0,0.24306318
0,1,0.5124369
0,0,0.2680615
0,1,0.7195816
0,0,0.123533055
0,0,0.23791601
0,0,0.39320436
0,1,0.5646528
0,0,0.4171028
0,0,0.13531971
0,1,0.6196336
0,0,0.11378109
0,1,0.5961553
0,1,0.75603163
0,1,0.54858154
1,1,0.65315354
0,0,0.1449067
0,0,0.23227258
0,0,0.39212328
0,1,0.781562
0,0,0.26815912
0,1,0.6580416
0,0,0.17647995
0,0,0.31517032
0,0,0.25488555
0,0,0.10666116
0,0,0.18163289
0,0,0.19288145
0,0,0.35716054
0,0,0.16105415
0,0,0.290174
0,0,0.13764997
0,0,0.20167014
0,0,0.3441711
1,1,0.58227825
0,1,0.509949
0,0,0.2438419
0,0,0.20257232
0,0,0.4008472
0,1,0.653721
0,0,0.19956088
1,1,0.81874424
0,0,0.2051922
0,1,0.5460267
0,0,0.38748458
0,0,0.113315806
0,0,0.1922799
0,0,0.18424281
0,1,0.5370255
0,0,0.08471647
0,0,0.09650332
0,0,0.22508693
0,1,0.7539166
0,0,0.17345664
0,0,0.09718273
0,0,0.2966231
0,0,0.1255622
0,1,0.7224879
0,0,0.24624836
0,0,0.43487525
0,0,0.19642487
0,0,0.27728486
1,0,0.23831251
0,0,0.19046225
0,0,0.18888727
0,0,0.25410697
0,0,0.34344795
0,1,0.59677047
1,1,0.72683275
0,0,0.36713162
0,0,0.24231607
0,0,0.3428658
0,1,0.55500674
0,0,0.32329944
0,1,0.5478809
0,1,0.5360427
0,1,0.74043214
0,1,0.5629015
0,1,0.6006825
1,0,0.42045167
0,0,0.20381387
1,1,0.61458874
0,0,0.24185915
0,1,0.6681779
0,0,0.28838226
0,1,0.5046419
0,0,0.27284318
0,0,0.49153447
0,0,0.03142169
0,0,0.4778937
0,1,0.6924808
0,0,0.17499726
0,0,0.16473758
0,0,0.45803136
0,0,0.25824407
0,0,0.13280384
1,0,0.4157519
0,1,0.75451803
0,0,0.36410585
0,0,0.18812728
0,0,0.15839814
0,0,0.44508323
0,0,0.21773006
0,0,0.26017672
1,0,0.30568415
0,0,0.39156455
0,0,0.37268385
1,0,0.35177237
0,0,0.26064587
0,1,0.7276319
0,0,0.44517013
0,0,0.42198387
0,0,0.21357235
0,1,0.5207835
0,1,0.6128411
0,0,0.34884876
0,0,0.13747084
0,0,0.18599693
0,1,0.8530719
0,1,0.52459687
0,0,0.20409547
0,1,0.6516929
0,0,0.1815707
0,0,0.12006318
0,0,0.3253522
0,0,0.4103398
0,0,0.42286575
0,0,0.24938132
1,1,0.8532744
0,0,0.34854615
0,1,0.54615873
0,1,0.6414231
0,0,0.2129199
0,0,0.22823486
0,0,0.25466287
0,1,0.6365282
0,0,0.31804055
0,1,0.669699
0,0,0.25345117
0,1,0.51315963
0,0,0.29733998
0,0,0.30197304
1,0,0.26882976
0,1,0.57786626
0,0,0.38452047
0,0,0.27016854
1,1,0.71898866
1,0,0.28433767
0,0,0.42784578
0,0,0.3742928
0,0,0.1269236
0,0,0.17589895
0,0,0.33111143
0,1,0.5595333
0,0,0.19551787
0,0,0.4662553
0,1,0.69220567
0,0,0.22226855
0,0,0.14057973
0,1,0.7184821
0,1,0.5456395
0,1,0.59328383
0,1,0.5251871
0,0,0.32307777
0,0,0.4114731
0,0,0.25229943
0,0,0.14829428
0,0,0.25676715
0,1,0.5481251
0,1,0.86407167
0,0,0.09095247
0,0,0.24514979
0,0,0.23432332
0,0,0.46542624
0,0,0.33900675
1,0,0.36929935
1,1,0.62780505
0,1,0.71938735
0,0,0.1435137
0,1,0.7065998
0,0,0.3294677
0,0,0.21593085
0,0,0.1928258
0,0,0.42844322
0,0,0.18957686
0,1,0.5926041
0,0,0.22087516
1,0,0.45883748
0,0,0.13795754
1,0,0.43238497
0,0,0.25750378
0,1,0.6564605
0,0,0.26515564
0,0,0.4269589
0,1,0.6963634
0,0,0.2667073
0,0,0.22388549
0,1,0.80332446
0,0,0.43334064
0,1,0.71979886
0,1,0.55030996
0,1,0.5731133
0,0,0.1611048
0,0,0.31848505
0,0,0.44869608
0,0,0.4405118
0,1,0.5352138
0,1,0.53823715
0,0,0.3488785
0,0,0.18102412
0,1,0.6392504
0,0,0.23347986
0,0,0.21109113
0,0,0.33782804
0,1,0.6662883
0,0,0.27064323
0,1,0.5074423
1,1,0.803652
0,0,0.20213285
0,0,0.42589775
0,0,0.2712487
0,1,0.51528144
0,0,0.25713474
1,0,0.27610785
0,0,0.14496797
0,1,0.6486288
0,0,0.14228007
0,1,0.5109692
0,0,0.2995795
0,0,0.16797288
0,0,0.49804145
1,0,0.26896572
0,1,0.8096141
0,0,0.117657594
0,0,0.19031172
0,0,0.35834807
0,0,0.33125195
0,0,0.47044244
0,0,0.22163275
0,0,0.071238734
0,1,0.8291887
0,0,0.29371452
0,1,0.735083
0,1,0.54512066
0,0,0.21700595
0,0,0.1449013
0,0,0.27780128
0,0,0.4324146
0,1,0.5727155
0,1,0.77424103
1,0,0.13138963
0,0,0.17866667
1,1,0.7692438
0,0,0.13047716
0,0,0.4815461
0,0,0.47232875
0,0,0.34566158
0,0,0.17843673
0,1,0.5168581
0,0,0.087077245
0,0,0.23852049
0,0,0.29314238
0,0,0.11114776
0,0,0.4874514
0,0,0.4493355
0,1,0.63729864
0,0,0.35502744
0,0,0.16044188
0,1,0.50078064
0,0,0.3673383
0,0,0.18873557
0,0,0.37344393
0,0,0.093381934
0,0,0.04925629
0,0,0.45430878
0,0,0.41552368
0,0,0.16310665
0,0,0.26904467
1,0,0.17541957
0,0,0.3266592
0,1,0.6036142
0,0,0.46212086
0,1,0.6147319
0,0,0.40124938
0,0,0.2559535
0,0,0.23285142
0,0,0.16857083
0,0,0.477512
0,0,0.4968575
0,1,0.7684261
0,1,0.6608369
0,0,0.2073958
0,0,0.09715174
0,0,0.13617308
0,0,0.15390947
0,0,0.36139518
0,0,0.2654676
0,1,0.8367576
0,0,0.38725016
0,0,0.22185571
0,1,0.50685656
0,0,0.42000568
0,0,0.25073236
0,1,0.72819954
0,0,0.16275598
0,0,0.40206185
0,0,0.14939076
0,1,0.58460104
0,0,0.2806246
0,0,0.28963125
0,1,0.65507853
0,1,0.7970224
0,0,0.16053416
0,0,0.33265388
0,0,0.40611732
0,1,0.60054135
0,0,0.38944265
0,1,0.65237474
0,0,0.25076804
0,1,0.7042319
0,0,0.0864607
0,0,0.17705761
0,0,0.103289865
0,0,0.4946427
0,0,0.06593254
0,1,0.61451584
0,0,0.29827076
0,1,0.6494081
0,1,0.6075866
0,0,0.15118699
0,0,0.03879106
0,0,0.4005407
0,0,0.47476518
0,1,0.55508494
1,0,0.20417781
0,0,0.25724342
0,0,0.11802679
0,0,0.24064778
0,0,0.131313
0,0,0.36492217
0,1,0.6749545
0,0,0.38619003
0,0,0.09829926
0,0,0.32020786
0,1,0.91899776
0,1,0.8660283
0,1,0.60970527
0,0,0.31477153
0,0,0.3858992
0,0,0.14587273
0,0,0.30665267
0,0,0.28034413
0,0,0.30286014
1,1,0.820586
0,0,0.47967553
0,1,0.54120487
0,0,0.4567786
1,0,0.47931626
0,0,0.47947615
0,0,0.1868929
0,0,0.2968182
0,0,0.49396405
0,0,0.34918442
0,0,0.1910652
0,0,0.44776765
0,0,0.13303189
0,1,0.6389972
0,1,0.6765791
0,0,0.3638433
0,0,0.31973654
0,1,0.61604553
0,1,0.5022407
0,0,0.4550394
0,1,0.59102255
0,0,0.3791117
1,1,0.80835885
1,1,0.76660204
0,0,0.19668321
0,0,0.12360706
0,0,0.16909586
0,1,0.84953356
0,0,0.41052094
0,0,0.13277116
0,0,0.20521271
0,0,0.23107733
0,0,0.48897234
0,1,0.65059924
0,0,0.41946086
0,0,0.25032666
0,0,0.1694871
0,0,0.19992806
0,1,0.8083535
0,0,0.111594945
0,0,0.17254773
0,0,0.30369872
0,0,0.44679633
0,1,0.7653463
0,0,0.40669394
1,0,0.4614343
0,0,0.36080277
0,1,0.57709515
0,0,0.462061
0,0,0.3363977
0,1,0.9039429
0,0,0.43163496
0,1,0.7739276
0,0,0.22361292
0,0,0.071723714
0,0,0.2530534
0,0,0.34671816
0,0,0.27561486
1,1,0.5156126
0,1,0.548851
0,0,0.4425517
0,1,0.8175821
0,0,0.23187478
0,0,0.085126504
0,0,0.4840737
0,0,0.4718627
0,1,0.80657095
1,1,0.70924103
0,0,0.17316252
0,1,0.7567137
0,0,0.31421998
0,1,0.64500517
0,0,0.16702494
1,1,0.58272725
0,0,0.32982036
0,0,0.28392652
0,0,0.47281277
0,1,0.68748707
0,0,0.22930974
1,1,0.65560377
0,0,0.3570994
0,0,0.38793737
0,0,0.34511927
0,0,0.3815265
0,1,0.5926596
1,0,0.38627645
0,0,0.33487752
0,0,0.16510029
0,1,0.50261164
1,1,0.7615657
0,0,0.47114566
0,0,0.46531337
0,0,0.31640726
0,0,0.43078512
0,0,0.3025991
0,1,0.52051324
0,0,0.12746842
0,0,0.24226847
0,1,0.7229561
0,0,0.31242895
0,1,0.52912307
0,0,0.093517765
0,1,0.7487104
0,0,0.23119834
0,0,0.43702957
0,1,0.7187913
1,1,0.6583259
0,1,0.55013597
0,1,0.54601574
0,0,0.18265113
0,1,0.546678
0,0,0.185517
0,0,0.24484657
1,1,0.6864367
0,0,0.3291855
0,0,0.20211045
0,0,0.48911604
0,0,0.1517921
0,0,0.07704041
0,0,0.37363622
0,0,0.28067303
0,0,0.14946876
0,1,0.74576354
0,0,0.3853657
0,0,0.30817187
0,0,0.1628068
0,0,0.08708322
0,0,0.34998533
0,0,0.22138348
0,0,0.41929024
0,0,0.43539676
0,0,0.06656233
0,0,0.066276304
1,0,0.2753788
0,0,0.34814447
0,0,0.26559213
0,1,0.5986298
1,1,0.86880296
0,0,0.047652967
0,0,0.18184538
0,1,0.5772583
0,0,0.33143777
0,1,0.63909024
0,0,0.3740242
0,0,0.34310067
0,0,0.20447344
0,0,0.26161015
0,0,0.3775779
0,0,0.13426965
0,0,0.4662668
0,0,0.21523781
0,0,0.36761314
0,0,0.39178488
0,0,0.47309563
1,1,0.84074736
0,1,0.52166283
0,0,0.24893436
0,0,0.25429308
0,1,0.7740293
0,0,0.17087099
1,0,0.3897769
0,0,0.15354079
0,0,0.24849392
0,1,0.6537755
0,1,0.59184337
0,1,0.67479527
1,0,0.34469768
0,0,0.31715363
0,0,0.23924339
0,0,0.44976497
0,0,0.3730403
0,0,0.4335668
1,1,0.7159723
0,0,0.11378474
0,0,0.06326535
0,0,0.19317451
0,0,0.4777513
0,0,0.3547999
0,1,0.6422826
0,0,0.4710363
1,0,0.4786482
1,1,0.7379166
0,0,0.20016581
0,0,0.395443
0,0,0.44215038
0,1,0.6108454
0,1,0.5198353
0,0,0.17238563
1,1,0.7841186
0,1,0.7267676
0,1,0.72058547
0,0,0.10597839
0,0,0.4768255
0,0,0.24939498
0,0,0.42734984
0,0,0.11760066
0,0,0.2599009
0,1,0.60572743
0,0,0.09129649
0,0,0.48681608
0,0,0.44252163
0,1,0.6375542
0,0,0.42428842
0,0,0.3245026
0,0,0.19405313
0,0,0.35928756
0,0,0.3976218
0,0,0.27567914
0,1,0.50392556
0,0,0.29929608
1,1,0.5231684
0,0,0.1460473
0,0,0.16721527
0,1,0.5751408
0,0,0.13571805
0,0,0.19562781
0,0,0.4952714
0,0,0.24861175
1,0,0.19689615
0,1,0.6324424
0,0,0.1543771
0,0,0.34071767
0,0,0.14937517
0,0,0.28692505
0,0,0.40210602
0,0,0.1287708
0,0,0.2795517
0,0,0.43417853
0,0,0.4266789
0,0,0.04673798
0,0,0.49920127
0,0,0.43944612
0,0,0.09539153
0,0,0.21300513
0,0,0.43795666
0,1,0.70128226
0,0,0.2755787
0,1,0.51512694
0,1,0.75401217
0,0,0.32085893
0,1,0.7829921
0,0,0.31079495
1,0,0.12306898
0,0,0.3238117
0,0,0.16275813
0,0,0.43109006
0,0,0.48719895
0,1,0.63282377
0,0,0.25116745
0,1,0.59133464
1,1,0.5763023
0,0,0.18514697
0,0,0.43816274
0,1,0.711582
0,1,0.6547204
0,0,0.29420263
0,0,0.2879199
0,0,0.4595471
0,0,0.40681368
0,0,0.33071634
0,0,0.08479352
0,0,0.4548051
0,0,0.17967486
1,1,0.6539491
0,1,0.6650644
0,0,0.3649565
0,1,0.70671004
0,0,0.25331774
0,0,0.12085788
0,0,0.38563973
0,0,0.25071207
0,0,0.31657362
0,0,0.43904078
0,0,0.48682272
0,0,0.11991414
0,0,0.1580725
0,0,0.18896563
0,0,0.46466097
0,0,0.3724404
0,0,0.2068653
0,0,0.27601007
0,0,0.31815004
0,1,0.81314737
0,0,0.15397419
0,0,0.46567026
0,0,0.4063329
0,0,0.4001356
0,0,0.3682633
0,0,0.18709864
0,0,0.39814848
0,0,0.3873148
0,0,0.23477899
0,0,0.38715303
0,0,0.11237622
0,1,0.7086344
0,0,0.2951778
0,0,0.31797907
0,0,0.057116464
0,0,0.4972374
0,0,0.42527497
0,0,0.21118876
0,0,0.36597857
0,0,0.3970428
0,0,0.20061755
0,0,0.382681
0,0,0.44861478
0,1,0.6068133
0,1,0.6758172
0,0,0.43911588
1,1,0.7827954
0,0,0.3601565
0,1,0.6301953
0,0,0.17249772
0,0,0.33334625
0,1,0.53506875
0,0,0.28593817
0,1,0.6809079
0,0,0.37445912
0,0,0.22892722
0,0,0.117232576
0,1,0.6131445
0,0,0.21745726
0,0,0.18246138
0,1,0.6343522
0,0,0.14830539
0,0,0.39504698
0,1,0.6348544
0,0,0.29403883
0,0,0.46943215
0,1,0.6087133
1,0,0.43784878
0,0,0.35665542
0,0,0.2697975
0,1,0.6229486
0,0,0.23536962
0,0,0.14643261
1,1,0.5391375
0,1,0.58922213
0,0,0.13715935
0,0,0.22195773
0,0,0.35781667
0,0,0.08767445
0,1,0.5976817
0,1,0.54605794
0,0,0.47543266
0,0,0.16190225
0,0,0.21975976
0,1,0.52960706
0,0,0.18166557
0,0,0.17242871
0,1,0.71282107
0,0,0.19598904
0,0,0.17986555
0,0,0.21786243
0,0,0.4438868
0,0,0.09724517
0,0,0.20190877
0,1,0.51150745
0,0,0.34028777
0,0,0.46186894
0,1,0.6557987
0,0,0.22863503
0,0,0.36909032
0,0,0.3528535
0,1,0.71851254
0,0,0.4549137
0,0,0.13245784
0,0,0.28563178
0,0,0.36076528
0,0,0.47455263
0,1,0.59317976
0,0,0.3301095
0,1,0.7877002
0,0,0.2890678
0,1,0.53955823
0,1,0.56948787
0,0,0.21091953
0,0,0.27113047
0,0,0.21032348
0,0,0.18649483
0,0,0.103988916
0,0,0.106334664
0,0,0.39314923
0,1,0.5351864
0,1,0.88269943
0,0,0.19962683
0,0,0.36326304
1,0,0.48459658
0,1,0.50630784
0,1,0.6418595
0,1,0.6684598
0,0,0.29389828
0,0,0.3426698
0,1,0.5965129
0,0,0.21253727
0,0,0.19021001
0,0,0.08323074
0,0,0.20581146
0,0,0.407683
0,1,0.7711831
1,0,0.22411947
0,0,0.39426753
0,0,0.4160434
0,0,0.32223973
0,0,0.17844637
0,1,0.8250211
0,0,0.44538268
0,1,0.5480168
0,1,0.7200885
0,0,0.40577304
0,0,0.44612443
0,0,0.46622795
0,1,0.7160468
0,0,0.37440217
0,1,0.6963884
0,1,0.5450016
0,1,0.5038527
0,1,0.69420016
0,0,0.19664411
0,0,0.22386107
0,0,0.25270855
0,0,0.22644028
0,0,0.22049655
0,1,0.58161324
0,0,0.17642045
0,1,0.6922357
0,1,0.582436
0,0,0.14458552
0,0,0.33247203
0,0,0.4949939
1,1,0.7620318
0,1,0.5132622
0,1,0.5790375
0,0,0.25630975
0,0,0.26374435
0,0,0.45850533
0,0,0.26187465
0,0,0.05376981
0,0,0.2341883
0,1,0.757561
0,0,0.32816246
0,0,0.22479962
0,0,0.25458148
0,0,0.47321615
0,0,0.34103942
0,0,0.18678856
0,0,0.42041942
0,1,0.5407371
0,1,0.6327968
0,0,0.49708503
0,0,0.21333952
0,0,0.082296684
1,1,0.6283997
1,0,0.45905852
0,1,0.50729203
0,1,0.6783284
0,0,0.33506975
0,0,0.1436712
0,1,0.52731603
0,0,0.38810915
0,1,0.5827163
0,0,0.31780887
0,0,0.18431798
0,0,0.40998858
0,1,0.71661156
0,0,0.13484143
0,0,0.25256687
0,1,0.55702883
1,0,0.124468215
0,1,0.8146965
0,0,0.35990623
0,0,0.08420634
0,0,0.37640318
0,1,0.5774535
0,0,0.23816821
0,1,0.5316399
0,1,0.5242521
0,0,0.24986224
0,1,0.5935063
0,0,0.2534693
0,0,0.39931393
0,0,0.44312426
0,0,0.11254955
1,1,0.7988445
0,0,0.33943003
0,0,0.3968021
0,0,0.21621484
0,0,0.18271734
1,0,0.37312108
0,1,0.54837066
0,0,0.32279107
0,1,0.51546615
0,0,0.3474991
0,0,0.3629156
0,0,0.3947827
0,0,0.22830227
0,0,0.23331381
0,0,0.35832536
0,1,0.5039083
0,0,0.31686118
1,1,0.72540736
0,0,0.29560825
0,0,0.49166724
0,0,0.4504209
0,1,0.5823445
0,0,0.3056883
0,0,0.25241312
0,1,0.5046425
0,0,0.051581584
0,1,0.54264575
0,1,0.7746825
0,0,0.14604817
0,0,0.3266193
0,0,0.39823997
0,0,0.37315318
0,1,0.7403893
0,0,0.057233606
1,1,0.61246586
0,1,0.5487695
0,0,0.18872052
0,0,0.1582685
0,0,0.076397836
0,0,0.40477636
0,1,0.7380125
0,1,0.70345384
0,0,0.41120732
0,0,0.4926731
1,0,0.42025048
0,0,0.20174047
0,0,0.25034884
0,0,0.232564
0,0,0.4428067
0,0,0.49618942
0,1,0.54133976
0,1,0.69007003
0,0,0.3644067
0,0,0.28161532
0,1,0.6880282
0,0,0.05007254
0,0,0.41595584
1,0,0.3022424
0,0,0.3418063
0,0,0.22967237
0,1,0.5131584
0,0,0.14812332
0,0,0.3876584
0,0,0.1947481
0,0,0.18678977
0,0,0.4540495
0,0,0.22503413
0,0,0.46369013
0,0,0.36855346
0,0,0.4526124
0,0,0.20789587
0,0,0.29678208
0,0,0.31204107
0,0,0.329857
0,0,0.4385329
0,0,0.09010117
0,0,0.2842061
0,0,0.32066783
0,0,0.4785278
0,0,0.11895692
1,1,0.63400084
0,0,0.47832382
0,0,0.35884637
0,0,0.13054372
0,0,0.29357037
0,0,0.36670324
0,0,0.1742382
0,1,0.5469376
0,1,0.6473922
0,1,0.6172114
0,0,0.08198987
0,0,0.22881667
0,0,0.13901457
0,0,0.26582912
0,0,0.4130776
0,1,0.6052663
0,1,0.661468
0,0,0.3323968
0,1,0.58507985
0,0,0.21847577
0,0,0.39832658
0,1,0.5358648
0,0,0.11977889
0,0,0.11518381
0,0,0.3505146
0,0,0.2590207
0,0,0.20555598
0,0,0.2916585
0,0,0.31917506
0,1,0.6183566
0,0,0.1175867
0,1,0.61234486
0,1,0.6395113
0,0,0.22099796
0,0,0.36736146
0,0,0.3104469
0,1,0.54256433
0,0,0.21769556
0,1,0.63986176
0,1,0.518301
0,0,0.29308984
1,1,0.70477223
1,1,0.6002441
0,0,0.28620762
0,1,0.73950803
0,1,0.66195315
0,0,0.22177832
0,0,0.48090848
0,0,0.18855171
0,1,0.5472046
0,0,0.083885476
0,0,0.21538822
0,1,0.5227807
0,0,0.26583132
0,0,0.33225307
0,0,0.177042
0,0,0.34618858
0,0,0.43784073
1,1,0.82386005
0,1,0.52586144
0,0,0.23365307
0,0,0.38798362
0,0,0.34773895
0,1,0.5872146
0,0,0.2134789
1,1,0.85647935
0,1,0.62731504
1,1,0.60613805
0,0,0.3949352
0,0,0.29857886
0,0,0.21365361
0,1,0.6426014
0,1,0.6018378
0,1,0.7496826
0,0,0.3235441
0,0,0.08686197
0,1,0.5149511
0,0,0.21724743
0,0,0.27295902
0,0,0.15884206
0,0,0.44108066
0,0,0.13712327
0,0,0.35616392
0,0,0.07534954
0,0,0.2973853
0,1,0.60253257
1,1,0.7846887
0,0,0.37428215
0,1,0.60437477
0,1,0.79681784
0,0,0.20145103
0,0,0.2386806
0,0,0.43406385
0,0,0.13787912
0,0,0.39766577
0,0,0.2595433
0,1,0.80919975
0,0,0.116624184
0,1,0.59075963
0,0,0.2513683
0,0,0.43306148
0,0,0.21331055
0,1,0.7375272
0,0,0.24567758
0,0,0.04519497
0,0,0.08874131
1,0,0.36544424
0,0,0.19715571
0,1,0.563885
0,0,0.21446024
0,0,0.31161854
0,0,0.1970306
0,1,0.62993
0,1,0.548089
0,1,0.6744546
0,0,0.2696765
0,0,0.048674185
0,1,0.6030625
0,1,0.7278571
0,0,0.2671933
0,0,0.074863255
0,1,0.724542
0,0,0.15561548
0,0,0.30972144
0,0,0.30228812
0,1,0.76509684
0,0,0.23407632
0,0,0.24830393
0,0,0.13682774
0,0,0.2587093
0,1,0.62927085
0,0,0.19865963
0,0,0.43727314
0,0,0.36987054
0,1,0.5404369
0,0,0.17425177
0,1,0.7426511
0,0,0.110658534
0,0,0.38454148
0,0,0.4273396
0,0,0.15704475
0,1,0.66278476
0,0,0.12826727
0,0,0.2665481
0,0,0.10480155
0,0,0.47340313
0,1,0.7821574
0,0,0.27398646
0,1,0.7996551
1,1,0.79041016
0,0,0.15495227
0,0,0.22512989
0,0,0.38130146
0,1,0.56096554
0,1,0.63596314
1,1,0.6642745
0,0,0.358344
0,0,0.35266522
0,0,0.46824074
0,0,0.2687701
1,1,0.82428074
0,1,0.5672906
0,0,0.3048533
0,1,0.52924174
0,0,0.32519078
0,0,0.22611554
0,0,0.19077009
0,1,0.5814907
0,1,0.9009793
0,0,0.13914578
0,0,0.2081963
0,0,0.33486837
0,1,0.6770279
0,0,0.24093625
0,0,0.41793278
0,0,0.33503792
0,0,0.31721818
0,0,0.4245814
0,0,0.13250706
0,0,0.3206666
0,0,0.15805766
0,1,0.761388
0,0,0.24025442
0,0,0.49308544
0,1,0.7444991
0,1,0.6979916
0,1,0.5615718
0,0,0.47026956
0,0,0.17851034
0,0,0.4309093
0,0,0.36279124
0,0,0.25400606
1,1,0.5903442
0,0,0.44580874
0,0,0.47544494
0,1,0.8656579
0,0,0.44594163
0,0,0.16842689
0,0,0.077057466
0,1,0.53703886
0,1,0.59088975
0,1,0.6195553
0,1,0.705404
0,0,0.07886951
0,1,0.8238768
0,0,0.32029477
0,0,0.22336979
0,0,0.38040075
0,0,0.25625178
0,0,0.25481245
0,0,0.33924836
0,0,0.47302306
0,1,0.7329447
0,1,0.7591161
1,0,0.38505003
0,0,0.26309565
0,1,0.90762734
0,0,0.095661625
0,0,0.3782737
0,0,0.3040728
0,0,0.4064218
0,0,0.30338106
0,0,0.37432122
0,0,0.078798935
0,0,0.1791827
0,0,0.3406938
0,0,0.21743456
0,0,0.3566607
0,0,0.24863003
0,0,0.17452313
0,0,0.18987954
0,0,0.19916312
0,1,0.5454234
0,0,0.26304978
0,0,0.49556282
0,1,0.63281375
0,1,0.61147165
0,0,0.17495535
0,1,0.73606014
0,0,0.38636175
0,1,0.5873291
0,1,0.6189849
0,0,0.18814458
0,1,0.7088667
0,1,0.5162081
0,1,0.65876615
0,1,0.52450824
0,0,0.1685687
0,0,0.09891725
0,0,0.2139906
0,0,0.47333193
0,0,0.08191981
0,1,0.59165806
0,0,0.43277913
1,1,0.762554
0,0,0.37906846
0,1,0.59608924
0,0,0.31671003
0,0,0.47647396
0,0,0.14645983
0,0,0.24572577
0,0,0.04788006
0,0,0.37938702
0,1,0.7576672
1,1,0.7808226
0,0,0.43783936
0,0,0.35257316
0,0,0.35118562
0,0,0.4437784
0,0,0.45683655
0,1,0.5453373
0,0,0.21482709
0,0,0.3454318
0,0,0.1250068
0,0,0.36598712
0,0,0.25938812
0,1,0.53545153
1,1,0.61369735
0,1,0.77589303
0,0,0.4073462
0,1,0.59346586
0,0,0.27089375
0,0,0.16111086
0,1,0.5357695
1,1,0.84362525
0,0,0.30926085
0,0,0.16722867
0,1,0.5841413
0,0,0.23706281
1,0,0.3650444
0,0,0.28511393
0,0,0.21913539
0,0,0.33529326
0,1,0.6338162
1,1,0.8662614
0,0,0.36397657
0,0,0.43856975
0,1,0.7066918
0,0,0.18590944
0,0,0.11466306
1,0,0.37093428
0,1,0.53525966
0,1,0.7637986
0,0,0.15560506
0,0,0.29812726
0,1,0.7384808
0,0,0.06315022
0,0,0.28639266
0,0,0.48986265
0,0,0.14879754
0,0,0.41148785
0,0,0.49265128
0,0,0.10774262
0,0,0.19582853
0,0,0.41265494
0,1,0.78632164
0,0,0.123912565
0,0,0.21666315
0,0,0.29137176
0,0,0.22231202
0,0,0.18029532
0,0,0.3371537
0,0,0.48603493
0,1,0.667311
0,0,0.11687049
0,0,0.2531014
0,0,0.050060354
0,0,0.20754781
0,0,0.07788468
0,1,0.5029131
0,0,0.26562598
0,1,0.57186115
0,0,0.29188162
0,1,0.60982937
0,0,0.448308
0,0,0.08795174
0,0,0.475465
0,1,0.50848764
1,1,0.7049403
0,1,0.6980801
0,0,0.16889936
0,0,0.16859548
0,0,0.4141273
0,1,0.63575643
0,0,0.30956885
0,1,0.5724107
0,0,0.40673837
0,0,0.4140571
0,1,0.54435056
0,1,0.68092537
0,0,0.46760607
0,0,0.41936865
0,0,0.101798356
0,0,0.3570439
0,0,0.21151546
0,1,0.7177
0,1,0.5965236
0,1,0.74381745
0,0,0.19143376
0,0,0.38471082
1,1,0.6970714
0,0,0.20986219
0,0,0.39521906
0,0,0.17089775
1,1,0.7772703
1,1,0.78061366
0,0,0.18164136
0,0,0.21161674
0,1,0.57323694
0,1,0.7941374
0,0,0.32289824
1,0,0.21785168
0,1,0.5814762
0,0,0.35135925
1,0,0.36392206
0,1,0.54020756
0,1,0.5377363
0,0,0.13378686
0,0,0.3066793
0,0,0.29377466
0,0,0.08309584
0,1,0.50823975
0,1,0.523502
1,1,0.804203
0,0,0.09514861
0,1,0.69057506
0,0,0.31664968
0,1,0.65294707
0,1,0.59764135
0,1,0.66338086
0,0,0.059343856
1,1,0.882856
0,0,0.34236956
0,1,0.5872734
0,0,0.14819613
0,0,0.21963395
0,1,0.5495087
0,0,0.097668365
0,0,0.09598234
0,0,0.19761525
0,0,0.21346228
0,0,0.2262131
0,1,0.7043957
0,0,0.11289474
0,0,0.40739924
1,0,0.45334977
0,0,0.4730259
0,0,0.27688816
0,1,0.6677771
1,1,0.6789085
0,1,0.78530645
0,0,0.3791725
0,0,0.17983033
0,0,0.17171797
0,0,0.32057068
0,0,0.06536189
0,0,0.18589713
0,0,0.35411435
0,1,0.5275584
0,0,0.30990523
0,0,0.37470675
0,1,0.7081986
1,1,0.9134418
0,0,0.22569242
0,0,0.34565738
0,0,0.42030013
0,1,0.5843398
0,1,0.7000748
0,0,0.46727726
0,0,0.3018327
0,0,0.25738454
0,0,0.18910575
0,0,0.19613346
0,0,0.21387666
1,1,0.6761714
0,0,0.20113456
0,0,0.081979826
0,0,0.22695856
0,0,0.19905943
0,0,0.26425603
1,1,0.79361963
0,0,0.15545757
0,0,0.29211944
0,0,0.11757058
0,0,0.23517501
0,0,0.25043035
0,0,0.26214272
1,1,0.6673702
0,0,0.37634507
1,1,0.81950396
0,1,0.58944684
0,0,0.09882192
0,0,0.31040525
0,0,0.25728974
0,0,0.29807016
0,0,0.22392121
0,0,0.32422206
0,0,0.3241331
0,0,0.1313203
0,0,0.47798833
0,0,0.19555521
0,0,0.32903323
0,0,0.49906287
0,0,0.3850777
0,0,0.42267144
0,0,0.11944425
0,0,0.43557408
0,0,0.066717654
0,0,0.11547659
0,0,0.3047395
0,1,0.6858699
1,0,0.41177112
0,0,0.49625123
1,1,0.74708927
0,0,0.1777356
0,0,0.25720382
0,0,0.18677105
0,0,0.17442511
0,0,0.24820164
0,0,0.21726516
0,0,0.32649556
0,1,0.56615937
0,1,0.6626827
0,1,0.56409967
0,1,0.5114085
0,1,0.57983214
0,1,0.73627365
0,0,0.20618013
0,0,0.46164435
0,0,0.30354044
1,0,0.49953505
0,0,0.23262122
0,0,0.21673913
0,1,0.6300436
0,0,0.42594567
0,1,0.7687301
0,0,0.3306421
0,0,0.36148894
1,1,0.7158322
0,0,0.39587387
1,0,0.32658815
0,0,0.3159287
0,0,0.26883602
0,0,0.09854036
0,1,0.6648378
0,0,0.4055684
0,0,0.19926247
0,1,0.57075834
0,0,0.11345924
0,0,0.23163143
1,1,0.7713551
0,0,0.24349621
0,0,0.11286841
0,0,0.4394621
0,0,0.16303055
0,0,0.18592955
0,0,0.1918086
0,0,0.18285844
0,1,0.6644044
0,1,0.7504221
0,1,0.62394094
0,0,0.25967205
0,0,0.405527
0,0,0.46699226
0,1,0.53872615
0,0,0.39197382
1,1,0.8194857
1,1,0.63421375
0,0,0.47261137
0,0,0.17405266
0,0,0.015582975
0,0,0.2837872
0,0,0.17078099
1,0,0.4294718
0,0,0.29140377
0,0,0.45505834
0,1,0.62930155
0,1,0.5219832
0,0,0.30226943
0,0,0.08488067
0,0,0.19310863
0,0,0.27439323
0,1,0.74998266
0,0,0.16164982
0,0,0.12633094
0,0,0.12648298
0,0,0.43573543
0,1,0.61817324
0,0,0.021543574
0,0,0.19107299
1,1,0.6356428
0,1,0.88271266
0,0,0.43939322
0,0,0.1620055
0,1,0.5910897
0,1,0.7795417
0,0,0.15998076
0,0,0.2511654
0,1,0.6180886
0,0,0.4568862
0,0,0.2809521
0,1,0.7045634
0,0,0.14830044
0,0,0.45399648
0,1,0.58812416
0,0,0.144209
0,0,0.40561116
0,0,0.25448254
0,0,0.04988032
0,1,0.5900893
0,0,0.1354602
0,0,0.30941424
0,0,0.24376185
0,0,0.22450477
0,0,0.39872327
0,0,0.15868272
0,1,0.5190695
0,0,0.35297447
0,1,0.7787607
0,0,0.21773186
0,0,0.09513703
0,0,0.38758072
0,0,0.41475207
0,0,0.39783767
0,0,0.36882722
0,0,0.2551204
0,1,0.7615458
0,0,0.38434777
0,1,0.65970486
1,0,0.16326427
0,0,0.26192376
0,0,0.3774611
0,0,0.34155554
0,1,0.55288154
0,0,0.19388726
0,0,0.26388174
0,0,0.33428118
0,0,0.36570275
0,0,0.1659589
0,0,0.29438207
0,0,0.260228
0,0,0.3439017
0,1,0.6281163
0,1,0.8960956
0,1,0.77553993
0,0,0.21889372
1,0,0.418044
0,1,0.6041881
1,0,0.39981303
0,0,0.19235398
0,1,0.73722225
0,0,0.27452776
0,0,0.19991916
0,1,0.5185483
0,0,0.21174328
0,0,0.47677115
0,0,0.06947513
0,1,0.5729741
0,0,0.3563911
0,0,0.34346104
0,1,0.8196595
0,0,0.33619902
0,0,0.16728817
0,0,0.48274434
0,0,0.37187985
0,0,0.4736841
0,1,0.6457922
0,0,0.40990013
0,0,0.04870852
0,1,0.51214534
0,1,0.5474324
0,1,0.59656954
0,0,0.1867051
0,0,0.3597114
0,0,0.10397027
0,0,0.45149484
0,1,0.52077305
0,0,0.103936195
1,1,0.5651043
0,0,0.30185717
0,0,0.39940816
0,0,0.31756482
0,0,0.48793304
0,0,0.09965108
0,0,0.16785243
0,0,0.1712222
0,0,0.3846278
0,0,0.4199349
0,0,0.37231174
0,0,0.36106324
0,0,0.08494978
0,1,0.50685245
0,0,0.27585343
0,1,0.62254643
0,1,0.63769174
0,0,0.2090595
0,0,0.23222065
0,0,0.35033303
0,0,0.1145436
0,0,0.2620667
0,1,0.5091269
1,1,0.634053
0,0,0.14772436
0,1,0.7115813
0,0,0.41320822
0,0,0.486949
0,0,0.1313034
1,1,0.5834997
1,1,0.6554542
0,0,0.3547778
1,0,0.3013831
0,0,0.45083454
0,1,0.7286547
0,0,0.31215638
0,0,0.46711686
0,0,0.23850939
0,0,0.20740812
0,0,0.15338404
0,1,0.5931572
1,0,0.4675895
1,0,0.4344547
0,0,0.16495374
0,0,0.2951652
0,1,0.5146741
0,0,0.45607582
0,0,0.01896378
0,1,0.65540475
1,1,0.6232342
0,1,0.5131413
0,1,0.6182326
0,0,0.16717339
0,0,0.367946
0,0,0.21370725
0,1,0.57048
0,0,0.28498858
0,0,0.47241154
0,0,0.28292903
0,0,0.27930272
0,0,0.1771401
0,0,0.043087114
0,0,0.41554943
0,0,0.34797066
0,1,0.51566803
0,0,0.12271792
0,0,0.48468882
0,1,0.6881034
0,0,0.21076113
0,0,0.115523286
0,0,0.24839309
0,0,0.08188384
0,1,0.5744958
0,0,0.23941453
0,0,0.26251182
0,0,0.4662302
0,0,0.3297477
0,0,0.4877439
0,0,0.34443036
0,0,0.18670122
0,1,0.5800097
0,0,0.3224268
0,0,0.058107004
0,0,0.1657721
0,1,0.5389676
0,1,0.52969337
0,1,0.6034852
0,0,0.0473369
0,0,0.13068485
0,0,0.18004385
0,0,0.29793102
0,0,0.45652705
0,0,0.35605925
0,1,0.5981304
1,1,0.7896077
0,0,0.32371318
0,0,0.3328662
0,0,0.08607751
0,1,0.75983
1,1,0.7045313
0,1,0.714531
0,0,0.18222827
0,1,0.7221945
0,0,0.35353678
0,0,0.40781754
0,1,0.8001994
0,0,0.39447683
0,0,0.43688017
0,0,0.49081933
0,0,0.30428082
0,0,0.23704736
0,0,0.09198778
0,0,0.23809427
0,0,0.29095548
0,0,0.40787175
0,1,0.71651244
0,0,0.23701909
0,0,0.23467956
0,1,0.6635816
0,0,0.06221154
0,0,0.3808317
0,0,0.37164637
0,0,0.32967573
0,0,0.43110666
0,0,0.07330058
0,1,0.67610925
0,0,0.13804281
0,0,0.18186948
1,1,0.5957804
0,1,0.6369931
0,1,0.6048014
0,0,0.3978746
0,1,0.50288105
0,1,0.68102556
0,0,0.40847152
0,1,0.61995983
0,0,0.34936708
0,0,0.31456867
0,0,0.43879408
0,0,0.3314687
0,1,0.5208988
0,0,0.1650626
0,1,0.6749809
0,1,0.6306617
0,1,0.58783543
0,0,0.14051728
0,0,0.33154425
0,1,0.76843536
1,1,0.65701056
0,0,0.23542777
0,0,0.23388398
0,0,0.3088777
0,1,0.5187703
0,0,0.30087456
0,0,0.14009751
0,0,0.19011489
1,1,0.709827
0,0,0.19834207
0,0,0.20413539
0,0,0.24023482
1,1,0.68510175
0,0,0.15816249
0,1,0.5559753
0,0,0.19416165
0,0,0.48786566
0,1,0.53289294
1,1,0.6652598
0,1,0.87183535
0,0,0.18279974
0,0,0.3292707
0,1,0.5064803
0,0,0.32713437
0,0,0.26573372
1,1,0.8185889
0,0,0.036919527
1,1,0.64651674
0,0,0.36699554
0,0,0.14557761
0,0,0.46482885
0,0,0.34332758
0,0,0.29558292
0,0,0.35209575
0,1,0.5346803
0,0,0.3944464
0,0,0.08389964
0,1,0.53511566
0,0,0.34189174
0,0,0.26504335
0,0,0.3279824
0,1,0.6094311
0,1,0.73647654
0,1,0.6617462
0,0,0.10261689
0,0,0.26874298
0,1,0.51053137
0,1,0.5241522
1,1,0.69347
0,1,0.703194
0,0,0.3170521
0,1,0.52833456
0,0,0.3021645
0,0,0.15182142
0,0,0.4935099
0,1,0.81618166
0,0,0.22026746
0,0,0.22405903
0,0,0.28854412
0,0,0.40916845
0,0,0.14578363
0,0,0.3254539
0,1,0.67906994
0,0,0.46215582
0,0,0.37880802
1,1,0.7683579
0,0,0.2338228
0,1,0.5299605
0,0,0.16487837
1,1,0.82853216
0,0,0.37384158
0,0,0.14129446
0,0,0.26856345
0,0,0.2852502
0,0,0.11152214
0,1,0.68998396
0,0,0.26095697
0,1,0.551108
0,0,0.114792526
0,0,0.098766625
0,0,0.48220223
0,0,0.34786156
0,0,0.14209995
0,1,0.72480416
0,1,0.51446664
0,0,0.18831871
0,0,0.39454684
0,0,0.20828359
0,0,0.36808228
0,1,0.7052027
0,1,0.7250273
0,0,0.18485814
0,1,0.6630178
0,0,0.2409357
0,0,0.09027883
0,0,0.21529505
0,0,0.11542591
0,0,0.44998667
0,0,0.15055498
0,1,0.66377753
0,0,0.02442622
0,0,0.1935652
0,0,0.144861
0,0,0.32062098
0,0,0.2877917
0,0,0.095368594
0,0,0.29379717
0,0,0.4368305
0,0,0.21691987
0,0,0.40266064
0,0,0.14052406
0,1,0.6525705
1,1,0.74202925
0,0,0.4125257
0,1,0.5340775
0,0,0.3991996
0,0,0.41658434
0,0,0.3959093
0,1,0.5225664
0,0,0.45349523
0,1,0.54006827
0,0,0.21010084
0,0,0.47220406
0,1,0.7858586
0,0,0.38401324
0,0,0.1544409
0,0,0.4628556
0,0,0.08921473
0,0,0.30018052
0,0,0.19317247
0,1,0.6497258
0,1,0.5223578
0,1,0.5590152
0,0,0.24563374
0,0,0.101466894
0,1,0.53997624
0,0,0.4186584
0,0,0.24257296
0,1,0.7163609
0,0,0.29761457
0,0,0.43728673
0,0,0.25761953
0,0,0.28017235
0,1,0.710674
0,0,0.114532866
0,0,0.47180447
0,1,0.52570033
0,1,0.6174072
0,0,0.21290444
0,1,0.6711027
0,0,0.46235782
0,0,0.345904
0,0,0.11448811
0,0,0.23420435
0,0,0.44393307
0,0,0.2772094
0,0,0.40816832
0,0,0.12431274
0,0,0.4072444
0,0,0.32149062
0,0,0.46149036
0,0,0.15737744
0,0,0.21844073
0,0,0.43423185
0,0,0.35102135
0,0,0.40197358
0,0,0.35726464
0,0,0.12995909
0,0,0.34740922
0,0,0.11751666
0,1,0.6124213
0,0,0.18285769
0,0,0.11404917
1,1,0.52292365
0,0,0.25767002
0,0,0.22525851
0,0,0.15754002
0,1,0.7837868
0,1,0.51362413
0,1,0.64319634
0,0,0.3567205
0,0,0.2248795
0,0,0.3024503
0,0,0.42457205
0,0,0.21164323
0,1,0.5889222
0,0,0.47290817
0,1,0.5663182
0,0,0.39451635
0,0,0.12425388
0,0,0.14689071
0,0,0.24266174
0,0,0.31434646
0,0,0.1526584
0,0,0.1475848
0,0,0.38738388
0,1,0.5025943
0,1,0.7902552
0,0,0.27962917
0,1,0.66090554
0,1,0.52916783
0,0,0.4979379
1,1,0.5701482
0,0,0.48723227
1,0,0.40887466
0,0,0.34400487
0,1,0.6352315
0,0,0.25215155
0,0,0.1697418
0,1,0.5000642
0,0,0.10461803
0,0,0.27944615
0,0,0.087426305
0,1,0.50275356
1,1,0.8382321
0,0,0.14579765
0,0,0.48037153
0,0,0.42668065
0,0,0.2848557
0,0,0.118925415
0,1,0.58931834
0,0,0.18656743
0,0,0.2679631
0,0,0.34142646
0,0,0.24773967
0,0,0.4841204
0,1,0.54563785
0,0,0.2828398
0,0,0.2488151
0,0,0.13841616
0,1,0.5303008
0,0,0.21457599
0,1,0.69305354
0,0,0.42683035
0,0,0.30357614
0,0,0.3706675
0,0,0.25695804
0,1,0.8978807
0,0,0.31041408
0,1,0.5427843
0,1,0.55351096
0,0,0.41062343
0,0,0.22400181
0,1,0.55425996
0,1,0.5895324
0,0,0.23345919
0,0,0.36790898
0,1,0.6134129
0,0,0.33054084
0,1,0.64324
0,0,0.27415308
0,0,0.48238325
0,0,0.48916236
0,0,0.30396798
0,0,0.22673602
0,0,0.27880108
0,0,0.23935309
0,0,0.27001607
1,0,0.15247805
0,0,0.1001861
0,0,0.22846933
0,1,0.6956209
0,0,0.17874913
0,1,0.5992006
1,1,0.66824025
0,1,0.6229347
0,0,0.30466646
0,0,0.16665906
0,0,0.39945152
0,0,0.22732182
0,0,0.34611163
1,0,0.0849631
0,0,0.4716086
0,0,0.24067672
0,1,0.58140403
0,0,0.29508522
0,1,0.5750088
0,1,0.6292769
0,0,0.458486
0,0,0.13228187
0,0,0.20000729
0,0,0.21324947
0,0,0.2424558
0,0,0.3714565
0,0,0.2179703
0,0,0.123715825
0,0,0.42855883
0,0,0.24868472
0,1,0.7633649
0,0,0.4694889
0,0,0.48211637
0,0,0.111841306
0,0,0.28959265
0,0,0.23875037
0,1,0.5523731
0,0,0.22286437
0,0,0.14701803
0,0,0.31280458
0,0,0.3274288
0,0,0.44393668
0,0,0.11408177
0,0,0.18535574
0,1,0.589723
0,0,0.10704699
1,1,0.5888218
0,0,0.1774345
0,1,0.7975672
0,0,0.439137
0,0,0.259175
0,0,0.27875203
0,0,0.20475774
1,1,0.64636254
0,0,0.32564023
0,1,0.5555979
0,1,0.53915036
0,0,0.06533713
0,1,0.53290474
0,0,0.24842492
0,0,0.20190647
0,0,0.38115206
0,1,0.6721478
0,1,0.5491081
0,0,0.34636697
0,0,0.39949763
0,0,0.4428441
0,0,0.30730522
0,0,0.3409089
0,1,0.5254634
0,0,0.44303152
0,0,0.38552693
0,0,0.18176912
0,0,0.3773599
0,1,0.6462686
0,0,0.22497064
1,0,0.42123073
0,0,0.46649995
1,0,0.19866218
0,1,0.77700734
0,0,0.29072496
0,1,0.7129816
0,0,0.13623314
0,0,0.31599572
0,0,0.26955813
0,1,0.62270373
0,0,0.2640776
0,0,0.30772072
0,0,0.10726361
0,0,0.46079373
0,0,0.23533069
0,1,0.59590894
0,0,0.13523321
1,1,0.80013394
0,1,0.50574535
1,1,0.6794737
0,1,0.53454715
0,0,0.20883003
0,0,0.26297295
0,0,0.2314625
0,0,0.377176
0,0,0.13687326
0,0,0.35785988
0,0,0.1465641
0,0,0.34425345
1,1,0.7426172
1,0,0.41022676
0,1,0.77487123
0,0,0.3588668
0,1,0.77493787
0,1,0.57182294
0,0,0.08248607
0,1,0.55242604
1,1,0.8530603
0,0,0.3392975
0,0,0.26763237
0,1,0.5243714
0,0,0.12050988
0,0,0.22016045
0,0,0.18911092
0,0,0.1490456
0,0,0.25906962
0,0,0.23207857
0,1,0.6441901
0,0,0.10133921
0,1,0.7298171
0,0,0.28411242
1,0,0.47810578
0,0,0.36097965
0,0,0.34982497
0,0,0.393032
0,0,0.3610285
0,0,0.2684886
0,0,0.2865319
0,0,0.30153093
0,0,0.27043942
0,1,0.534378
0,0,0.33843383
0,1,0.6341908
0,0,0.083510816
0,0,0.22675483
0,0,0.3969026
0,0,0.37471142
0,1,0.5617041
0,0,0.3912046
0,0,0.19737595
0,0,0.3652697
0,0,0.25124168
0,0,0.4631997
0,0,0.2979921
0,0,0.46580926
0,0,0.44451562
0,0,0.38575107
0,0,0.12839676
0,0,0.40302634
0,0,0.1643443
0,1,0.79530907
0,1,0.53962994
0,0,0.4508771
0,0,0.43628424
0,0,0.19764088
0,0,0.28747976
0,0,0.16468889
0,0,0.3871155
0,0,0.25015
0,1,0.66138875
1,0,0.43658996
0,1,0.5311416
0,0,0.24874043
0,0,0.14900215
0,1,0.7231723
0,1,0.5464586
0,0,0.22760302
0,0,0.2385031
0,0,0.1397728
0,0,0.13657975
0,0,0.123534426
0,1,0.81182027
0,0,0.09541215
0,0,0.25927937
0,0,0.36715847
1,1,0.63998723
0,1,0.75542533
0,0,0.351134
0,0,0.2430006
0,0,0.27943358
0,0,0.42407182
0,1,0.7915709
0,0,0.3789973
0,1,0.690504
0,0,0.26984885
0,0,0.47457442
0,0,0.38008782
0,1,0.6834
0,0,0.33493835
0,0,0.22591768
0,0,0.40390283
0,0,0.2846567
0,0,0.43954054
0,0,0.27735412
0,0,0.17471012
0,0,0.22356513
0,0,0.29366535
0,0,0.17604735
0,0,0.45666733
0,0,0.3376154
0,0,0.06973995
0,0,0.13911094
0,1,0.7030988
0,0,0.08241173
0,0,0.3269904
0,0,0.1789564
0,1,0.53990215
1,0,0.15071326
0,0,0.18654841
0,0,0.48762086
0,0,0.21849246
0,0,0.12678155
0,1,0.63262224
0,1,0.5150819
0,0,0.28630656
0,1,0.551228
0,0,0.10670116
1,0,0.37871328
0,0,0.4923085
0,0,0.22605748
0,0,0.10902526
0,0,0.38508695
0,0,0.21235399
0,0,0.12227151
0,0,0.12011565
0,1,0.5313904
0,0,0.33342168
0,0,0.3138994
0,0,0.24270697
0,0,0.36345983
0,1,0.7123359
0,0,0.07964134
0,0,0.48050454
0,0,0.39122722
0,0,0.41444463
0,1,0.6703863
0,0,0.26515067
0,0,0.13649759
0,0,0.16487047
0,0,0.18082589
0,0,0.4005345
0,0,0.28743955
0,1,0.7329762
0,1,0.7649815
0,0,0.2092371
0,0,0.16081801
0,0,0.18820226
0,0,0.48390505
0,0,0.21803787
0,1,0.82278925
0,0,0.48149976
0,0,0.0687934
0,1,0.5042044
0,1,0.6905497
0,1,0.7173234
0,0,0.39477414
0,1,0.65312374
0,1,0.6782537
0,0,0.4877514
0,0,0.22314543
0,0,0.18543552
1,0,0.33574936
0,0,0.15600736
0,1,0.52309626
0,0,0.3349717
0,0,0.19490391
0,1,0.6232522
0,0,0.14008945
0,1,0.54974055
0,1,0.6182602
0,0,0.17162463
0,0,0.25297165
0,0,0.31915686
0,0,0.19832078
0,0,0.19384587
0,1,0.7306685
0,0,0.24315855
0,1,0.735008
0,0,0.10751478
0,0,0.4715526
0,0,0.3965279
0,0,0.17376792
0,0,0.26691282
0,0,0.42950442
0,1,0.64254564
0,0,0.29683354
0,1,0.8816287
0,1,0.61883044
0,1,0.58727276
0,1,0.55913454
0,0,0.20371178
0,1,0.53163034
0,0,0.37948877
0,0,0.22860643
0,0,0.46905175
0,0,0.44212914
0,0,0.26816624
0,0,0.24414465
0,0,0.41567948
0,0,0.27038926
0,0,0.3533605
0,1,0.6092733
0,0,0.25561717
0,0,0.45111597
0,0,0.26500928
0,0,0.31399184
0,0,0.3149995
0,1,0.83882546
0,0,0.057136852
0,0,0.13728142
0,0,0.2195692
0,0,0.146804
0,0,0.29953685
0,0,0.31482884
0,0,0.3559023
0,0,0.11714336
0,0,0.40861115
0,0,0.23167695
0,0,0.2529693
0,0,0.42216069
0,0,0.29388285
0,0,0.23497981
0,1,0.78829914
0,1,0.69994473
0,1,0.66635865
0,0,0.36086565
0,0,0.17195456
0,0,0.22455476
0,0,0.48915973
0,0,0.22923395
0,0,0.18725063
0,0,0.19753595
0,1,0.56619734
0,0,0.16213983
0,0,0.11629814
0,0,0.3488409
0,0,0.16404143
0,0,0.3138063
0,0,0.47455457
0,1,0.82881916
1,1,0.8489005
0,1,0.6154992
0,1,0.5867507
0,0,0.21437132
0,1,0.713136
0,1,0.5988081
0,0,0.29925424
0,0,0.36526868
0,0,0.1880639
0,0,0.24983807
0,0,0.2568054
0,1,0.6631671
0,1,0.6475877
0,0,0.30056113
0,0,0.064712256
0,0,0.041200247
0,0,0.12090697
0,1,0.5093046
0,0,0.29154888
0,1,0.85478187
0,0,0.33953762
1,1,0.55075616
0,1,0.8161697
0,0,0.35199618
0,0,0.13814498
0,0,0.35719162
0,0,0.19694732
0,0,0.31579998
0,1,0.5581353
0,0,0.43155384
0,0,0.10547103
0,1,0.5057445
0,1,0.59902686
0,0,0.24155071
0,0,0.16887607
0,0,0.14229058
0,1,0.7662366
0,0,0.15898587
0,0,0.4136823
1,0,0.3271581
0,0,0.4014633
0,1,0.6233029
0,0,0.06377941
1,1,0.79092824
0,0,0.105130814
0,0,0.31179285
1,1,0.8089235
0,0,0.24304351
0,0,0.4404277
0,1,0.727465
0,0,0.16086845
0,0,0.3229729
0,0,0.101725206
0,0,0.24312688
0,0,0.29599681
0,1,0.6702508
0,0,0.3446135
0,0,0.20897076
0,1,0.6158957
0,1,0.5552061
0,0,0.114026494
1,1,0.7222054
0,0,0.1974941
0,1,0.55878705
0,1,0.54134935
0,1,0.7702742
0,0,0.18859026
1,1,0.8913873
0,0,0.17468403
0,0,0.14297032
0,0,0.41135618
0,0,0.21033387
0,0,0.25718448
0,1,0.8040801
0,0,0.20092231
0,0,0.39553276
1,1,0.6959602
0,1,0.6828476
1,0,0.2144193
0,0,0.4851796
1,1,0.86259615
1,1,0.6303768
0,0,0.30352566
0,0,0.40424925
0,0,0.35043874
0,1,0.5399178
0,0,0.41396815
1,1,0.6043934
0,0,0.11082989
0,0,0.20108761
0,0,0.327327
0,1,0.6034088
0,1,0.6618863
0,0,0.07864729
0,0,0.159948
0,0,0.3901736
0,0,0.43612748
0,0,0.16794854
0,1,0.51540035
0,1,0.838044
0,1,0.63430417
0,0,0.23050526
0,0,0.27007726
0,0,0.27150223
0,0,0.18788612
0,0,0.11638496
0,0,0.33660334
0,0,0.41320097
0,0,0.1631434
0,1,0.5910639
0,0,0.04823152
0,0,0.18769749
0,0,0.14628288
0,0,0.32404742
0,0,0.123097554
0,0,0.21347657
0,1,0.56240296
0,0,0.2148488
0,0,0.4009295
0,1,0.52810043
0,0,0.21319099
0,0,0.13581498
0,1,0.54816586
0,0,0.36171696
0,0,0.34852573
0,0,0.09612651
0,0,0.39814472
0,0,0.24075456
0,0,0.17193387
0,0,0.18678722
0,0,0.4474717
0,0,0.4456338
0,0,0.19175294
0,1,0.8110024
0,0,0.40580633
0,0,0.18290053
1,0,0.36302218
0,1,0.7945187
0,0,0.4562495
0,1,0.5778942
0,0,0.4449989
1,1,0.8197637
0,1,0.6502396
0,0,0.49822274
0,0,0.34459022
0,0,0.16461678
0,0,0.4111437
0,1,0.57030827
0,0,0.43946978
0,1,0.7916646
0,0,0.35366133
0,0,0.33885416
0,0,0.215719
0,1,0.77650034
0,1,0.7996469
0,0,0.45850694
0,0,0.17706905
0,0,0.33666044
0,0,0.031718552
0,1,0.54841816
0,0,0.27739933
0,1,0.55948746
0,0,0.42150912
0,0,0.39100158
0,1,0.6610587
0,0,0.19025691
0,0,0.216326
0,0,0.35526156
0,0,0.4104279
0,0,0.3182585
0,1,0.60325044
0,1,0.7475425
0,0,0.49205774
0,1,0.5307067
1,0,0.44198376
0,0,0.19429451
0,1,0.55298066
0,0,0.42173806
0,1,0.8399817
1,0,0.25451612
1,0,0.41623637
0,0,0.47442016
0,0,0.07268783
0,0,0.43771178
0,0,0.3114937
0,0,0.46709326
0,0,0.3058877
0,0,0.10019411
0,0,0.2541687
0,1,0.576304
0,0,0.22506598
0,0,0.19165099
0,0,0.2994761
0,1,0.5998297
0,1,0.528685
0,0,0.26983956
0,0,0.49116564
0,0,0.30718818
0,0,0.2018474
0,1,0.6189808
0,0,0.32603315
0,1,0.6376247
0,0,0.33649287
0,0,0.2891379
0,0,0.26454788
0,1,0.78488886
0,0,0.16338134
0,0,0.31541
0,0,0.16975537
0,0,0.31869805
0,0,0.12320389
0,0,0.27663246
0,0,0.47577944
0,0,0.34347335
0,1,0.7178932
0,1,0.59511477
0,0,0.19563891
0,0,0.1642848
0,0,0.30334264
0,0,0.38375178
0,0,0.14718936
0,1,0.5607361
0,0,0.3523301
0,0,0.49192995
0,1,0.64494634
0,1,0.5683399
1,0,0.083425075
0,0,0.24680443
0,0,0.36368024
0,0,0.34518522
0,0,0.081629075
0,0,0.4668328
0,0,0.27128816
0,0,0.17022763
0,0,0.10985902
1,0,0.2782631
0,0,0.3643483
0,0,0.22454844
0,1,0.5886253
0,1,0.75986785
0,0,0.34392184
0,1,0.652403
0,0,0.12762752
0,0,0.16872756
0,0,0.3228181
0,0,0.19453067
0,0,0.32396147
0,0,0.23926869
0,0,0.37400368
0,1,0.6730943
0,0,0.23626037
0,1,0.56416947
0,0,0.29482448
0,0,0.30769637
0,0,0.42073435
0,0,0.28806862
1,1,0.6396557
0,1,0.5758289
1,0,0.1918123
0,1,0.5722775
0,0,0.33783963
0,1,0.8345394
0,1,0.53323615
0,1,0.60398966
0,1,0.7234109
0,0,0.18919626
0,0,0.41087645
0,0,0.37922353
0,1,0.54979926
0,0,0.067247994
0,0,0.26063645
0,0,0.26808277
0,0,0.25594068
0,0,0.34700274
0,0,0.35730004
0,1,0.83785415
0,0,0.16741318
0,0,0.24558483
0,0,0.4065668
0,0,0.38064113
0,0,0.4147012
0,0,0.4828933
0,0,0.2134332
0,0,0.2220474
0,0,0.33475718
0,0,0.4195769
0,0,0.34306288
0,0,0.40207154
0,0,0.4517719
0,0,0.31082156
0,1,0.6484611
0,1,0.69001085
1,1,0.88712335
0,0,0.13527706
1,0,0.37799987
0,0,0.29436406
0,0,0.33330816
0,1,0.56550896
0,0,0.49997807
0,1,0.6294951
0,1,0.6129373
0,1,0.6794894
0,0,0.13192943
0,0,0.25687024
0,1,0.54204917
0,0,0.46708524
1,1,0.68670493
0,1,0.522068
1,0,0.18962657
0,0,0.4737594
0,0,0.42327628
0,0,0.21829882
0,0,0.21586564
1,0,0.33829087
1,1,0.56801957
0,0,0.37167156
0,0,0.07409024
0,0,0.42327312
0,0,0.15466921
0,1,0.6372886
0,0,0.2275283
0,1,0.57477534
1,0,0.17375815
0,1,0.56241214
0,0,0.41624483
0,0,0.3569108
0,0,0.4578226
0,1,0.8749375
0,0,0.25724772
0,0,0.41553745
0,1,0.70505315
0,0,0.09556398
0,0,0.2102421
0,0,0.46780312
0,0,0.26516312
0,0,0.1456271
0,1,0.525106
0,0,0.2610351
0,1,0.59701395
1,1,0.6302178
0,0,0.28191563
0,1,0.6954858
1,0,0.49545372
0,1,0.60359114
0,0,0.4051654
0,1,0.6064556
0,0,0.3345687
1,1,0.5714711
0,0,0.37931702
0,1,0.67450637
0,1,0.6653029
0,1,0.5035495
0,1,0.5927342
0,0,0.27519464
1,1,0.7496674
0,0,0.48556796
0,0,0.33748642
1,1,0.55720824
0,0,0.1731029
0,0,0.26925638
1,1,0.70119697
0,0,0.17019702
0,0,0.28663433
0,0,0.48806572
0,0,0.05581407
1,1,0.59918964
0,0,0.16734295
0,0,0.20160449
0,0,0.17863733
0,0,0.41127184
0,1,0.61063844
0,0,0.01877527
0,1,0.78330076
0,1,0.6576378
0,1,0.58280575
0,0,0.16780856
0,1,0.7433472
0,0,0.33117798
0,0,0.38817593
0,0,0.4252493
0,0,0.3048026
0,0,0.27758548
0,1,0.62909734
0,0,0.116816126
0,0,0.4635137
0,0,0.24850322
0,0,0.2180475
0,0,0.40194246
0,0,0.47182155
0,0,0.36714408
0,0,0.27210814
0,0,0.29829338
0,0,0.2309421
0,0,0.36140534
0,0,0.34838292
0,0,0.42416552
1,1,0.77891284
0,1,0.6975669
0,0,0.21202457
0,0,0.17873009
1,0,0.4515852
0,0,0.48159266
0,0,0.3522821
0,0,0.3941972
0,0,0.27653116
0,0,0.2508497
0,0,0.35894752
0,1,0.8402803
0,0,0.27353767
0,1,0.5173067
0,0,0.21466015
0,0,0.2547657
0,0,0.27028874
0,1,0.73321456
0,0,0.2978706
0,0,0.39506322
0,0,0.18800694
1,1,0.751627
0,1,0.6631166
0,0,0.24770865
0,1,0.6481469
0,0,0.38024184
1,1,0.72203034
0,1,0.7220339
0,1,0.66031426
0,1,0.5348724
0,1,0.6825816
0,1,0.50893414
0,0,0.09601752
0,0,0.076566644
0,0,0.45254713
0,0,0.05958431
0,0,0.43866998
0,0,0.37023583
0,0,0.18537237
0,0,0.17621757
0,0,0.2094588
0,0,0.34496433
0,0,0.22629024
0,0,0.14399214
1,1,0.56787294
0,1,0.75984126
0,0,0.15644631
0,0,0.4394283
0,0,0.095394015
0,1,0.553427
0,0,0.35877398
0,0,0.14180066
0,0,0.42297545
0,0,0.46559617
0,1,0.60953915
1,0,0.45650223
0,0,0.4284072
0,1,0.5016195
0,0,0.3534678
0,1,0.55547816
1,1,0.7488768
0,0,0.3985015
0,0,0.2084546
0,0,0.04804868
0,1,0.78320676
0,0,0.09230501
0,1,0.63509643
0,0,0.36515483
0,0,0.21433103
0,0,0.17905383
0,1,0.5070987
0,0,0.43182272
0,0,0.17369108
1,1,0.7408395
0,1,0.54370236
0,1,0.6715226
0,0,0.16527142
0,0,0.11488673
0,1,0.68497187
0,1,0.5961785
0,0,0.37881777
0,0,0.2633106
0,0,0.3177338
0,0,0.19590287
0,1,0.5117183
0,1,0.58479846
0,0,0.3661012
0,0,0.15359628
0,1,0.58808124
0,0,0.11843067
0,0,0.40714812
0,0,0.22048794
0,0,0.054535437
0,0,0.43823627
0,0,0.17447895
0,0,0.35248095
0,0,0.15187271
0,1,0.79870737
0,0,0.43269715
0,0,0.14699484
0,0,0.27643868
1,1,0.6720043
0,0,0.07021755
0,0,0.4287056
0,0,0.39176086
0,1,0.52281255
0,0,0.38196367
0,0,0.3607448
0,1,0.693777
0,0,0.4667909
0,0,0.3137537
0,0,0.19909972
0,0,0.19653909
0,0,0.49044886
0,0,0.19229469
0,0,0.15696983
1,0,0.3303346
0,0,0.35183132
0,0,0.44468835
0,0,0.049657233
0,0,0.47161663
0,0,0.27511114
0,0,0.49619493
0,0,0.26081297
0,1,0.68091893
0,1,0.50095856
0,0,0.42035812
0,0,0.32745534
0,0,0.15380982
0,1,0.51622576
0,1,0.60554415
0,0,0.17891392
0,0,0.23279278
0,0,0.10323322
0,1,0.69458073
0,0,0.21622065
0,1,0.890807
1,1,0.64538246
0,0,0.4539569
0,0,0.43794858
0,0,0.12938012
0,0,0.047893006
0,0,0.10660359
0,0,0.40516672
0,0,0.21895766
0,0,0.28634027
0,1,0.6126961
0,1,0.6008946
0,0,0.30489373
0,0,0.3666921
1,0,0.34092915
0,0,0.3360796
0,0,0.3110282
1,0,0.33267108
1,1,0.7329871
0,0,0.36408865
0,0,0.2867252
0,1,0.66477907
0,0,0.21844275
0,0,0.3371149
0,0,0.38572413
0,0,0.06905814
1,1,0.78345984
0,0,0.17494687
0,0,0.29282656
0,0,0.26828933
0,1,0.66534126
0,0,0.2109931
0,1,0.6470671
0,0,0.17553188
0,0,0.2354176
0,0,0.34440657
0,1,0.5050698
1,1,0.61098474
0,0,0.37661788
0,0,0.1564235
0,1,0.5490407
0,0,0.28789058
0,0,0.49717447
0,0,0.16182403
0,0,0.12847263
0,0,0.18767567
0,0,0.31312096
0,0,0.18406129
0,0,0.24513651
0,0,0.20940182
0,0,0.4063502
0,1,0.70187557
0,0,0.47851115
0,0,0.31741372
0,0,0.36574194
0,0,0.1488367
0,0,0.27911994
0,0,0.42725188
0,0,0.36181903
0,0,0.10508747
0,0,0.13981344
0,1,0.51786315
0,0,0.31847495
0,1,0.543933
1,0,0.49668732
0,0,0.4965442
0,1,0.5326959
0,0,0.1454357
0,0,0.19696784
0,0,0.09882821
0,1,0.76093525
0,0,0.122918695
0,0,0.35561752
0,0,0.05543943
0,1,0.5634988
0,0,0.33981788
0,0,0.41084787
0,0,0.47108608
0,0,0.17290021
0,0,0.47484177
0,0,0.36088547
1,1,0.72149193
0,0,0.24654028
1,1,0.661504
0,1,0.6244004
0,1,0.5577643
0,0,0.25552195
0,0,0.2985564
0,0,0.44814503
0,0,0.05251388
1,0,0.13932028
0,1,0.55240124
0,0,0.28423703
0,0,0.22243449
0,0,0.17045754
0,0,0.46380636
1,1,0.9146316
0,0,0.18181592
0,0,0.343349
1,0,0.46308583
0,0,0.1566305
0,0,0.46198443
0,0,0.3163132
0,0,0.3698843
0,0,0.34205133
0,0,0.45927116
0,0,0.20270313
0,0,0.2661235
0,1,0.58001167
0,1,0.58674604
0,1,0.53799164
0,0,0.16890906
0,1,0.62168634
0,1,0.6485339
0,1,0.71458185
0,0,0.23694994
0,0,0.32818252
0,0,0.28697032
0,1,0.59320533
0,0,0.17735587
0,0,0.12618338
0,0,0.49758357
0,0,0.39111325
0,0,0.1693885
0,1,0.6134779
0,1,0.6723506
0,0,0.3310431
0,0,0.33500472
0,0,0.2382176
0,0,0.1730999
0,0,0.41553682
0,0,0.46994907
0,0,0.44890425
0,0,0.42183143
0,0,0.42478228
0,0,0.40996072
0,0,0.043849267
0,0,0.40221518
0,1,0.5969938
0,1,0.5383244
0,1,0.6150328
0,1,0.514031
0,0,0.2880208
0,0,0.37994868
0,0,0.12282024
0,0,0.36787972
0,0,0.10182219
0,0,0.3130942
0,1,0.80516165
0,0,0.32901248
0,0,0.07588312
0,0,0.117958784
0,0,0.10088515
0,0,0.17980525
0,0,0.2909266
0,1,0.5925824
0,0,0.16663769
0,0,0.35442027
0,0,0.3584056
0,0,0.18927132
0,1,0.6773159
0,0,0.20270936
0,0,0.47112274
0,0,0.25502998
0,1,0.5411675
0,0,0.19967131
0,0,0.30723107
0,0,0.4348611
0,0,0.18055458
0,1,0.5682605
0,1,0.765851
0,0,0.3664536
0,1,0.5482832
0,0,0.040689297
0,0,0.44076312
0,0,0.39049366
0,0,0.48697874
0,1,0.5888499
0,0,0.2133543
0,0,0.3057969
0,0,0.37715796
0,0,0.45495313
0,1,0.8015964
0,0,0.11818182
0,0,0.3213576
0,0,0.13062023
0,0,0.05988456
0,0,0.2803409
0,0,0.22475661
0,0,0.43997577
0,0,0.110631704
0,0,0.25677937
0,1,0.5689876
0,1,0.70761883
0,1,0.57801944
1,0,0.47138026
0,1,0.5746866
1,1,0.7755729
0,0,0.47545034
0,1,0.55063087
0,1,0.5048911
0,0,0.34337375
0,0,0.33194226
0,0,0.42867997
0,0,0.31116036
0,0,0.33894423
0,0,0.40602693
0,1,0.5530892
0,0,0.18637955
0,0,0.2869861
0,0,0.3700392
0,0,0.24302228
0,0,0.21012393
0,0,0.22165102
0,1,0.50080556
0,0,0.21147007
0,0,0.37289655
0,0,0.030829815
0,1,0.5976218
0,0,0.054695092
0,0,0.44333708
0,0,0.36993012
0,0,0.1738025
0,1,0.5436672
0,0,0.27377903
0,0,0.20151615
0,0,0.20591336
0,0,0.3822497
0,0,0.39456886
0,0,0.33355227
0,1,0.71435016
0,0,0.16902345
0,0,0.43395612
0,0,0.4397196
0,0,0.22318757
0,1,0.5821272
0,1,0.58651507
0,1,0.6555539
0,1,0.801571
0,0,0.33076444
0,0,0.3943352
0,0,0.18789932
0,0,0.035840865
0,0,0.3229535
1,1,0.75595367
0,0,0.39302355
0,0,0.18533488
0,1,0.53383446
0,1,0.8935007
0,0,0.15473117
0,0,0.32101327
0,0,0.23208563
0,1,0.54876393
0,0,0.4638318
0,0,0.34444928
0,0,0.1665062
0,1,0.72571677
0,0,0.3777881
0,0,0.35261828
0,1,0.509642
0,1,0.5196215
0,0,0.46124482
0,1,0.54863995
0,0,0.19550568
0,0,0.1962018
0,1,0.81609464
0,0,0.29468608
0,0,0.1096317
0,0,0.28315738
0,1,0.62910384
0,0,0.43940154
0,1,0.6800467
0,0,0.3519738
0,0,0.22538467
0,0,0.33005297
0,1,0.5523168
0,0,0.40687868
0,0,0.45862716
0,1,0.67809546
0,1,0.58441025
0,0,0.25221714
0,0,0.42498478
0,1,0.65717846
0,0,0.43826658
0,0,0.13668638
0,0,0.31573275
0,0,0.3743546
0,0,0.12350138
1,1,0.7596942
1,1,0.5935656
0,1,0.57221925
0,0,0.2380652
0,0,0.1815387
0,1,0.5665247
0,0,0.16229926
0,0,0.17218465
0,1,0.5854989
0,0,0.17399663
0,0,0.36787015
0,0,0.25191325
0,0,0.26655084
0,1,0.5515595
0,0,0.19437444
0,0,0.1865633
0,0,0.35048637
0,0,0.4094867
0,0,0.19405662
0,0,0.2830519
0,1,0.5010085
0,0,0.09425465
0,1,0.7008964
0,0,0.16580413
0,0,0.22739278
0,0,0.12795746
0,0,0.33523932
0,1,0.5787416
0,0,0.12669839
0,1,0.5760969
0,0,0.40041825
0,0,0.25301376
0,1,0.82035345
0,0,0.31266695
0,0,0.14191753
0,0,0.28945398
0,0,0.47528398
0,1,0.6308336
0,1,0.5547118
1,1,0.56675
0,0,0.254483
0,0,0.14342423
0,0,0.31589586
0,0,0.26864928
0,1,0.62249625
0,0,0.29222414
0,0,0.08309204
0,0,0.45039767
0,0,0.30116513
0,0,0.38413438
0,0,0.31144214
0,1,0.6371214
0,0,0.2008468
0,0,0.22307669
0,0,0.20099884
0,0,0.32631573
0,0,0.2718465
0,0,0.29384655
0,0,0.041717086
0,0,0.41214824
0,0,0.35728303
0,0,0.20385623
0,0,0.26945755
0,0,0.18681726
0,0,0.36092332
0,0,0.34578001
0,0,0.325706
1,1,0.68138725
0,0,0.15806375
0,0,0.30862942
0,0,0.20861903
0,0,0.26857314
0,0,0.2194134
0,0,0.15150115
0,0,0.24259457
0,0,0.19333528
0,0,0.21895568
0,0,0.47849998
0,0,0.33136535
0,0,0.15149224
0,1,0.5636961
0,0,0.4990067
0,0,0.23041277
0,1,0.6207657
0,1,0.55600554
0,0,0.17014034
1,0,0.4346159
0,0,0.4795336
0,1,0.6018044
0,0,0.24862826
0,0,0.18088087
0,0,0.11458895
0,0,0.42820847
0,0,0.32011107
0,0,0.41203243
0,0,0.14471558
1,0,0.33401412
1,1,0.7796624
0,0,0.047259793
0,0,0.24347986
0,1,0.5374784
0,1,0.66678756
0,0,0.4702043
0,1,0.89460814
0,1,0.5761183
0,0,0.43326363
0,1,0.7396213
0,0,0.11338742
0,0,0.3714445
0,0,0.14419644
0,0,0.20420307
0,1,0.60949737
0,1,0.8518687
0,1,0.5217346
0,0,0.34417725
0,1,0.6244464
0,0,0.47413164
1,1,0.64615947
0,1,0.50644773
0,0,0.2722292
0,0,0.22748461
0,0,0.1446061
0,0,0.27367458
0,0,0.24969107
0,0,0.35496196
0,0,0.34279558
0,0,0.29225942
0,1,0.6587555
0,0,0.3937036
0,0,0.21727312
0,0,0.38640982
0,1,0.5361541
0,0,0.14564781
0,1,0.738304
0,0,0.49316213
0,0,0.48487628
0,0,0.17940591
1,0,0.48890612
0,1,0.682568
0,0,0.23740293
0,0,0.09596448
0,0,0.2858379
0,1,0.6024831
1,1,0.65478337
0,0,0.37863776
0,0,0.058196705
0,1,0.6334188
0,0,0.34315565
1,0,0.46511057
0,0,0.07463766
1,1,0.5276026
0,0,0.34668338
0,1,0.6586355
0,0,0.396439
0,1,0.52213204
0,0,0.2762571
1,0,0.47638533
0,0,0.13072576
0,1,0.7619912
0,0,0.19771197
0,1,0.80079865
0,0,0.2529253
1,1,0.84277314
0,1,0.59438837
0,1,0.51994383
0,0,0.22758292
0,0,0.1504566
0,0,0.34257895
0,0,0.40106687
0,0,0.42222512
0,0,0.1817878
0,0,0.2646877
0,1,0.6026874
0,0,0.18579984
0,0,0.41075397
0,0,0.12968859
0,0,0.16195129
0,0,0.30854812
0,1,0.78833437
0,1,0.6604298
0,0,0.26017737
0,1,0.6135516
0,1,0.5543665
0,0,0.32016218
0,0,0.4481967
1,1,0.8334572
0,1,0.52445906
0,0,0.39242235
0,0,0.0812986
0,0,0.31425866
0,0,0.24443188
1,1,0.8246199
0,0,0.061732955
0,1,0.6259888
0,0,0.07303568
0,0,0.20920387
0,1,0.6990212
0,1,0.7312109
0,0,0.32363003
0,0,0.37201
0,1,0.51106375
0,0,0.40981194
0,0,0.33212253
1,0,0.20361707
0,0,0.20715436
0,1,0.8519251
0,0,0.31886277
0,1,0.57537013
0,0,0.13415755
0,0,0.2359477
1,0,0.45474222
0,0,0.21378821
0,0,0.23054911
0,0,0.440701
0,1,0.58199036
0,1,0.6612615
0,0,0.2011353
0,0,0.26799473
0,1,0.5484904
0,0,0.44556075
0,1,0.5134354
1,1,0.72256273
0,0,0.24345244
1,1,0.7073742
0,1,0.74365634
0,0,0.22394691
0,0,0.32364467
1,0,0.3133687
0,0,0.4625009
0,0,0.36540622
0,0,0.40082008
0,0,0.14578074
0,0,0.2241317
0,1,0.51032585
0,0,0.18909287
0,1,0.5400333
0,0,0.34980726
0,0,0.31638741
0,0,0.45241904
0,0,0.20977838
0,0,0.36595628
0,0,0.42347494
0,1,0.5559244
0,0,0.39872062
0,0,0.12559524
0,0,0.19905521
0,0,0.15083502
0,1,0.556329
0,1,0.65132827
0,0,0.23529108
0,0,0.23035556
0,1,0.81296
0,1,0.5732616
0,0,0.2730356
0,0,0.34777084
0,0,0.2935855
0,1,0.530663
0,0,0.27269858
0,0,0.24815542
0,0,0.14799592
0,0,0.12106901
0,0,0.21653162
0,0,0.25943786
0,0,0.3640178
0,0,0.43759242
0,0,0.40550226
0,1,0.59264827
0,0,0.39465028
0,1,0.77703696
0,0,0.2750633
0,1,0.5892164
0,0,0.2606572
0,1,0.56181645
1,1,0.62314355
0,0,0.40123385
0,1,0.560254
0,0,0.17631218
0,0,0.3879466
0,0,0.15706202
0,0,0.06743907
1,1,0.54127896
0,0,0.46514246
0,1,0.68021363
0,0,0.10699478
0,1,0.6057437
0,0,0.13801143
1,1,0.76963854
0,0,0.16064773
0,0,0.38505733
0,0,0.4945221
0,0,0.25126958
0,0,0.4622497
0,1,0.6546633
0,0,0.3830462
1,0,0.38260552
0,0,0.19360058
0,0,0.20015936
0,1,0.5449055
0,0,0.11226936
0,0,0.3198255
0,1,0.6516344
0,0,0.44204694
0,1,0.71684134
0,0,0.14261109
0,0,0.31515238
0,1,0.5568206
0,0,0.3595145
0,0,0.08165234
0,0,0.17635842
0,1,0.86744887
0,0,0.2574644
0,0,0.24973884
0,0,0.36057404
1,1,0.6630123
0,0,0.37811252
0,1,0.50807667
0,1,0.7095401
0,1,0.5470556
0,0,0.2521498
0,1,0.71696967
1,1,0.87040067
0,0,0.07764543
0,0,0.30323395
0,1,0.5831027
0,0,0.40088597
0,0,0.19070652
0,0,0.09248017
0,0,0.2819189
1,1,0.8659432
0,0,0.3239672
0,0,0.2255974
0,0,0.3779773
0,0,0.16185893
0,0,0.22983913
0,0,0.34109288
0,0,0.23792589
0,0,0.24395423
0,0,0.10585341
0,0,0.4935614
1,1,0.66375077
0,0,0.4514933
0,0,0.42730626
0,0,0.19151534
0,0,0.44583488
0,0,0.20536081
0,1,0.7309792
0,1,0.6269218
0,0,0.29065385
0,0,0.26134634
0,0,0.440359
0,0,0.09498913
0,0,0.15384161
0,0,0.08356534
0,1,0.6068399
0,0,0.32270834
0,0,0.34925294
0,0,0.140501
0,1,0.7408198
0,1,0.72050536
0,1,0.61155784
0,0,0.37349984
0,0,0.36718068
0,1,0.8285137
0,0,0.31720898
0,0,0.10809948
0,0,0.42435342
0,1,0.8074405
0,0,0.36242583
1,1,0.55516833
0,1,0.68388385
0,0,0.30651894
0,0,0.28928807
0,0,0.3532144
0,0,0.31742337
0,1,0.81985575
0,0,0.22531924
0,0,0.39580077
0,0,0.32716858
0,1,0.5141151
1,1,0.60520935
1,1,0.5272651
0,0,0.2980041
0,0,0.4590819
0,0,0.13929614
0,1,0.81130826
0,0,0.3695844
0,0,0.08991364
0,1,0.6998368
0,1,0.63527864
0,0,0.17668861
0,0,0.2140749
0,0,0.29226497
0,1,0.6790863
0,1,0.58998203
0,0,0.15601128
0,1,0.58000374
0,0,0.178053
0,0,0.1976636
0,0,0.2538653
0,0,0.23386838
0,1,0.6661306
1,0,0.47194716
0,1,0.57100695
0,0,0.44453377
0,0,0.24565065
0,0,0.1878451
1,1,0.7777101
0,0,0.33951113
1,0,0.41077572
0,0,0.38469398
0,0,0.2103084
0,1,0.68690944
0,0,0.060691092
0,0,0.100957945
0,1,0.52185464
0,0,0.40642133
0,0,0.2554906
0,0,0.27989382
0,0,0.48341447
0,0,0.27783668
0,0,0.4204811
0,1,0.5701163
0,0,0.2991017
1,1,0.63816756
0,1,0.5777849
0,0,0.47973543
0,1,0.5543719
0,0,0.213096
0,0,0.317114
0,0,0.28236666
0,1,0.7993336
0,1,0.5338498
0,1,0.56071365
1,1,0.72176284
0,0,0.39729118
0,0,0.21164998
0,1,0.5377854
0,1,0.5791626
0,1,0.5178629
1,1,0.6216978
0,0,0.46811208
0,1,0.8317346
0,0,0.30166095
0,1,0.724837
1,0,0.3741818
0,1,0.506282
0,0,0.10129111
1,0,0.11463738
0,0,0.1769763
0,1,0.8992658
0,0,0.24741445
0,0,0.19441247
0,0,0.119856074
0,0,0.2823969
0,0,0.25437117
0,0,0.34984088
0,0,0.17539212
0,1,0.5838129
0,1,0.5913129
0,1,0.595819
0,1,0.7009816
0,0,0.43419328
0,1,0.7065592
1,0,0.4003125
0,1,0.70073646
1,1,0.8632764
0,0,0.07448346
1,1,0.79934657
0,1,0.5233377
0,0,0.16302666
0,0,0.20944345
0,0,0.1383476
0,0,0.413943
0,1,0.5386343
0,0,0.3384447
0,0,0.39008757
0,1,0.8079361
0,0,0.2155532
0,1,0.65966314
0,0,0.11538203
0,1,0.5342537
0,0,0.29069778
0,0,0.1606291
0,0,0.0710639
0,1,0.80514455
0,0,0.4304744
0,0,0.1707925
0,0,0.22954708
0,0,0.30172446
0,1,0.59149104
0,0,0.2705026
0,1,0.56490004
0,0,0.17574188
0,0,0.26367176
0,1,0.7713102
0,0,0.20716295
1,1,0.57255656
0,1,0.707369
0,1,0.6363587
0,0,0.29328635
0,1,0.63252
0,0,0.32817754
0,0,0.2819675
0,0,0.13853823
0,0,0.29056576
0,0,0.17367513
1,0,0.25884014
0,0,0.3775646
0,1,0.8284194
1,1,0.5467949
0,0,0.3400901
0,1,0.5502314
0,0,0.35602194
0,0,0.34392288
0,0,0.15002766
0,1,0.6744055
0,0,0.33456606
0,1,0.5180692
0,1,0.71263087
0,0,0.1493381
0,0,0.2940028
1,1,0.651214
0,0,0.17637904
0,0,0.27434212
0,0,0.4398592
1,1,0.53400946
0,0,0.40837955
0,0,0.4104451
0,0,0.4833668
0,0,0.2456423
0,0,0.19087595
0,1,0.5606861
0,0,0.39596304
0,0,0.09367656
0,1,0.65033364
1,1,0.6221557
0,0,0.14354865
1,0,0.3638416
0,1,0.57267606
0,0,0.17763934
0,0,0.12496609
0,1,0.65853786
0,0,0.20196508
0,0,0.42531464
0,0,0.38377634
0,0,0.29369307
0,0,0.15797634
0,0,0.2168421
0,0,0.11101261
0,1,0.5502415
0,0,0.18495543
0,1,0.676809
0,0,0.455966
0,0,0.38708946
0,0,0.3504698
0,0,0.3279365
0,1,0.61455995
0,1,0.523841
0,0,0.24819571
0,0,0.28409865
0,0,0.36283532
0,0,0.11715936
0,1,0.6565706
0,1,0.51512235
0,0,0.18291816
0,0,0.062570736
0,1,0.5447795
1,1,0.6139334
0,1,0.7085616
0,1,0.5648068
1,0,0.48291788
0,0,0.44745275
0,0,0.25460303
0,0,0.31449378
0,0,0.09444514
0,0,0.49798653
0,1,0.5422601
0,1,0.66385317
0,1,0.5532512
1,1,0.7039393
0,1,0.5277682
0,0,0.1817597
0,1,0.63084817
0,0,0.14148088
0,1,0.75891685
0,0,0.25538513
0,0,0.3108274
0,0,0.28360364
0,0,0.41241992
0,0,0.3542221
0,0,0.21705078
0,1,0.51627606
0,0,0.4669392
0,0,0.20743068
0,0,0.36347315
0,0,0.46351013
0,0,0.13211699
0,0,0.16798435
0,0,0.2615727
1,1,0.5101234
0,0,0.26762033
0,0,0.04864727
0,0,0.1876608
0,0,0.24324271
0,0,0.339914
0,0,0.48255256
0,0,0.3453584
0,0,0.21631104
0,1,0.7278027
0,0,0.27486664
0,0,0.09096514
0,0,0.18927638
0,0,0.32575008
0,0,0.48948088
0,1,0.7922011
0,1,0.7162328
0,0,0.27252865
0,0,0.43632582
0,0,0.31083873
0,0,0.19172782
0,1,0.53185385
0,0,0.08942922
1,1,0.5027496
0,1,0.5725015
0,0,0.35791212
0,0,0.47154826
0,1,0.7337953
0,0,0.3196704
0,1,0.53495103
0,1,0.524387
0,0,0.48687777
0,0,0.2080276
0,0,0.37840596
0,0,0.2806311
0,0,0.08735152
0,0,0.15452865
0,0,0.14610322
0,0,0.41378525
0,1,0.7235814
0,0,0.18244667
1,0,0.45175335
0,0,0.16140752
0,0,0.4602799
0,0,0.36863962
0,0,0.033409197
0,0,0.0317694
0,0,0.08009007
0,1,0.6109627
0,0,0.2795203
0,0,0.30901524
0,0,0.4530624
0,0,0.13018848
0,0,0.3646141
0,0,0.13517429
0,1,0.7667829
0,0,0.40156132
0,0,0.31461012
0,0,0.31842697
0,0,0.40928864
0,0,0.21261418
0,0,0.0894481
0,0,0.2231282
0,0,0.13332078
0,1,0.62197804
0,0,0.1688609
0,1,0.77169496
0,1,0.56305903
0,0,0.346594
0,0,0.15831618
0,0,0.36018273
0,0,0.33935755
0,0,0.170013
0,0,0.12149055
0,1,0.70905405
0,0,0.17992783
0,0,0.15544339
0,0,0.45716798
0,0,0.19906116
1,0,0.48102686
0,0,0.0774827
0,0,0.24976651
0,0,0.19893262
0,0,0.11176612
0,1,0.7208493
0,0,0.4457069
1,0,0.45435995
0,0,0.1687018
0,0,0.19731134
0,0,0.1392958
0,0,0.3154965
0,0,0.38479558
1,1,0.61488193
0,0,0.20423964
0,1,0.62719405
0,1,0.6373017
0,0,0.4535025
0,0,0.15383182
0,0,0.33605573
0,0,0.16377102
0,0,0.14833015
0,1,0.56781787
0,0,0.25469917
0,0,0.12827784
0,0,0.17470106
0,0,0.37368527
0,0,0.26250553
0,1,0.64315456
0,0,0.47775283
0,0,0.19644763
0,0,0.25640103
0,0,0.11016735
0,0,0.20090641
0,1,0.50960255
0,0,0.17002405
0,1,0.5398999
1,1,0.62045735
0,0,0.05646841
0,1,0.7782215
0,1,0.59371763
0,0,0.22580858
0,0,0.23401253
0,0,0.10763586
0,1,0.7705475
0,0,0.31835982
0,0,0.28905126
0,1,0.7613187
0,1,0.72430277
0,1,0.8358522
0,0,0.2198426
0,0,0.11960277
0,0,0.27479887
0,0,0.17108946
0,0,0.122938626
0,0,0.22964978
0,1,0.5793727
0,0,0.31864938
0,1,0.6201828
0,0,0.34354243
0,0,0.3322936
0,0,0.39651397
0,0,0.14885095
0,0,0.259263
0,0,0.19331382
0,0,0.43923235
0,0,0.23276658
0,1,0.55633384
0,0,0.3090149
0,0,0.39224184
0,1,0.76002777
0,1,0.5626034
0,0,0.37848628
0,0,0.20408332
0,1,0.64699715
0,0,0.276086
0,0,0.18733348
0,1,0.6535694
0,0,0.33600068
0,0,0.11115054
0,0,0.18580776
1,1,0.87562734
0,0,0.391599
0,0,0.19629107
0,1,0.622948
0,0,0.1760207
0,0,0.34972876
0,0,0.29690745
0,0,0.40849546
0,0,0.08081366
0,1,0.7461202
0,0,0.27585608
0,0,0.29340315
0,1,0.5602986
1,0,0.49546272
0,0,0.20335776
0,0,0.08477607
0,0,0.26123133
0,0,0.08007462
0,1,0.7978485
0,0,0.3276925
0,0,0.11897633
0,0,0.15573886
0,0,0.19738944
0,1,0.68396235
0,0,0.39901778
0,0,0.049520478
0,1,0.6624514
0,1,0.5443674
0,0,0.45659643
0,1,0.64256
0,0,0.09009583
0,0,0.3836775
0,1,0.7170034
0,1,0.73331636
0,0,0.20447695
0,0,0.092327185
0,0,0.15753068
0,0,0.2090106
0,0,0.47359893
0,0,0.21917053
0,1,0.6153073
0,0,0.29027012
0,0,0.24502975
0,0,0.30872697
0,0,0.18850407
0,0,0.41450337
0,0,0.16329357
0,0,0.31098676
0,1,0.7940671
1,0,0.18405212
0,0,0.24684326
0,1,0.5145373
0,0,0.3795562
0,0,0.29758152
0,0,0.28138173
0,1,0.6697888
0,0,0.23702474
0,0,0.39903706
0,0,0.12055749
0,0,0.28722703
0,0,0.3146847
0,1,0.79753727
0,1,0.6316221
0,0,0.42688313
0,0,0.2642546
0,0,0.38698727
0,0,0.44766304
0,0,0.318224
0,0,0.14472064
0,0,0.09188335
0,1,0.5209177
0,0,0.43536302
0,0,0.4789968
0,0,0.15212019
0,0,0.49649626
0,0,0.484957
0,1,0.66641617
0,1,0.84175706
0,0,0.27150375
0,0,0.18349615
0,0,0.3964156
0,0,0.16055131
0,0,0.3231976
0,0,0.3774045
0,0,0.17912544
0,0,0.39475954
0,1,0.6000528
0,0,0.47944218
0,0,0.20672742
0,0,0.32524842
0,0,0.4195357
0,1,0.60326916
0,0,0.10667228
0,0,0.3192306
0,1,0.5894468
0,0,0.32952282
0,0,0.377767
0,1,0.6415046
0,0,0.20270513
0,1,0.7459386
0,0,0.08432983
0,0,0.1931758
0,0,0.12301941
0,1,0.7351023
1,0,0.13510975
0,1,0.6993292
0,0,0.2075726
0,1,0.7199444
0,0,0.4145962
0,1,0.5063306
0,0,0.21326022
1,0,0.27821034
0,0,0.29088217
0,0,0.46346352
0,0,0.39088172
0,1,0.6015207
1,1,0.57289803
0,0,0.27654454
0,0,0.39067188
0,0,0.23722696
0,0,0.10875111
0,1,0.76764137
0,0,0.23266512
0,0,0.17219326
0,0,0.30489656
0,0,0.13256231
0,0,0.12727882
0,1,0.520693
0,0,0.16120763
0,0,0.4851097
0,0,0.46322688
0,1,0.8260622
0,1,0.65048116
0,1,0.54314864
0,0,0.41308635
0,1,0.7716032
0,0,0.17709185
0,0,0.3243528
0,0,0.058897488
0,0,0.3109706
0,0,0.4296809
0,0,0.454889
0,1,0.7002297
0,1,0.5033734
0,0,0.18026368
0,0,0.070641994
0,0,0.27239707
0,0,0.47199348
0,0,0.32784984
0,0,0.46885917
0,1,0.5852419
0,0,0.27677533
0,1,0.7642011
0,0,0.21547374
1,0,0.3993918
0,1,0.5904578
0,0,0.24130419
0,0,0.10755271
0,1,0.54969287
0,0,0.3985686
0,0,0.24162185
0,0,0.27091867
0,0,0.39394057
0,0,0.45421118
0,0,0.173707
0,0,0.35959587
0,0,0.34706008
0,0,0.2862697
0,0,0.3940551
0,0,0.3976364
0,0,0.3469664
0,0,0.41240102
0,0,0.24054882
0,0,0.29292065
1,0,0.33179653
0,1,0.50779516
0,0,0.4838979
0,1,0.8165726
0,1,0.6957804
0,1,0.5185122
0,0,0.4586692
0,0,0.2753495
0,0,0.28150046
0,0,0.34025675
0,0,0.33534834
0,1,0.5795677
0,0,0.330965
0,1,0.61153615
0,0,0.25935194
0,1,0.51022345
0,1,0.50138164
0,0,0.19314317
0,0,0.29511735
0,0,0.39633763
0,0,0.22250322
0,0,0.23896107
0,0,0.07574732
0,0,0.47662702
0,1,0.5167136
0,0,0.24904099
0,0,0.096476674
0,1,0.88033664
0,1,0.67354715
0,0,0.028505232
0,0,0.31877443
0,0,0.28377712
0,0,0.15771045
0,0,0.41642392
0,1,0.54331106
0,0,0.15418786
0,1,0.6643308
0,0,0.4851152
0,0,0.32241184
0,1,0.53458244
0,0,0.20653363
0,0,0.21042009
0,0,0.25136778
0,1,0.73784035
0,1,0.57423556
0,0,0.07367754
0,1,0.59627277
0,0,0.39864755
0,0,0.38336048
0,0,0.24051745
0,0,0.20230792
0,0,0.1888669
0,0,0.3549795
1,1,0.8456251
1,1,0.50784963
0,0,0.43521518
0,1,0.70288527
0,0,0.338454
0,0,0.2878181
1,1,0.6824356
0,0,0.23021461
0,0,0.14829437
0,0,0.17805691
0,0,0.19793007
1,1,0.7330893
0,1,0.6433855
1,1,0.75091916
0,0,0.4345606
0,0,0.21375391
0,0,0.17602958
0,0,0.19024476
1,0,0.44668883
0,1,0.50140357
0,1,0.58244014
0,0,0.20504344
0,0,0.20166603
0,0,0.36725348
0,0,0.022349492
0,0,0.35915852
0,0,0.11428696
0,0,0.19940165
0,0,0.19648874
0,0,0.35259023
0,1,0.82215655
0,1,0.77483314
0,0,0.18370233
0,1,0.5131937
0,0,0.4808558
0,0,0.19156627
0,0,0.16776155
0,0,0.41275945
0,1,0.53210133
0,0,0.24382852
0,1,0.6655388
0,0,0.3765536
0,0,0.17942692
0,1,0.59785175
0,0,0.15508053
0,0,0.3131276
1,1,0.5316316
1,1,0.7382152
0,1,0.5896035
0,0,0.056658823
0,0,0.35988536
0,0,0.09682426
0,0,0.34526345
0,0,0.06380011
1,1,0.5418488
0,0,0.29771486
0,0,0.20411943
0,0,0.10377931
0,0,0.24983807
0,0,0.36160424
0,0,0.29065424
0,0,0.4350916
0,0,0.3531456
0,1,0.5312406
0,1,0.56519455
0,0,0.14051281
0,0,0.25811803
0,0,0.3032839
0,0,0.08265391
0,1,0.5414122
0,1,0.82655585
0,0,0.34187675
0,0,0.36428148
1,1,0.6033399
0,0,0.16500151
0,0,0.21644658
0,0,0.20425628
0,0,0.24175455
0,1,0.5815262
0,0,0.2687617
0,0,0.18459404
0,0,0.31691235
0,1,0.5059409
0,0,0.30995175
0,0,0.17927057
0,0,0.08630657
0,0,0.27079144
0,1,0.61436427
0,0,0.2082813
0,0,0.2553485
0,0,0.37251124
0,0,0.22475587
0,1,0.87639505
0,0,0.3428497
0,0,0.31478348
0,0,0.34507814
0,0,0.1399422
0,0,0.34955272
0,0,0.27711323
0,0,0.051473428
0,0,0.22608161
0,1,0.5080767
0,0,0.15133907
0,0,0.32001832
1,0,0.27587312
0,0,0.26381376
0,0,0.41300046
0,0,0.38698846
0,0,0.3531815
1,1,0.65691584
0,0,0.1602049
0,0,0.3816526
0,0,0.30731302
0,0,0.34982163
0,0,0.32540098
0,1,0.59387976
0,1,0.802224
0,0,0.3064674
1,1,0.71894383
0,0,0.22880635
0,0,0.27454406
0,0,0.18602657
0,1,0.7300037
0,0,0.46440342
0,1,0.7481712
0,0,0.17446221
0,1,0.5064149
0,0,0.39782518
0,0,0.18594864
0,1,0.69629425
0,0,0.103338785
0,0,0.3413698
0,0,0.15089586
0,0,0.28523046
0,0,0.41074273
0,0,0.3521874
0,0,0.42077747
0,0,0.42543435
0,0,0.40764403
0,0,0.22982349
0,0,0.31939355
1,0,0.42156658
0,1,0.50174576
0,0,0.271995
0,1,0.6967136
0,0,0.45706245
0,0,0.4535263
0,0,0.4051845
0,1,0.5950573
0,0,0.2744022
0,0,0.117454514
0,1,0.7099412
0,0,0.14134721
0,0,0.3981339
0,1,0.69099337
0,0,0.2571912
0,0,0.19540326
0,0,0.2975252
0,0,0.3888869
0,0,0.34324825
0,0,0.34160593
0,0,0.28814703
0,1,0.7650439
0,0,0.20815626
0,0,0.13159728
0,0,0.2022845
0,1,0.80547947
0,1,0.73083097
0,0,0.17343673
0,1,0.5355264
0,1,0.5313776
0,0,0.4107471
0,0,0.1333657
0,0,0.18423648
0,1,0.5199722
0,0,0.20618403
0,1,0.6088843
0,0,0.21250385
0,0,0.08522444
1,0,0.3982585
0,0,0.24391603
1,0,0.33205
0,0,0.3330048
0,1,0.8529734
0,0,0.075149655
0,1,0.64762294
0,1,0.7417936
0,0,0.25266805
0,1,0.5788112
0,0,0.49912915
0,0,0.06774555
0,1,0.57721406
0,0,0.37687185
0,0,0.26804617
0,0,0.17251019
0,1,0.5922539
0,0,0.28655753
0,0,0.30936626
0,1,0.53405744
0,0,0.28166485
0,1,0.74304324
0,0,0.16913903
0,0,0.3288561
0,0,0.4176691
0,0,0.076742835
0,1,0.794592
0,0,0.1765706
0,0,0.36853266
0,0,0.17297362
0,1,0.77338547
0,1,0.606427
0,0,0.4092518
0,0,0.122906074
0,0,0.430508
0,1,0.64351493
0,0,0.40135697
0,0,0.2222202
0,0,0.30738774
0,0,0.120372824
0,0,0.15232904
0,0,0.12923421
0,0,0.11031121
0,0,0.42636487
0,0,0.282813
0,0,0.11817197
0,0,0.13140032
0,0,0.14555722
0,0,0.20103061
1,1,0.86238736
0,0,0.41357404
0,0,0.4119092
0,1,0.71400356
1,1,0.77061677
0,1,0.5615834
0,1,0.5366734
0,0,0.31238827
0,0,0.2111266
0,1,0.52058977
0,0,0.38854697
0,0,0.321247
0,0,0.45031345
0,0,0.24743381
1,1,0.6743022
0,0,0.19508304
0,0,0.14186262
0,0,0.1667799
0,1,0.7668886
0,1,0.5315955
0,0,0.14140652
0,0,0.3761047
0,0,0.4378963
0,1,0.681408
0,0,0.34531468
0,1,0.5776658
1,0,0.16742091
1,0,0.43038905
0,0,0.15252821
0,0,0.44675785
0,0,0.44517997
0,0,0.11303634
0,0,0.46047786
0,1,0.6179619
0,0,0.4290684
0,0,0.48129952
0,0,0.06066783
0,0,0.20401147
0,1,0.73391294
0,1,0.8140118
0,1,0.5615417
0,1,0.5206049
0,0,0.12549269
0,0,0.18873218
0,0,0.35114923
0,0,0.34037474
0,0,0.3957119
0,0,0.32619417
0,0,0.29200724
0,0,0.40906158
0,1,0.8995296
0,0,0.1989882
0,1,0.53208834
0,1,0.5723108
0,0,0.14734119
0,1,0.67441016
0,1,0.6819849
0,0,0.2890111
0,0,0.38957393
0,0,0.18561102
0,0,0.3514049
0,1,0.50441104
0,0,0.355966
0,0,0.26283452
0,0,0.25426894
0,0,0.075901784
0,0,0.36085227
0,0,0.13429168
0,0,0.47419316
0,0,0.28535905
0,0,0.32250017
0,0,0.2755405
0,1,0.67310745
1,1,0.7714773
0,0,0.08421975
0,0,0.47791886
0,0,0.24664849
0,0,0.4522618
0,0,0.33645964
0,1,0.6357565
1,1,0.7881579
0,1,0.552515
0,1,0.5351189
0,0,0.337891
0,0,0.22801232
0,0,0.4625775
0,0,0.3121252
0,0,0.1694122
0,0,0.21858954
0,1,0.69953257
0,0,0.39226913
0,0,0.21809857
0,0,0.25201118
0,1,0.5084496
0,0,0.17825724
0,1,0.6009005
0,1,0.50745195
0,0,0.18389133
0,1,0.776861
0,0,0.33465162
0,0,0.20562598
0,0,0.40532774
0,0,0.26775968
1,0,0.48297164
0,1,0.56906426
0,0,0.1672277
0,0,0.30887088
0,1,0.61292475
0,1,0.522548
0,1,0.7130456
0,0,0.48319483
0,0,0.087713964
0,0,0.088454284
0,1,0.7862838
0,0,0.48399723
0,0,0.25930408
0,0,0.22681245
0,0,0.38970894
0,0,0.28891668
0,0,0.2864455
0,1,0.52422714
0,0,0.122662
0,0,0.36538166
0,0,0.30906487
0,0,0.36880672
0,0,0.0655822
0,1,0.6566277
0,0,0.04041456
0,0,0.12792663
0,1,0.55008876
0,0,0.25561914
0,0,0.1489201
0,1,0.5691283
0,0,0.19281371
0,0,0.111404
0,0,0.35469297
0,1,0.7346738
0,0,0.13183293
0,0,0.24530251
0,0,0.30962947
0,0,0.16965002
0,0,0.33947384
0,0,0.09227833
0,0,0.4817861
0,0,0.23549688
0,0,0.042708278
0,1,0.74116594
0,0,0.12839168
0,0,0.114698865
0,0,0.08851267
0,0,0.32670856
0,1,0.6279431
0,0,0.4671611
0,1,0.5195097
0,1,0.57288206
0,1,0.771398
1,1,0.6938539
0,0,0.15801609
0,0,0.2488536
0,0,0.48000392
0,0,0.18715732
0,1,0.589145
0,0,0.42768943
1,1,0.84413123
0,1,0.651734
0,0,0.15969001
0,0,0.30919054
1,0,0.3860246
0,0,0.41959497
0,0,0.24081269
0,0,0.35470158
0,1,0.7381715
0,1,0.57526475
0,0,0.26069823
0,1,0.75593454
1,0,0.19640392
1,1,0.8179114
0,1,0.8603405
0,0,0.44441074
1,0,0.43508998
0,0,0.36435798
0,0,0.3701408
0,1,0.5727616
0,0,0.34625718
0,0,0.08357246
0,0,0.2830235
0,0,0.2922442
0,1,0.6103554
0,1,0.5797325
0,0,0.3101483
0,1,0.6199848
0,0,0.36323592
1,1,0.79042757
0,1,0.53123343
0,0,0.3697555
0,0,0.3323802
0,0,0.27231157
0,1,0.7625978
0,0,0.2786875
0,1,0.54812336
0,0,0.46923018
0,0,0.33799934
0,1,0.5193367
0,0,0.19079751
1,1,0.5976552
0,0,0.3844185
0,0,0.1922504
0,0,0.1934557
0,0,0.37410244
0,0,0.47833857
0,0,0.16927224
0,0,0.2633384
0,1,0.8996883
0,1,0.64449424
0,0,0.3253526
0,1,0.5556361
0,0,0.27621892
0,1,0.5524067
0,1,0.59587884
0,0,0.49453002
0,0,0.09842105
0,0,0.23437774
0,0,0.14664166
0,1,0.5918594
0,1,0.6034769
0,0,0.35479444
0,0,0.47881728
0,0,0.11653873
0,0,0.4183589
0,0,0.17784688
0,0,0.23257835
0,0,0.3382887
0,0,0.20682645
0,0,0.09583193
0,1,0.77023613
0,0,0.28495643
0,0,0.3961202
0,0,0.21823303
0,0,0.058968224
0,0,0.17621492
0,0,0.47485447
0,0,0.030817304
0,0,0.33856195
0,0,0.31663707
1,0,0.46098846
0,0,0.37003952
0,0,0.379588
0,1,0.6679583
0,0,0.29778284
0,1,0.6674189
0,0,0.13058601
0,0,0.4745018
0,0,0.24895002
0,0,0.37798572
1,0,0.350993
0,0,0.1551813
0,0,0.35025513
0,1,0.53542256
0,1,0.5869259
1,1,0.78819
0,0,0.35815957
0,1,0.5166084
0,0,0.34922597
0,1,0.68406874
0,0,0.33775318
0,0,0.019356845
0,1,0.5145277
0,1,0.570426
0,1,0.60618716
0,0,0.2921072
0,0,0.1753639
0,0,0.42853865
0,0,0.22170402
0,0,0.3107885
0,0,0.29955378
0,0,0.4052293
0,0,0.4438369
0,1,0.6203031
0,1,0.5516229
0,1,0.7999571
0,0,0.34337595
0,0,0.4879473
0,0,0.40111065
0,1,0.6706001
0,0,0.09122826
0,0,0.4986235
0,0,0.39654198
0,0,0.13139132
0,0,0.30726492
0,0,0.48692775
0,1,0.5198098
0,0,0.2612764
0,0,0.22713144
0,0,0.27193642
0,1,0.5204224
0,1,0.52070624
0,1,0.7032936
0,0,0.22605704
0,0,0.24699639
0,0,0.40426028
0,0,0.48150823
0,0,0.020601174
0,0,0.4246936
0,1,0.5144879
0,1,0.5755556
0,0,0.38744277
0,0,0.18026467
0,0,0.18582846
0,1,0.56241167
0,0,0.07473855
0,1,0.6618904
0,1,0.54314137
0,0,0.46277753
0,0,0.47674075
0,0,0.31317225
0,0,0.31909892
0,1,0.77992666
0,0,0.32173035
0,0,0.11484702
1,1,0.7139479
1,1,0.5341618
0,1,0.6384669
1,1,0.59403014
0,0,0.34402114
0,1,0.5994873
0,0,0.26097572
1,1,0.80082315
0,0,0.10231075
0,1,0.52913123
0,1,0.6156792
0,0,0.41309783
1,0,0.39309263
0,0,0.31452516
0,1,0.5299094
0,0,0.3968996
0,1,0.55531716
0,1,0.6341103
1,0,0.3131525
0,0,0.28389516
0,0,0.3077165
0,1,0.5923539
0,0,0.17368118
0,1,0.70118356
0,1,0.66856426
1,0,0.41417462
0,0,0.31223372
0,0,0.22786586
0,1,0.7451681
0,0,0.287553
0,0,0.31381944
0,0,0.23912777
0,0,0.056761134
0,1,0.5075321
0,1,0.71867174
0,0,0.37807694
0,1,0.6442277
0,0,0.13784699
0,1,0.679293
0,0,0.32712516
0,0,0.23743868
0,0,0.42878512
0,1,0.63295174
0,1,0.53014475
0,0,0.25693494
0,0,0.3198543
0,0,0.109606005
0,0,0.28612518
0,0,0.3949624
0,0,0.11387463
0,0,0.39911604
0,0,0.30342805
0,0,0.40415418
0,1,0.65766066
0,0,0.28840512
1,1,0.8357895
0,0,0.46096075
0,1,0.7469399
0,0,0.09602961
0,0,0.23054871
0,0,0.08347657
0,0,0.14140102
0,0,0.20962602
0,1,0.8117125
0,0,0.35769993
0,1,0.58923024
0,0,0.23644921
0,1,0.6840833
0,0,0.44542718
0,0,0.21904357
0,0,0.31052756
1,1,0.8284149
0,0,0.19826211
0,0,0.25816578
0,0,0.11782041
0,0,0.15977596
0,0,0.088829495
0,0,0.32632086
0,1,0.7123013
0,0,0.08444059
0,0,0.46077684
0,1,0.5498709
0,1,0.70963967
0,0,0.24893889
0,0,0.16497606
0,1,0.73818713
0,0,0.1323881
0,0,0.46734947
0,0,0.23117836
0,0,0.43684188
1,1,0.68668395
0,0,0.15266454
0,0,0.2468907
0,1,0.525595
0,0,0.3115068
0,0,0.30256793
0,0,0.15212308
0,0,0.3159718
0,1,0.50505424
0,0,0.46879578
0,0,0.33389303
0,0,0.38734564
0,1,0.8492877
0,1,0.8519262
0,0,0.3642349
0,1,0.63359636
0,0,0.2698023
0,0,0.35006386
0,1,0.54632926
0,0,0.47592157
0,1,0.6801824
0,1,0.56557167
0,0,0.16631423
1,1,0.7820735
0,0,0.29911372
0,0,0.35840592
0,0,0.3571272
0,0,0.2553613
0,0,0.0677637
0,0,0.47423628
0,0,0.44658738
0,0,0.25112075
0,1,0.6056904
1,0,0.3159105
1,0,0.23669545
0,0,0.3736432
0,1,0.70120955
0,0,0.45123196
0,1,0.85195535
0,0,0.4782945
0,0,0.11763404
0,0,0.49637073
0,1,0.5153448
0,1,0.5797078
1,1,0.71137947
0,0,0.3326182
0,0,0.4099301
0,1,0.5978822
0,0,0.1472779
0,1,0.52559435
0,1,0.7105047
0,0,0.44889373
0,0,0.28351706
0,0,0.28116292
0,0,0.08620309
0,0,0.46616152
0,0,0.24957462
1,1,0.57010645
0,0,0.49088395
0,0,0.24314408
0,0,0.295385
0,0,0.13287757
1,1,0.9187921
0,1,0.59523666
0,0,0.33922723
0,1,0.5069528
0,1,0.51173764
0,1,0.6379924
1,1,0.6012608
0,0,0.21031645
0,1,0.6535753
0,0,0.3293814
0,1,0.86522603
0,0,0.46714643
0,0,0.15723392
0,0,0.2994555
0,1,0.7981698
0,0,0.32812175
0,1,0.6405789
0,0,0.27102414
0,1,0.5812026
0,0,0.20992811
0,0,0.3787441
0,1,0.7200119
0,0,0.24025717
0,1,0.6446143
0,0,0.4796256
0,0,0.30416927
0,0,0.40859714
0,0,0.18338451
0,0,0.4433009
0,0,0.4177418
0,0,0.2515456
0,0,0.44004214
0,0,0.13364066
0,0,0.35219175
0,0,0.34492734
0,0,0.488195
0,0,0.40993783
0,0,0.28587818
0,0,0.44315183
0,0,0.21996947
0,0,0.476597
0,0,0.15575877
0,0,0.21369569
0,1,0.7185197
1,1,0.8167553
0,1,0.8332069
0,0,0.1735109
0,1,0.59590876
0,1,0.65063626
0,1,0.75753695
0,0,0.1480021
0,1,0.55031747
0,0,0.21329829
0,0,0.3238725
0,0,0.28049818
0,1,0.8629177
0,0,0.42559758
1,0,0.36784896
0,0,0.31485045
1,0,0.18448775
0,0,0.3930813
0,0,0.12580201
0,0,0.13191809
0,1,0.7578804
0,0,0.24078405
0,0,0.31488377
0,0,0.17722166
1,1,0.7881522
0,1,0.55891347
0,0,0.28840962
1,0,0.09750617
0,1,0.74470085
0,0,0.21484904
0,0,0.28640297
0,0,0.106515914
0,0,0.18313697
0,0,0.23965195
0,0,0.28114095
0,1,0.50201595
0,0,0.45202672
0,0,0.15015472
0,0,0.16355509
0,0,0.28697294
0,0,0.3149811
0,0,0.4985453
0,1,0.70874584
0,0,0.11392228
0,1,0.6140454
0,0,0.46516454
0,1,0.78460056
0,0,0.20680119
0,0,0.08728417
0,1,0.5135431
0,0,0.13562134
0,0,0.24392407
0,1,0.79476607
1,0,0.47703853
0,0,0.48408175
0,1,0.56252176
0,0,0.32380664
0,0,0.16513474
0,1,0.5206458
0,0,0.4329141
0,0,0.3393397
0,1,0.62547797
0,0,0.3858105
0,0,0.09033049
0,0,0.47569287
0,0,0.10436798
0,1,0.6295023
0,0,0.26514244
0,0,0.3576362
0,0,0.115081005
0,0,0.20786771
0,1,0.65637696
0,0,0.13124792
0,0,0.31758034
0,0,0.1574578
0,0,0.33962956
0,0,0.21103486
0,0,0.43896356
0,1,0.50892246
0,0,0.31592757
1,1,0.79666805
0,1,0.5223598
0,0,0.46501663
0,0,0.13648346
0,0,0.22949365
0,1,0.50124645
0,1,0.7583673
0,1,0.6313195
0,1,0.5102523
0,0,0.29099217
0,1,0.56172633
0,0,0.46919224
1,0,0.43425006
0,1,0.8094984
0,0,0.32644784
1,0,0.24943693
0,0,0.15874258
0,0,0.15896031
0,0,0.1964504
0,0,0.48342884
0,0,0.2687667
0,0,0.10589242
0,0,0.082415715
0,0,0.24054827
0,0,0.27318886
0,0,0.2108639
0,0,0.23974137
0,0,0.13591959
0,0,0.17084344
1,1,0.7163012
0,0,0.31267756
0,0,0.48306492
0,1,0.62085146
0,0,0.44337082
0,0,0.18821168
0,0,0.45972785
1,1,0.7173497
0,0,0.40496486
0,0,0.18335682
0,0,0.26279584
0,1,0.515193
0,1,0.76405233
0,1,0.5468023
1,1,0.93436694
0,0,0.18499982
0,0,0.13282853
0,0,0.07188236
0,0,0.16435419
0,1,0.55260825
0,0,0.3273732
0,0,0.11737215
0,0,0.05680689
1,0,0.21184832
0,1,0.6054551
1,1,0.8515392
0,1,0.5281907
0,1,0.71242523
0,1,0.52293885
0,0,0.46968868
0,1,0.6416565
0,0,0.351388
0,0,0.08296334
0,1,0.53335613
0,1,0.8601556
0,0,0.22421657
0,0,0.11584479
0,0,0.16611756
0,0,0.42858043
0,0,0.4709338
0,1,0.5274978
1,1,0.6431541
0,1,0.7192804
1,0,0.3383233
0,1,0.76999176
0,0,0.14650063
0,0,0.24619167
0,1,0.6429287
0,1,0.52589256
0,0,0.35490668
0,1,0.5244929
0,1,0.6606043
0,0,0.3915385
1,1,0.53367984
0,1,0.5460361
0,1,0.5775989
0,0,0.38533863
1,0,0.4407127
0,0,0.29073134
0,0,0.20152777
0,1,0.8742163
0,0,0.22591065
0,0,0.47877482
0,0,0.38633415
0,1,0.72541577
0,0,0.42738354
0,0,0.36075926
0,0,0.1279331
0,0,0.37280887
0,0,0.056831792
0,0,0.4714036
0,0,0.14741546
0,0,0.25782588
0,0,0.23637296
0,0,0.43361798
1,1,0.7297061
0,1,0.54024416
0,0,0.19524951
0,0,0.39417988
1,1,0.80838245
1,1,0.6325305
0,0,0.19101928
0,0,0.37718806
0,0,0.3821674
0,0,0.1734524
0,0,0.1469058
0,1,0.7154805
0,0,0.14255849
0,1,0.6555655
0,1,0.50071555
0,0,0.085788995
0,1,0.66828537
0,1,0.54555386
0,1,0.54555035
0,1,0.76897556
0,0,0.05632614
0,0,0.3950222
0,0,0.3637589
0,1,0.83535516
0,0,0.30215847
0,0,0.4985943
0,0,0.34067976
0,0,0.38183945
1,0,0.46614245
1,1,0.8216498
0,0,0.34898752
0,0,0.15766591
0,0,0.243204
0,0,0.35328722
0,0,0.113169275
0,0,0.13486043
0,0,0.2562512
0,1,0.6977505
0,1,0.6644899
0,1,0.8111404
0,1,0.64552414
0,0,0.47399747
0,0,0.030541401
0,0,0.22322063
0,0,0.27497718
0,0,0.16443057
0,0,0.44035968
0,0,0.46048686
0,1,0.59527886
0,1,0.6854274
0,0,0.2561732
0,0,0.26598075
0,1,0.69522154
0,1,0.58099204
0,0,0.43245134
1,1,0.91727775
0,1,0.50521094
0,0,0.17561606
0,0,0.24341425
0,0,0.16539942
0,1,0.5516645
0,0,0.19910222
0,0,0.18994166
0,0,0.17187704
0,0,0.2997128
0,0,0.39807022
0,1,0.8197061
0,0,0.13136268
0,0,0.28271058
0,0,0.49219573
0,0,0.15799846
0,0,0.20098135
0,0,0.4761498
0,0,0.3023395
0,0,0.17376955
0,1,0.63314307
1,0,0.38509983
0,1,0.5624363
0,0,0.28377146
0,0,0.116028935
0,0,0.27501735
0,0,0.3173303
0,0,0.33109364
0,0,0.21264605
0,0,0.0777643
1,1,0.8521776
0,0,0.426632
0,1,0.67448
0,0,0.16684583
0,0,0.30939543
0,0,0.27240393
0,0,0.3554707
0,0,0.24431066
0,0,0.39808118
0,0,0.11391654
0,0,0.35006824
0,0,0.38633445
0,1,0.7542672
0,1,0.7369895
1,0,0.35322517
0,0,0.30341628
0,0,0.40572438
0,0,0.26174313
0,1,0.543023
0,0,0.15753183
0,0,0.36047482
0,1,0.6658709
0,0,0.23855263
0,0,0.1634755
0,0,0.46963945
1,1,0.67215115
0,0,0.16678335
0,0,0.2077876
0,1,0.72642076
0,1,0.5686251
0,0,0.32750112
0,0,0.29912558
0,1,0.7824502
0,1,0.71075195
0,0,0.45830473
0,0,0.17351633
0,0,0.1537354
0,1,0.5629232
0,0,0.30958688
0,0,0.4179132
0,0,0.120969586
0,0,0.19121008
1,1,0.78075194
0,1,0.5365972
0,0,0.3836098
0,1,0.51411766
0,1,0.63938034
0,0,0.36124077
0,0,0.42060092
0,0,0.37894744
0,0,0.24108423
0,0,0.3994433
0,1,0.85107285
1,1,0.70476496
0,0,0.077270225
0,0,0.41134435
0,1,0.72873384
0,0,0.3701227
0,1,0.6915761
0,1,0.65187466
1,1,0.78540844
0,0,0.16975844
0,0,0.3359311
0,1,0.70341593
0,1,0.80494493
0,0,0.3847321
1,0,0.46551436
0,0,0.19152734
1,1,0.8415517
0,0,0.26201415
0,0,0.21057147
0,0,0.32208905
0,1,0.7972019
0,0,0.40567303
0,0,0.13930957
0,1,0.5301141
0,0,0.21179515
1,1,0.6530772
1,1,0.7002501
0,0,0.31304154
0,0,0.16283686
1,0,0.49813196
0,0,0.23285656
0,0,0.2407658
0,0,0.30129874
1,1,0.6753457
0,0,0.29556835
0,1,0.5902219
1,1,0.64974105
0,0,0.40465125
0,1,0.69695807
0,0,0.352444
0,0,0.33279112
0,1,0.6576146
1,0,0.45580348
0,0,0.22681972
1,0,0.3992458
0,0,0.112550676
0,0,0.29974586
0,0,0.38796332
0,1,0.5653603
0,0,0.15919067
0,0,0.23639812
0,1,0.5314541
0,0,0.37253594
0,0,0.14901045
0,1,0.58954
0,1,0.55684346
0,1,0.66186595
0,0,0.2282481
0,0,0.22409454
0,0,0.22503823
0,1,0.62090373
0,0,0.2747276
0,0,0.38778666
0,0,0.20041077
0,1,0.6388023
0,0,0.16233386
0,0,0.49151427
0,0,0.26301637
0,1,0.77293557
0,0,0.3617384
0,0,0.42853427
0,0,0.4974181
0,1,0.5780404
0,0,0.1638011
0,0,0.040743727
0,1,0.6440486
0,0,0.13747214
0,0,0.27946174
0,0,0.38956016
0,0,0.14278162
0,0,0.36772427
0,1,0.5894938
0,1,0.66331667
0,0,0.48144737
0,0,0.39101392
0,0,0.32428327
0,1,0.61837405
0,0,0.22722547
0,0,0.10729841
0,0,0.18665852
0,1,0.77955025
0,1,0.90924597
0,0,0.27025038
0,0,0.4505863
0,1,0.6687247
0,0,0.41329578
0,1,0.77680266
0,0,0.44783065
0,1,0.8121483
0,1,0.6502434
0,0,0.20036837
0,0,0.19260442
0,0,0.49458075
0,0,0.36197618
0,1,0.50891733
0,0,0.27566248
0,0,0.24952362
0,0,0.3590822
0,0,0.24829797
0,0,0.10718795
0,0,0.15643132
0,0,0.45481798
0,1,0.6563134
0,1,0.763744
0,0,0.134188
0,0,0.4175289
0,0,0.12101697
0,0,0.10400027
0,1,0.7767025
0,0,0.39618638
0,0,0.48057985
0,0,0.48465732
0,1,0.7707779
0,0,0.18208799
0,1,0.66338146
0,0,0.12760867
1,0,0.18158752
0,0,0.45038587
0,1,0.5064633
0,0,0.43792978
0,1,0.7850949
1,1,0.8844662
0,0,0.250393
0,1,0.8352134
0,0,0.3317345
0,0,0.2918303
0,1,0.5466594
0,0,0.18826884
0,0,0.40882793
0,0,0.219486
0,0,0.33502856
0,0,0.36688605
0,0,0.42824513
0,1,0.57168853
0,0,0.13258705
0,0,0.3610502
1,1,0.74450237
0,1,0.5793018
1,0,0.44859567
0,0,0.19895923
0,0,0.27536094
0,1,0.7584605
0,0,0.34770226
0,1,0.78507406
0,1,0.51767796
0,1,0.6479579
0,0,0.32181153
0,0,0.43745774
0,1,0.674201
0,1,0.6029334
0,1,0.8018534
0,0,0.41248012
0,1,0.601405
1,1,0.6880212
0,0,0.198374
0,0,0.22172508
1,1,0.6146564
0,0,0.2911946
0,0,0.31176513
0,0,0.115152285
0,0,0.078089185
0,0,0.2429488
0,1,0.8696168
0,0,0.30392784
0,1,0.5480975
0,0,0.22301881
0,1,0.61433226
0,0,0.43380433
0,0,0.2682413
0,1,0.51456296
0,1,0.77262247
0,0,0.46730682
0,0,0.31281924
0,0,0.44252992
0,0,0.3192545
0,0,0.43887728
0,0,0.1737321
0,1,0.6796453
0,1,0.61200374
0,0,0.08485175
0,0,0.18037927
0,0,0.16146262
0,0,0.3456915
0,0,0.28306803
0,1,0.53619236
0,0,0.28008547
0,0,0.3894458
0,0,0.27405256
0,1,0.86409694
0,1,0.5415467
0,0,0.284642
0,1,0.8060245
0,1,0.6925976
0,1,0.69485396
0,0,0.4310421
0,1,0.72902703
0,0,0.04813854
1,0,0.44628108
0,1,0.6082841
0,0,0.30427703
0,0,0.17155254
0,0,0.36901602
1,1,0.52660346
0,0,0.3471137
0,1,0.8134982
0,0,0.35948583
0,0,0.28834918
0,0,0.41873598
0,1,0.5955849
0,0,0.26608658
0,0,0.38836277
1,0,0.48216447
0,0,0.44841468
0,0,0.34771052
0,0,0.3225503
0,1,0.6774358
0,0,0.45674855
0,0,0.49038854
0,0,0.14887838
0,0,0.1109896
0,1,0.5954256
1,1,0.5455733
0,0,0.25383958
0,1,0.56808335
0,0,0.4008053
0,1,0.7810867
0,0,0.46476012
0,0,0.28393146
0,0,0.22490342
0,0,0.15018116
0,1,0.6275523
1,1,0.7867245
0,0,0.2304749
0,1,0.59688836
0,1,0.7020114
0,0,0.41845673
0,0,0.15899897
0,0,0.42724356
0,0,0.21358146
0,0,0.42266387
0,1,0.7015096
0,0,0.30489954
0,0,0.34138474
0,0,0.32986256
0,0,0.32544336
0,0,0.28603816
0,0,0.36439773
0,0,0.11013603
0,0,0.34020028
0,0,0.1630658
0,0,0.49561846
0,1,0.6914092
0,1,0.5505948
0,1,0.8083937
0,0,0.19048195
0,0,0.19106117
0,0,0.38426796
0,0,0.13827084
0,0,0.29924065
0,0,0.40456882
0,1,0.835311
0,0,0.22082485
0,0,0.1657867
1,1,0.79749674
0,1,0.6711899
0,0,0.33809713
0,0,0.13434778
1,1,0.75208914
0,0,0.4177242
0,0,0.2091895
0,0,0.3038025
0,0,0.2846806
0,0,0.4581081
0,0,0.19796412
0,0,0.21629424
0,0,0.29020524
1,1,0.7620612
0,1,0.58629483
0,1,0.5290089
0,1,0.5184165
0,0,0.07582269
0,0,0.3604978
0,0,0.4416926
0,0,0.25913477
0,1,0.7492799
0,0,0.42812467
0,1,0.5610087
0,0,0.45806232
0,1,0.546931
0,0,0.39287946
0,0,0.48780313
0,0,0.17947082
0,1,0.5828295
0,1,0.7806658
0,0,0.16782866
0,1,0.51843846
0,1,0.75767845
0,0,0.25771612
1,1,0.6687384
0,0,0.3861751
0,0,0.49084732
0,0,0.34768102
0,0,0.49984807
0,0,0.3278005
0,0,0.37265682
0,1,0.5216457
0,1,0.6055351
0,0,0.24730998
0,0,0.29718164
0,0,0.4755665
0,1,0.5233647
0,0,0.11802945
0,0,0.23995648
0,0,0.31076965
0,0,0.046719946
0,0,0.09048764
0,0,0.32343185
0,1,0.52136564
0,0,0.35209143
0,0,0.23793288
0,1,0.750585
0,0,0.44632363
0,0,0.34387377
0,0,0.15496543
0,1,0.71638393
0,1,0.77762586
0,1,0.58245873
0,1,0.6068233
0,1,0.7947794
0,1,0.5898833
0,0,0.20729421
0,0,0.19527927
0,0,0.34582317
0,0,0.084066644
0,1,0.6821118
0,0,0.11015992
0,0,0.3228153
1,1,0.73016876
0,1,0.5329694
0,0,0.23993155
0,0,0.26768386
0,0,0.26371962
0,0,0.12266546
0,0,0.49974942
0,1,0.5556303
0,0,0.23705691
0,0,0.1865901
0,0,0.45992032
1,0,0.18363215
0,0,0.17684758
0,0,0.31399268
1,1,0.63732743
0,0,0.4428634
0,1,0.6725021
0,0,0.49162585
0,0,0.35123557
1,0,0.19360304
0,0,0.06635096
0,0,0.3249203
0,0,0.45690462
0,0,0.34605786
0,1,0.8662183
0,0,0.29332975
0,0,0.33098477
0,0,0.092177466
0,1,0.56145877
0,1,0.5252221
0,0,0.3197026
0,1,0.64335686
0,1,0.67162585
0,0,0.1679968
0,1,0.5061483
0,0,0.35337144
0,0,0.23224676
0,1,0.52833104
0,0,0.24912447
1,1,0.63267744
0,0,0.07437977
0,1,0.64217615
0,0,0.15039767
0,0,0.11309351
0,1,0.703941
0,0,0.36387435
1,1,0.7052959
0,0,0.16752137
0,1,0.7969232
0,0,0.25019038
0,1,0.520687
0,0,0.14378722
0,0,0.114775196
0,0,0.25923717
0,0,0.45109308
0,0,0.23062468
0,0,0.17982022
0,0,0.20922263
1,0,0.4265007
0,0,0.23816821
0,1,0.5967558
0,1,0.7487161
0,0,0.2206431
0,1,0.7222237
0,0,0.06781206
0,0,0.2982615
0,1,0.7937357
0,0,0.4916345
0,1,0.5354061
0,1,0.6088386
0,1,0.5718009
1,1,0.8948382
0,0,0.38974434
0,0,0.4528456
0,0,0.13943726
0,1,0.70805687
0,1,0.53065026
0,0,0.45710823
1,1,0.66435325
0,0,0.39021537
0,0,0.207135
0,1,0.65713084
0,1,0.529602
0,0,0.2581205
0,0,0.25771478
0,0,0.09025718
0,0,0.29505146
0,0,0.17995314
0,0,0.1822629
0,0,0.15736684
0,0,0.48521352
0,0,0.17688985
0,0,0.06277439
0,0,0.1484841
0,0,0.08091992
1,1,0.69226706
1,1,0.521541
0,0,0.15107366
0,0,0.33428195
0,0,0.22688465
0,1,0.6886227
0,0,0.42370036
0,0,0.21705909
0,1,0.53993344
0,0,0.084033474
0,0,0.18467036
0,0,0.30496722
0,0,0.38608152
0,0,0.3365832
0,0,0.164245
0,0,0.26280308
1,0,0.41117987
0,0,0.122223064
0,0,0.11904726
0,0,0.4953698
1,0,0.27414238
0,0,0.18171051
0,0,0.20530713
0,0,0.40228269
0,1,0.59411925
0,0,0.44178918
0,0,0.11293609
0,1,0.7158693
0,1,0.50420576
0,1,0.69736373
0,1,0.7129411
0,0,0.43941012
0,0,0.1653549
0,0,0.27589417
1,1,0.7131754
0,0,0.129164
0,0,0.35159287
0,0,0.46691078
0,0,0.13136801
0,0,0.25574338
0,0,0.2632291
0,0,0.33234692
0,0,0.10691488
0,0,0.16400214
0,0,0.20835921
0,0,0.38077268
0,0,0.20347644
1,1,0.76747286
0,0,0.30766886
0,1,0.61706007
0,0,0.36430633
0,1,0.673119
0,1,0.505637
0,0,0.35214412
0,0,0.18473284
0,0,0.3366296
0,0,0.34478915
0,0,0.16464737
0,0,0.2238722
0,0,0.26264107
0,0,0.19248919
0,0,0.4325424
0,0,0.15459886
0,0,0.042986896
1,1,0.69973725
0,0,0.2911543
0,0,0.43294388
0,0,0.28775385
0,1,0.6625301
0,0,0.3933774
0,0,0.33892754
0,0,0.17731844
1,0,0.3299113
0,0,0.3329698
0,0,0.37737152
0,0,0.33981878
0,0,0.30660754
0,0,0.24095352
0,1,0.7113692
1,1,0.73619837
0,0,0.48707464
0,1,0.7669877
0,1,0.5948889
0,1,0.6843412
0,0,0.41002876
0,1,0.5546587
0,0,0.15522735
0,0,0.35578337
0,0,0.17795022
0,1,0.5076138
1,1,0.5930951
0,0,0.13321891
0,0,0.46278718
0,1,0.547636
0,0,0.39417213
0,0,0.4073005
0,0,0.2359447
0,0,0.27997953
0,0,0.177963
0,0,0.22260067
0,0,0.14536014
0,0,0.3088091
0,0,0.43250182
0,0,0.26607
0,0,0.33416903
0,0,0.43656147
1,0,0.37988147
0,0,0.3414676
0,1,0.7261924
0,1,0.7052809
0,0,0.25631934
0,0,0.11463923
1,1,0.57056874
0,1,0.51038873
1,1,0.53232485
0,1,0.5374897
0,1,0.60703385
0,0,0.24218753
0,0,0.22801659
0,1,0.6206385
0,0,0.304287
0,0,0.39887074
0,0,0.08878202
0,0,0.19357976
0,1,0.66829383
0,0,0.36115003
0,0,0.073412344
0,0,0.380427
0,0,0.48285243
0,0,0.2660534
0,1,0.6034095
0,1,0.58662844
0,1,0.6281187
0,0,0.43889275
0,0,0.30210227
0,1,0.61984956
0,0,0.4410031
0,0,0.4648965
0,1,0.8792141
0,0,0.41266325
0,0,0.23471871
0,1,0.55390114
0,0,0.38555953
0,1,0.52988833
0,0,0.4498466
0,0,0.20311482
0,1,0.5401533
0,0,0.2769446
0,1,0.79259765
0,0,0.18784297
0,0,0.4098519
1,1,0.57221913
0,0,0.4270134
0,0,0.095837876
0,0,0.24850045
0,1,0.5647238
0,1,0.70693916
0,0,0.062226553
0,0,0.31206995
0,0,0.10884814
0,0,0.45742318
1,0,0.4317344
0,0,0.2674932
1,0,0.44535363
0,1,0.74329346
0,0,0.37725773
0,1,0.81634915
0,0,0.17799003
0,0,0.17205098
0,0,0.24800517
0,0,0.111679114
1,1,0.63661224
0,1,0.54459536
0,0,0.28642684
0,0,0.38606754
0,0,0.3176993
0,0,0.41505915
0,0,0.23585427
1,0,0.47712678
0,0,0.17724554
1,1,0.60444903
0,0,0.10279897
0,0,0.40725914
0,1,0.60386336
0,0,0.22909844
0,0,0.46518993
0,0,0.44398212
0,0,0.050590634
0,0,0.26970193
0,0,0.42026594
1,0,0.4700004
0,0,0.39137778
0,0,0.11854438
0,1,0.5903073
0,0,0.18689243
0,1,0.55017495
1,0,0.24966854
0,1,0.68923986
0,0,0.44517514
0,0,0.26221013
0,0,0.2973765
0,0,0.16632828
0,0,0.108728185
0,0,0.44081652
0,0,0.48121074
0,0,0.22797395
0,0,0.45987502
1,0,0.49685478
0,1,0.73960006
0,0,0.366982
0,1,0.8065031
0,0,0.39507863
1,1,0.63083935
0,1,0.520422
0,1,0.56408376
0,1,0.6619336
0,1,0.73406404
0,0,0.2702067
0,0,0.15177311
0,0,0.26139772
0,0,0.21587491
1,1,0.50322586
0,1,0.5856882
0,0,0.10314
0,0,0.41450804
1,1,0.59678113
0,0,0.46546146
0,0,0.3980248
0,0,0.14679089
0,1,0.84055656
0,0,0.111501575
0,0,0.18156856
0,0,0.26631165
0,1,0.6717334
0,0,0.40227947
0,0,0.36737806
0,0,0.30179608
0,0,0.22855893
0,0,0.41924778
0,0,0.14937723
0,0,0.49348295
0,1,0.6762183
0,0,0.29029003
0,0,0.44783893
0,0,0.21191084
0,0,0.15336186
0,0,0.17969868
0,0,0.37613198
0,1,0.64900154
0,0,0.34982297
0,0,0.49683025
0,0,0.28519306
0,0,0.11889768
1,1,0.70966405
0,1,0.6329463
0,0,0.23357908
0,0,0.42668298
0,0,0.3336041
0,0,0.45246905
1,0,0.4543314
0,1,0.6304273
0,1,0.62792724
0,1,0.565689
1,1,0.71908426
0,1,0.50967544
1,0,0.4848218
0,1,0.608991
1,1,0.6461343
0,1,0.59878415
0,1,0.64817417
0,1,0.784287
0,0,0.17587173
0,0,0.046880707
0,0,0.40676737
0,0,0.19711398
0,0,0.22456004
0,0,0.06820212
0,0,0.15463991
0,0,0.4793968
0,1,0.695998
0,0,0.31765187
0,0,0.10821879
0,0,0.3901686
0,0,0.28151238
0,1,0.56091493
0,1,0.58030665
0,0,0.37868473
0,1,0.70823306
0,0,0.3138524
0,1,0.72647214
0,0,0.06858292
0,0,0.17807336
0,1,0.7030811
0,0,0.37011865
0,0,0.12573573
0,0,0.37362516
0,0,0.45291787
0,0,0.2726675
0,0,0.2053321
0,0,0.23452318
0,0,0.22735943
0,0,0.14220767
0,0,0.13292861
0,0,0.41310844
0,0,0.20728159
0,1,0.87469816
0,0,0.25485843
1,0,0.3527443
0,0,0.11678267
0,1,0.6230727
0,0,0.30062672
0,1,0.5871901
0,1,0.7278838
0,1,0.5589253
1,0,0.4763765
0,0,0.28509843
0,1,0.5526216
0,1,0.5344482
0,1,0.5747345
0,0,0.13724506
0,0,0.24688327
0,1,0.70919317
0,1,0.52897537
0,1,0.5640368
0,1,0.5719358
1,1,0.507057
0,0,0.47739014
0,0,0.3777862
0,0,0.08859736
0,0,0.37040454
0,0,0.35342774
0,0,0.4174171
0,0,0.17652293
0,0,0.35168397
1,1,0.83298445
0,0,0.1723128
0,0,0.19244654
0,0,0.44605848
0,0,0.16311
0,0,0.16182615
0,0,0.07840823
0,0,0.22800538
0,0,0.21825467
0,0,0.29805893
0,1,0.5030951
0,0,0.4892086
0,0,0.31262296
0,0,0.42633584
0,0,0.47948667
0,0,0.15722695
0,0,0.15642428
0,1,0.7215296
0,1,0.75795597
0,0,0.2669282
1,1,0.516597
0,0,0.24486172
0,1,0.51878834
0,0,0.15683867
0,0,0.16297127
0,1,0.63268334
0,0,0.18896024
0,0,0.15036474
0,1,0.64626366
0,0,0.15590146
0,0,0.100818306
0,1,0.6991145
0,0,0.28160274
0,0,0.25665757
0,0,0.13387983
0,0,0.19221747
0,0,0.43324396
0,1,0.6384468
0,0,0.28913265
0,0,0.44108838
0,0,0.19023131
0,0,0.1962212
0,0,0.14672664
0,0,0.13808218
0,0,0.1929785
0,1,0.5434114
0,1,0.7277324
0,1,0.79342115
0,1,0.5558156
1,1,0.65278685
0,0,0.3430961
0,0,0.25079206
0,0,0.22095706
1,1,0.6077683
0,0,0.23495317
0,0,0.20630045
0,1,0.540076
0,1,0.6525044
0,0,0.30317426
0,0,0.3705081
0,0,0.36172792
0,0,0.21312577
0,0,0.29702416
1,1,0.77354443
0,0,0.42658067
1,1,0.79814744
0,0,0.2577704
0,0,0.27592632
0,1,0.5436843
0,0,0.13469325
0,0,0.30058795
0,0,0.24416275
0,1,0.5797509
1,1,0.79973334
0,1,0.6070509
0,1,0.6318775
0,0,0.081419006
0,0,0.25096968
0,0,0.38550362
0,1,0.68261945
1,0,0.39528075
0,0,0.39998055
0,0,0.3411745
0,0,0.22707632
0,0,0.31079966
0,0,0.17548864
0,0,0.21789958
0,0,0.15228339
0,1,0.6062137
0,1,0.6872071
0,0,0.38496777
0,1,0.61800027
0,0,0.23602144
0,0,0.21032701
0,0,0.47675332
0,0,0.35353285
0,0,0.42291826
0,0,0.49791363
1,0,0.25127637
0,0,0.18360902
0,0,0.1820629
0,0,0.17476124
0,1,0.7941499
0,1,0.5454195
0,0,0.108414896
0,0,0.14785805
1,1,0.66539174
0,0,0.35479516
1,0,0.43974495
0,0,0.30055523
0,0,0.20883396
0,0,0.26287055
0,1,0.5645464
0,0,0.3795777
0,0,0.30432928
0,0,0.13120842
0,1,0.65833926
0,0,0.25573277
0,0,0.09623607
0,0,0.22129531
0,0,0.38804093
0,0,0.46618927
0,1,0.5579661
0,1,0.507352
0,0,0.14066008
0,0,0.28490734
1,1,0.7969748
0,0,0.27277076
0,0,0.2958627
0,0,0.19634701
0,0,0.18143457
1,0,0.45452076
1,0,0.45030203
0,0,0.24061343
0,0,0.31622437
0,0,0.31266904
0,0,0.1680842
1,1,0.69195294
0,0,0.3564903
0,1,0.8154827
0,1,0.664063
0,1,0.6294564
0,1,0.6698067
0,1,0.6329985
0,0,0.41657725
0,0,0.19750422
0,0,0.28368583
1,0,0.3714997
0,0,0.1722907
0,0,0.18741219
0,0,0.29949728
0,0,0.12862104
0,0,0.25663373
0,0,0.1546699
0,0,0.3968546
0,1,0.52782935
0,0,0.40076655
0,0,0.473983
0,1,0.50449127
0,0,0.14822176
0,0,0.19698618
0,1,0.6230896
0,0,0.26064175
0,1,0.512772
1,1,0.6554903
0,1,0.5589487
0,0,0.40396002
0,0,0.4295464
0,0,0.3623495
1,1,0.5839418
0,0,0.23045601
1,1,0.6983074
0,1,0.6849078
0,0,0.18898775
1,1,0.7888428
1,0,0.24331963
1,0,0.24430446
0,0,0.28566507
0,0,0.19465676
0,1,0.7106766
1,0,0.3554744
0,0,0.42147845
0,1,0.5497724
0,1,0.6250322
0,0,0.18748543
0,1,0.55365497
1,0,0.18712924
0,0,0.11609223
0,0,0.21149075
0,1,0.7238932
0,0,0.37126172
0,1,0.59093475
1,1,0.68718916
0,0,0.23311692
0,0,0.44877452
0,0,0.08778936
0,0,0.12990013
0,1,0.6182258
0,0,0.4970353
0,0,0.47089556
0,0,0.27502578
0,1,0.788667
0,0,0.3975217
0,0,0.32699296
0,0,0.40382686
1,1,0.5313087
0,0,0.31512523
0,0,0.26818082
0,0,0.33878824
0,1,0.79029095
0,0,0.40590984
0,0,0.12369715
0,0,0.4192443
0,0,0.100270905
0,0,0.10335859
0,0,0.11298848
0,1,0.5218489
0,1,0.50472033
0,1,0.56114316
0,0,0.20968185
0,0,0.3678305
0,0,0.36328167
0,1,0.54764366
0,0,0.19787571
0,0,0.46116602
0,0,0.4405524
1,0,0.4986708
0,1,0.57018995
0,0,0.31381586
0,1,0.8524841
0,0,0.2064471
0,0,0.35145637
0,0,0.14980558
0,1,0.7361342
0,0,0.14478782
0,0,0.26481327
0,0,0.49666923
0,0,0.054205745
0,1,0.5313949
0,0,0.363814
0,0,0.18567774
0,0,0.21723145
0,0,0.19213678
0,0,0.18350421
0,0,0.2016924
0,0,0.17868525
0,1,0.6872942
0,1,0.5778787
0,0,0.13520353
0,0,0.123133235
0,1,0.52675885
0,0,0.24329175
0,1,0.8751778
0,0,0.25654858
0,0,0.079910025
0,0,0.30026364
0,0,0.17512465
0,0,0.14478602
0,1,0.55150324
0,0,0.25521737
0,0,0.25916824
0,1,0.8081473
0,1,0.73864603
0,0,0.19515456
0,0,0.45717135
0,0,0.050969213
0,0,0.44258055
0,0,0.2857676
1,1,0.6086949
0,0,0.10726984
0,0,0.16097444
0,0,0.48023993
0,0,0.3682787
0,0,0.33287528
0,1,0.8047383
0,0,0.34112102
0,0,0.18898532
0,1,0.5040901
0,1,0.51151925
1,0,0.18737814
0,0,0.20168366
0,0,0.21703905
0,0,0.48567867
0,0,0.2955178
0,0,0.13430685
0,0,0.44643274
0,1,0.6195532
0,1,0.8284742
0,0,0.26955184
1,1,0.7952474
0,1,0.61168164
0,0,0.21731201
0,0,0.13671677
1,1,0.58720124
1,1,0.5352931
1,1,0.8373751
0,0,0.27814966
0,0,0.38448644
0,1,0.62970793
0,0,0.25694576
0,0,0.3190688
1,0,0.48859334
0,0,0.4531837
0,0,0.37782124
0,0,0.4787358
0,1,0.8584626
0,1,0.6037382
0,0,0.31454852
0,0,0.4892896
0,0,0.18075472
0,0,0.43405455
1,1,0.7324517
0,0,0.18274926
0,1,0.54207575
0,1,0.69335514
0,0,0.4025808
0,0,0.49459895
0,0,0.22043599
0,0,0.122877285
0,0,0.13949259
0,0,0.14264685
1,0,0.36830553
0,1,0.6076196
0,0,0.37872627
0,0,0.33016658
0,1,0.6772749
0,0,0.06179878
1,1,0.59538275
1,1,0.6968776
0,0,0.23866649
0,0,0.4488431
0,1,0.60833246
0,0,0.16355877
0,0,0.17060623
0,0,0.46549547
1,0,0.30754688
0,1,0.64744395
0,0,0.1551455
0,0,0.23185389
0,0,0.35649723
0,1,0.57799
0,1,0.65670776
0,1,0.7574099
0,1,0.6016087
0,1,0.5089421
0,1,0.61089015
0,1,0.75977445
0,1,0.654353
0,0,0.18201199
0,1,0.6211887
0,1,0.6297452
0,0,0.32126772
0,0,0.45894045
0,1,0.74302006
0,0,0.36564136
0,0,0.41889063
0,0,0.41914833
0,0,0.3763242
0,0,0.25856856
0,0,0.25093278
0,0,0.22166309
0,0,0.12726125
0,0,0.267243
0,0,0.14027524
0,0,0.25920945
0,0,0.3378901
0,0,0.44808033
0,1,0.5286252
0,0,0.4708602
0,0,0.12423108
0,0,0.24337828
0,1,0.7774284
0,0,0.16136587
0,0,0.084072754
0,1,0.6215944
0,0,0.11202498
0,0,0.28355733
0,0,0.45603713
0,0,0.054765794
0,0,0.2353455
1,1,0.7426114
0,0,0.31062746
0,1,0.53910506
0,1,0.74056804
0,0,0.25201544
0,0,0.49915755
0,0,0.10369875
0,0,0.2690534
0,1,0.53901863
0,0,0.0308837
0,0,0.2165314
0,0,0.17788602
0,1,0.6306972
1,0,0.48200917
0,0,0.4581263
0,1,0.7808631
0,1,0.73638266
0,0,0.21376066
0,0,0.40624616
0,0,0.4521551
0,0,0.32695705
0,0,0.4634609
0,0,0.25336343
1,1,0.63207924
1,0,0.14868514
0,0,0.16056955
0,0,0.22935937
1,1,0.6095798
0,0,0.40924847
0,0,0.1575834
1,0,0.15601102
1,1,0.7110028
0,0,0.20968196
0,1,0.79416513
0,0,0.26420575
0,0,0.31837264
0,1,0.50364405
0,0,0.47129267
0,0,0.2828913
0,1,0.52393335
0,0,0.21396615
0,0,0.20611551
0,0,0.3219783
0,0,0.33076432
0,1,0.7463784
0,1,0.6236562
0,1,0.7278186
0,0,0.23349145
0,0,0.12532893
0,1,0.6884218
1,0,0.37098914
0,0,0.12402194
0,0,0.16114043
0,0,0.1918886
0,1,0.53863376
0,1,0.58063185
0,0,0.33403587
0,0,0.48759982
0,1,0.64981276
0,0,0.040718995
0,1,0.52794045
0,0,0.11925451
0,0,0.17845935
0,0,0.32333753
0,0,0.074798696
0,0,0.31498507
0,0,0.17381363
0,0,0.29076317
0,0,0.13004713
0,1,0.7463577
0,1,0.7094303
0,0,0.30675945
0,0,0.49469674
0,0,0.1589415
0,1,0.5724456
0,1,0.5005523
0,0,0.4388971
0,1,0.5421581
0,1,0.65298307
0,1,0.82097125
0,0,0.13215095
0,0,0.4086897
0,1,0.6605502
0,0,0.24525747
0,0,0.39238414
1,0,0.35200405
0,0,0.3817723
0,0,0.27791107
0,0,0.24496515
1,1,0.8157967
0,1,0.5035163
0,1,0.5794903
0,0,0.18974401
0,0,0.06515885
0,0,0.4809763
0,0,0.07660403
0,0,0.2921507
0,0,0.12156636
0,1,0.61582744
0,0,0.35752928
0,0,0.3147374
0,0,0.37555316
0,1,0.65383536
0,0,0.17616859
0,0,0.050640885
0,0,0.24058804
0,1,0.60655123
1,1,0.73419225
0,0,0.2035441
0,0,0.17353535
0,0,0.39715144
1,1,0.63173395
0,0,0.39321673
0,0,0.43362018
1,1,0.81097597
0,0,0.24219327
0,0,0.3565901
0,0,0.37696758
0,1,0.74866426
0,0,0.48304078
0,0,0.46151748
0,0,0.26359934
0,0,0.19288541
0,0,0.46517485
0,0,0.29473612
0,1,0.5998345
1,1,0.7595058
0,1,0.80934846
0,1,0.71628594
0,0,0.28535333
0,0,0.17226034
0,0,0.19699045
0,1,0.72968197
0,1,0.6326365
0,1,0.8934662
0,0,0.48398337
0,0,0.4133932
0,0,0.15611686
0,0,0.45693156
0,0,0.17602552
0,0,0.088887885
0,0,0.33669192
0,0,0.32298952
0,0,0.3864443
0,1,0.74638146
0,0,0.34533653
0,0,0.34604105
0,1,0.7141874
0,1,0.75401074
0,1,0.7520457
0,1,0.593495
0,0,0.3265206
1,1,0.93360573
0,0,0.26520133
0,0,0.48181924
0,0,0.43930775
0,0,0.18611835
0,0,0.08865214
0,0,0.2740262
1,0,0.43963
0,1,0.7235687
0,1,0.51814085
1,1,0.5153776
0,1,0.6748539
1,1,0.5952102
1,0,0.48751333
0,0,0.2811465
0,1,0.51035166
0,0,0.11849398
0,0,0.36895487
0,1,0.740976
0,0,0.38185716
0,0,0.25525576
0,0,0.46761268
0,0,0.43356985
0,0,0.3055685
0,1,0.50544286
1,0,0.49627337
0,1,0.6610164
0,0,0.2179474
0,1,0.61124384
0,0,0.29834694
0,0,0.27200112
0,0,0.116585754
0,0,0.23950525
0,1,0.84039164
0,1,0.7605915
0,0,0.13335375
0,0,0.22939241
0,0,0.15610342
0,0,0.28276485
1,1,0.6722471
0,0,0.24703163
0,0,0.46520475
0,1,0.626699
0,0,0.101124115
0,0,0.34166962
0,0,0.23423308
0,0,0.23815912
0,1,0.6708322
0,1,0.74221843
0,1,0.6864626
0,0,0.30832812
1,0,0.45080265
0,0,0.24665256
0,1,0.69673973
0,0,0.47352472
0,0,0.406007
0,0,0.4062956
1,0,0.4848198
0,0,0.23889114
0,0,0.44984502
0,0,0.06697294
0,0,0.42376518
0,0,0.48902866
1,1,0.52361226
1,0,0.48047802
0,0,0.020464338
0,1,0.6832788
0,0,0.09192523
0,0,0.49658585
0,1,0.7675042
0,0,0.18349619
1,1,0.5880854
0,1,0.5270203
0,1,0.78493
0,0,0.2349531
0,0,0.2829584
0,0,0.41338986
0,1,0.64548177
0,1,0.7129938
0,0,0.07308919
1,1,0.6038688
0,1,0.627999
0,0,0.4154303
0,0,0.20610908
0,0,0.309001
0,0,0.410695
0,0,0.3047947
0,0,0.46531728
0,0,0.40281716
0,1,0.7500499
0,0,0.46546823
0,1,0.6288623
0,0,0.19913298
0,1,0.6624551
0,0,0.34649307
0,0,0.24469253
0,0,0.161022
0,1,0.7755648
0,0,0.29635373
0,0,0.22390357
0,0,0.37592995
0,1,0.60887116
0,1,0.75447637
0,1,0.5741944
0,0,0.35418558
0,0,0.20615746
0,1,0.6534177
0,0,0.30340764
0,0,0.22613615
0,1,0.5515986
0,1,0.5123262
1,0,0.40124843
0,0,0.38737082
0,0,0.24213304
0,1,0.5671361
0,0,0.26968274
0,0,0.4461549
0,0,0.42585185
0,1,0.75750196
0,0,0.22614373
0,0,0.2381941
0,0,0.3644087
0,0,0.26643422
0,1,0.7490705
0,0,0.18342742
0,0,0.25132164
0,0,0.3635425
0,0,0.10594775
1,1,0.5193136
0,0,0.47877604
0,0,0.46750435
0,0,0.20414725
0,0,0.49417174
0,1,0.51757216
0,0,0.17396447
0,0,0.22909626
1,1,0.74867076
0,0,0.22473013
0,0,0.3524881
0,0,0.44269484
0,0,0.2761074
1,1,0.78200483
0,0,0.17525873
0,0,0.29656637
0,1,0.7969185
0,0,0.2979576
1,1,0.6536082
1,1,0.55418587
1,1,0.6139809
0,0,0.2745886
0,1,0.84578925
0,1,0.5388798
0,0,0.25965706
0,0,0.35219592
0,0,0.44370967
0,0,0.40632433
0,0,0.17112422
0,0,0.41012222
0,0,0.48177558
0,0,0.16291097
0,0,0.3608092
1,0,0.39821276
0,1,0.51556134
0,1,0.51232666
0,0,0.28126287
0,0,0.25252503
0,0,0.3447052
0,1,0.59104073
0,1,0.5432771
0,0,0.39821395
0,0,0.17376746
0,0,0.11677625
0,1,0.65975034
0,1,0.5810814
0,1,0.6081876
0,1,0.5648834
0,1,0.5061961
0,0,0.41546455
0,0,0.38822043
0,0,0.27777633
1,0,0.3115778
0,0,0.32721472
0,1,0.7121417
0,1,0.7208054
0,1,0.50040966
1,1,0.66068697
0,1,0.50645274
0,0,0.21350048
0,1,0.526464
0,0,0.16207035
0,1,0.6130237
0,0,0.065278724
0,0,0.15998204
0,1,0.56249
0,1,0.5325578
0,0,0.12144024
0,0,0.19074719
0,0,0.32886818
0,0,0.2329177
0,1,0.78048474
0,1,0.6956789
0,0,0.18179367
0,1,0.5257316
0,1,0.6719971
0,0,0.35860032
0,1,0.5801075
0,0,0.22425605
0,0,0.27093452
0,0,0.26036528
0,0,0.066713825
1,0,0.47263423
0,0,0.19083032
0,1,0.5948881
0,1,0.5272883
1,0,0.274735
0,1,0.6379546
0,0,0.16610025
0,0,0.01910536
0,0,0.18472315
0,1,0.55088985
0,1,0.6616783
0,1,0.78947014
0,0,0.12488423
1,1,0.7475727
0,0,0.3730784
0,0,0.1981427
0,0,0.28307384
0,0,0.21014543
0,0,0.21111745
0,0,0.35896567
0,0,0.19242229
0,0,0.14532335
0,1,0.58473897
0,1,0.56718236
0,0,0.34778127
0,0,0.3695452
0,0,0.3608982
0,0,0.17584556
0,0,0.42432413
0,0,0.48110825
0,0,0.23664826
0,0,0.20021136
0,0,0.16750763
1,0,0.19604576
0,0,0.15389533
0,0,0.40669784
0,0,0.36612937
0,0,0.25736326
0,0,0.217039
0,1,0.6134687
1,1,0.68332464
1,1,0.8521777
0,0,0.35332486
0,0,0.13835244
0,0,0.09196745
0,0,0.3878762
0,0,0.28382167
0,0,0.29202107
0,1,0.7973116
1,0,0.26231974
0,0,0.17267387
0,0,0.33264282
0,0,0.31025153
0,0,0.45561543
0,0,0.30314055
0,1,0.58356375
0,1,0.65866953
1,1,0.81361926
0,1,0.72642326
1,1,0.89363253
0,0,0.28657413
0,0,0.30213863
0,0,0.12850493
0,0,0.1677598
0,1,0.6819224
0,0,0.32001776
0,1,0.6444215
0,0,0.081509225
0,0,0.18014444
0,1,0.5483004
0,1,0.76874465
0,1,0.8493596
0,0,0.30113313
0,0,0.3672422
0,0,0.23497199
0,0,0.4095731
0,0,0.25702056
0,0,0.06725663
0,1,0.7377353
0,0,0.4490039
0,0,0.17773893
0,0,0.3918479
1,1,0.5113419
0,1,0.64306355
0,0,0.42814264
0,0,0.09049776
0,0,0.40852883
0,0,0.08474809
0,0,0.33624843
1,0,0.32917616
0,0,0.3842809
0,1,0.7669124
0,0,0.08579967
0,0,0.49316248
0,0,0.35570168
0,0,0.2246674
0,0,0.17237458
0,0,0.23724245
0,1,0.52607167
0,1,0.65314555
0,0,0.47030666
0,0,0.33800137
0,0,0.43528044
0,1,0.51389223
0,0,0.24196377
0,0,0.3680952
0,0,0.17329986
0,0,0.14281255
0,1,0.5380773
0,1,0.61438316
0,0,0.2202659
0,1,0.6324797
0,1,0.5708708
0,0,0.06676356
0,0,0.15514474
0,0,0.24892363
0,0,0.2887766
0,1,0.7133859
0,0,0.26615173
0,0,0.30175662
0,0,0.41107944
0,0,0.16243531
0,0,0.39452854
0,0,0.4567988
1,1,0.60432047
0,1,0.6695411
0,0,0.38231447
0,0,0.16950393
0,0,0.09087841
1,0,0.48232028
0,0,0.13574633
1,1,0.57520074
0,1,0.6924222
0,0,0.47626197
0,0,0.40426514
0,1,0.7591658
0,0,0.20869252
0,0,0.18609715
0,0,0.30876344
1,1,0.6118784
0,0,0.34685522
0,0,0.07351384
0,1,0.5544937
0,0,0.39812076
0,0,0.42711866
0,0,0.26093146
0,0,0.2327637
0,1,0.5285012
0,0,0.21628602
0,1,0.79368037
0,0,0.27843553
0,0,0.4415118
0,0,0.16100045
0,0,0.18772729
0,0,0.07239337
0,0,0.27972052
1,0,0.4896935
0,0,0.18672061
1,0,0.3965902
0,0,0.17537998
0,0,0.18280038
0,0,0.4197211
0,0,0.371974
1,1,0.6750539
0,1,0.5314011
0,0,0.38988882
0,0,0.32535335
1,1,0.8218433
0,1,0.72397214
0,0,0.15694691
0,1,0.70882547
0,0,0.23155256
0,0,0.18390517
0,1,0.5350691
0,1,0.6756802
0,0,0.40035966
0,0,0.21982665
1,1,0.76676536
0,0,0.31510723
0,1,0.8501514
0,1,0.53332466
0,0,0.21883433
0,0,0.12065988
0,1,0.7176383
0,0,0.2992154
0,1,0.63670814
0,1,0.59907776
0,0,0.06734256
0,1,0.71612144
0,0,0.18419616
0,0,0.31121647
0,0,0.14371522
0,1,0.7682815
0,0,0.44260016
0,0,0.07524954
0,1,0.680368
0,1,0.5036778
0,1,0.66247594
0,1,0.52816564
0,0,0.26306418
0,0,0.3306317
0,0,0.20056215
0,0,0.48026302
0,0,0.48976827
0,0,0.41491717
0,0,0.2139473
0,1,0.5439353
0,1,0.70603085
0,0,0.34779146
0,0,0.42732272
1,0,0.4881782
1,0,0.45979786
0,1,0.59417844
0,0,0.20393932
0,0,0.40719768
0,0,0.15205464
0,0,0.13969101
0,0,0.47985926
0,1,0.7417465
0,0,0.24436381
1,1,0.53241205
0,0,0.052512717
1,1,0.74380755
0,0,0.2827152
0,0,0.20405416
0,0,0.19930238
0,0,0.113176115
1,0,0.40639898
0,0,0.18502851
0,0,0.3879901
0,0,0.14016156
1,0,0.44827774
0,0,0.16981837
0,0,0.32465696
1,1,0.7421794
0,1,0.7405556
0,0,0.3136986
0,1,0.7008408
0,0,0.3880679
0,1,0.8729627
0,0,0.33707258
0,0,0.389661
0,0,0.27532926
1,1,0.6874202
0,0,0.38616052
1,0,0.2533207
1,1,0.571108
0,1,0.5651137
0,0,0.40073436
0,0,0.29253477
0,0,0.2788304
0,0,0.24767952
0,0,0.28701994
0,1,0.5066988
0,0,0.2589063
0,1,0.7245525
0,0,0.2323293
0,0,0.2291453
0,1,0.5636733
0,0,0.20216225
0,1,0.7087119
0,0,0.28335765
0,0,0.24137625
0,1,0.70941156
0,1,0.7764246
1,1,0.79030925
0,1,0.5807554
0,0,0.2880639
0,1,0.5220133
0,0,0.236738
0,0,0.17602526
0,0,0.08978529
0,0,0.41517955
0,0,0.24854104
0,0,0.10826422
0,0,0.43076092
0,1,0.8418596
0,0,0.28689045
0,1,0.5507339
0,0,0.36091012
0,0,0.40544415
0,0,0.49394402
0,1,0.5950889
1,1,0.59683126
0,0,0.47361776
0,0,0.21740192
0,0,0.3596921
0,1,0.6755424
0,1,0.7816042
0,0,0.32504
0,1,0.58664167
0,0,0.272373
0,0,0.28862473
0,0,0.4124154
0,0,0.45751765
0,0,0.30644798
0,0,0.35314158
0,0,0.1943936
0,0,0.28937948
0,0,0.21052805
0,1,0.86254036
0,1,0.5870318
0,1,0.67863625
0,0,0.092176065
0,1,0.5788592
0,1,0.54474354
0,0,0.15805207
0,0,0.38966128
0,0,0.26822656
0,0,0.2381086
0,1,0.6194987
0,0,0.39676535
0,0,0.3510636
0,0,0.39817297
0,1,0.71025294
0,0,0.29632604
0,1,0.5069209
0,0,0.2145412
0,0,0.401633
0,0,0.27987432
0,1,0.62453854
0,1,0.6565849
0,0,0.48232567
0,0,0.055586237
0,0,0.35338965
0,0,0.39986217
0,0,0.12570237
0,1,0.7569686
0,0,0.37827212
0,1,0.67419523
0,0,0.11087216
0,0,0.42950636
0,0,0.27572128
0,0,0.11381127
0,0,0.3615385
0,1,0.73858374
1,0,0.27420294
0,0,0.20357913
0,0,0.2843444
0,1,0.59883446
0,0,0.14757083
0,0,0.16022666
0,0,0.47525844
0,0,0.21257226
0,1,0.86983603
0,0,0.069920614
0,0,0.3213509
0,0,0.21808468
0,0,0.26130196
1,0,0.47985104
0,1,0.52647436
0,0,0.24770017
0,0,0.13703239
0,1,0.5904137
0,0,0.33767432
0,0,0.42314878
1,1,0.5769736
0,0,0.15822685
0,0,0.18359688
0,1,0.5964181
0,0,0.43011868
0,0,0.19353467
0,0,0.45218682
0,0,0.11510988
0,1,0.5081174
0,0,0.1482521
0,0,0.20138098
1,0,0.11601438
0,0,0.10392434
0,0,0.32033813
0,0,0.41278815
0,0,0.4084212
0,0,0.2261808
0,0,0.13097602
1,0,0.3600117
1,1,0.74002033
0,0,0.18526694
1,1,0.9169579
0,0,0.4343227
1,0,0.39697164
0,0,0.18715538
1,1,0.5672347
0,0,0.33181584
0,0,0.3101282
0,0,0.390209
1,0,0.4884866
0,0,0.38485968
0,0,0.34791508
0,0,0.38912252
0,0,0.17567456
0,0,0.23385249
0,1,0.5102538
0,0,0.118172854
0,1,0.57582325
0,0,0.22437838
0,1,0.790471
0,1,0.52926964
0,0,0.4293901
0,0,0.33403838
0,0,0.20833188
0,0,0.11464135
1,1,0.61123157
0,0,0.20460893
0,0,0.41627532
0,0,0.15525441
0,0,0.33313483
0,0,0.3106688
1,0,0.4271435
0,0,0.09865607
0,0,0.25071558
0,1,0.89957184
0,0,0.30793697
0,0,0.21999176
0,0,0.27010304
0,0,0.2929771
0,1,0.52935916
0,0,0.18013237
0,0,0.24418095
0,1,0.58058065
0,1,0.6766092
0,1,0.62412834
0,0,0.35893956
0,0,0.39865565
1,1,0.8496192
1,1,0.64622486
1,0,0.30365506
0,0,0.30451095
0,0,0.10545238
0,1,0.55909765
0,0,0.1483984
0,0,0.1209416
0,0,0.23942338
0,0,0.22386914
0,0,0.4323759
0,0,0.42025003
0,0,0.22643298
0,0,0.33291575
0,0,0.2730328
0,0,0.3550424
0,0,0.4412266
0,1,0.5902648
0,0,0.40193304
0,0,0.47253948
1,1,0.69377786
0,0,0.28843716
1,0,0.4776325
0,0,0.3637698
0,0,0.15330853
0,0,0.27856615
0,1,0.59298116
0,0,0.12218528
0,0,0.15280895
0,0,0.085998654
0,1,0.65349615
0,0,0.3044839
0,0,0.32365656
0,0,0.46847025
0,0,0.32405725
0,0,0.41512957
1,1,0.60173
0,0,0.22596473
0,0,0.3781484
0,0,0.2528251
0,0,0.29593575
0,0,0.13135178
1,0,0.19702639
0,0,0.41079184
0,1,0.502672
0,0,0.15594338
0,0,0.27106753
0,0,0.39508882
0,1,0.71763843
0,0,0.4411538
0,0,0.42670625
0,0,0.19064775
0,0,0.2869225
0,0,0.14857861
0,1,0.7364634
0,0,0.42611176
0,1,0.5821616
0,0,0.29860377
0,0,0.29920968
0,0,0.10582261
0,1,0.870277
0,0,0.08695182
0,0,0.21105026
0,1,0.6840749
0,0,0.42930835
0,1,0.52175844
0,1,0.51912916
0,0,0.4355275
0,0,0.2541118
0,1,0.5934727
0,0,0.20127466
0,0,0.091547474
0,0,0.40755403
0,0,0.43616655
0,0,0.29872742
0,0,0.40065622
0,0,0.062115133
1,0,0.19013827
0,0,0.42812955
0,0,0.23641768
0,0,0.23758951
0,0,0.33118948
0,0,0.4049778
0,0,0.38049987
0,0,0.16321559
0,0,0.1830595
0,0,0.12637135
0,0,0.49397534
0,1,0.8331777
1,1,0.74051493
0,0,0.16925013
0,0,0.376544
0,0,0.3012279
0,1,0.7064781
0,1,0.69438815
0,0,0.1700846
0,0,0.36917278
0,0,0.27225056
0,0,0.49331382
0,0,0.07831154
0,0,0.2140644
0,0,0.23865698
0,1,0.51287496
0,0,0.10895605
0,1,0.5478821
0,0,0.48162493
0,0,0.266912
0,0,0.3049336
0,1,0.5700169
0,0,0.39886934
0,0,0.1519973
0,0,0.45942178
0,1,0.7216833
0,0,0.28789073
0,0,0.20151524
0,0,0.15621966
0,1,0.6480446
0,0,0.22395273
0,1,0.570973
0,0,0.07700129
0,0,0.49442673
0,0,0.07577233
0,1,0.5035318
0,0,0.21809514
0,0,0.17372227
0,0,0.11384943
0,0,0.3419898
0,0,0.33843833
0,0,0.45555806
0,1,0.5709957
0,1,0.6079795
0,0,0.26497224
0,1,0.8130502
0,0,0.08925509
0,0,0.14934683
0,0,0.46958056
0,0,0.24253812
0,0,0.28342083
0,0,0.20142
0,1,0.6358437
0,0,0.25940195
0,0,0.2962657
0,1,0.6693021
0,1,0.57272106
0,0,0.13778596
0,0,0.20870744
0,0,0.34980908
1,1,0.5783314
0,0,0.12631716
0,0,0.47825325
0,1,0.58274025
0,0,0.45679665
0,0,0.32697892
0,0,0.34952524
0,1,0.7224534
0,0,0.23719755
0,0,0.103775635
1,1,0.7561862
0,0,0.23059462
0,1,0.7427333
0,0,0.18790358
0,0,0.4956115
0,1,0.67867947
0,0,0.24215926
1,0,0.3218492
0,0,0.43523264
0,0,0.3438037
0,0,0.40776673
0,0,0.2996547
0,0,0.32349512
0,0,0.09361974
0,0,0.43612066
0,0,0.18317379
0,1,0.527641
0,0,0.37670702
0,0,0.48324397
1,1,0.5080286
0,0,0.3023148
0,0,0.36596116
0,0,0.3115628
0,1,0.5112795
0,1,0.5952064
0,1,0.65645176
0,1,0.72398627
0,0,0.13167351
0,0,0.1908141
0,0,0.30149394
0,0,0.4116887
0,1,0.57980335
0,0,0.29465315
0,0,0.3751756
0,0,0.38736838
0,0,0.18606469
0,0,0.4711782
0,0,0.41674
1,0,0.37482503
0,1,0.5732788
0,0,0.32798997
0,0,0.35076153
0,0,0.29492542
0,0,0.2031818
0,0,0.22988246
0,0,0.09582846
0,1,0.6296306
0,1,0.60772246
0,0,0.30365604
0,0,0.47469312
0,1,0.5300339
0,1,0.69774795
0,0,0.2887363
0,1,0.6277177
0,0,0.15135974
0,0,0.2835364
0,0,0.4382364
0,0,0.45785356
0,0,0.34331673
0,1,0.6025059
0,0,0.294935
0,0,0.33157867
1,1,0.86585516
0,0,0.3227473
0,1,0.5585942
0,0,0.45799255
0,0,0.3900837
0,0,0.44739673
0,0,0.48202905
0,0,0.15888523
0,0,0.34899116
0,0,0.06279388
0,0,0.20764701
0,0,0.20602801
0,0,0.18119346
0,0,0.21330772
0,0,0.42942315
1,1,0.84747994
0,0,0.40299088
1,1,0.558407
0,1,0.6033551
0,1,0.6926568
1,0,0.27540445
0,1,0.7337704
0,0,0.23699129
0,0,0.27306223
0,1,0.82991135
0,0,0.16721489
0,0,0.4185525
0,1,0.5797561
0,0,0.28612885
0,0,0.46091667
0,0,0.35692573
0,1,0.5852774
0,0,0.24852283
0,0,0.09858475
0,0,0.35036623
0,0,0.39360386
0,0,0.26093587
0,0,0.36993313
1,0,0.20796658
0,0,0.38586393
0,1,0.7753529
0,0,0.20579141
0,1,0.6074006
1,1,0.7753868
0,0,0.2205311
0,0,0.12823692
0,1,0.5848023
0,1,0.52459973
0,0,0.39687625
0,0,0.05584471
0,0,0.06628624
1,0,0.26170817
0,0,0.4888015
0,0,0.41842818
0,1,0.63242495
0,0,0.43906513
0,0,0.4505317
0,1,0.638137
0,0,0.3358561
0,0,0.49090797
0,0,0.45139328
0,0,0.4908319
1,0,0.1316586
0,0,0.34014732
0,1,0.70685744
0,0,0.11258995
1,0,0.24517006
0,0,0.28891164
0,0,0.2683668
0,0,0.3448283
0,0,0.15344192
0,0,0.15280867
0,1,0.7592751
0,0,0.092190094
0,0,0.25279227
0,0,0.103017196
0,0,0.1861785
1,1,0.7175135
0,1,0.5573163
0,0,0.494375
0,1,0.6193513
1,1,0.7522864
0,1,0.58196497
0,1,0.7373953
1,0,0.30900517
0,0,0.4897789
0,0,0.05271872
0,0,0.16971523
0,0,0.23268975
0,0,0.34510604
0,0,0.21018347
0,1,0.7795506
0,1,0.6479404
0,0,0.19906998
0,1,0.6344548
0,0,0.19974352
0,1,0.51761675
0,1,0.5228893
0,0,0.38505223
0,0,0.36138377
0,1,0.5004999
0,1,0.8177126
0,0,0.3803633
0,1,0.77526706
0,0,0.15453227
0,0,0.4676722
0,0,0.28234386
0,0,0.2687806
0,0,0.43675607
0,0,0.4770728
0,0,0.20398915
0,0,0.12014775
0,0,0.4783762
1,1,0.72702426
0,0,0.4499609
0,0,0.16251239
0,0,0.38513368
0,1,0.55765873
0,0,0.26254734
0,0,0.32697216
0,0,0.21334243
0,0,0.026116034
0,1,0.73027205
1,1,0.68509185
0,0,0.3092658
0,0,0.3091301
0,0,0.29074872
0,1,0.5566698
0,0,0.14284702
0,0,0.13765344
0,0,0.4500191
0,0,0.47690043
0,0,0.0700321
0,0,0.2306154
0,0,0.2677094
0,1,0.57360107
1,1,0.67280126
0,0,0.32008734
0,0,0.3702244
0,0,0.23355354
0,0,0.17838304
0,0,0.48476118
0,1,0.5628492
0,1,0.5552427
0,0,0.13981989
0,0,0.26104665
0,0,0.11223868
0,1,0.7715138
0,1,0.6008622
0,0,0.37494865
0,0,0.2808073
0,0,0.25956577
0,1,0.74790275
0,0,0.13418087
0,0,0.07187669
0,0,0.3188266
0,0,0.2074492
0,0,0.18046401
0,1,0.65708363
0,1,0.76200837
0,0,0.35186684
0,0,0.49024937
1,1,0.51271176
0,0,0.46963936
0,1,0.6120763
0,1,0.583153
0,1,0.5843538
0,1,0.6987781
0,1,0.5767396
0,0,0.3135228
0,1,0.6943767
0,0,0.38527215
0,1,0.6204818
0,0,0.11749401
0,0,0.07992952
0,0,0.39925858
0,1,0.75028056
0,0,0.08326172
0,0,0.3525325
0,1,0.53923213
0,0,0.31809458
0,1,0.6198285
0,0,0.27045578
0,0,0.4687922
0,1,0.62991035
0,0,0.28401417
0,0,0.17264085
0,0,0.12121194
0,0,0.23709446
0,0,0.49388912
0,0,0.39507377
0,0,0.46726996
1,1,0.8712575
0,0,0.30592585
0,0,0.2402856
0,0,0.075141735
0,0,0.24779886
0,1,0.8572537
0,0,0.23714665
1,1,0.58245367
0,0,0.34301084
0,0,0.41626808
0,0,0.25795507
0,0,0.30755135
0,0,0.09874319
0,0,0.10599113
0,1,0.5100703
0,0,0.15887754
0,0,0.31132892
0,1,0.5242407
0,1,0.6307792
0,0,0.26631483
0,1,0.5658255
0,0,0.3008578
0,0,0.3191499
0,0,0.36185306
0,0,0.09371129
0,0,0.2832624
0,0,0.2595687
0,0,0.48292878
0,0,0.26914793
0,1,0.7654788
0,0,0.24442445
0,0,0.053928047
0,1,0.61754364
0,0,0.31089848
0,1,0.56962264
0,0,0.23070897
0,1,0.5146708
0,1,0.5473548
0,0,0.35988262
0,0,0.20148951
0,0,0.36008322
0,0,0.33057028
0,0,0.23463346
0,0,0.15479383
0,0,0.21422698
0,0,0.1542934
0,1,0.727464
0,0,0.29096097
0,0,0.19682056
1,0,0.30221784
0,0,0.23715085
0,0,0.2592232
0,0,0.29700986
0,0,0.44381672
0,0,0.3942905
0,0,0.41082478
1,1,0.7385429
0,0,0.232588
0,1,0.53947294
0,0,0.13780922
0,0,0.27663758
0,0,0.24181654
0,0,0.33732498
0,0,0.08932199
0,0,0.32096377
0,0,0.3321263
0,0,0.4114404
0,1,0.7342706
0,0,0.39286172
1,0,0.29022014
0,1,0.5368109
0,1,0.53598565
0,0,0.4154191
0,0,0.41803232
0,0,0.07991951
0,0,0.34489173
1,0,0.23741138
0,0,0.08868873
0,0,0.19598405
0,0,0.16267446
0,0,0.3951043
0,1,0.8298473
0,0,0.3540406
0,0,0.43398243
0,0,0.3798697
0,0,0.06049217
0,0,0.23259419
0,1,0.59075826
0,0,0.21324907
0,1,0.8288652
0,0,0.19351424
1,1,0.72160023
0,0,0.36049575
0,0,0.31318286
0,0,0.2152805
1,1,0.70567936
0,0,0.22517663
0,0,0.44157967
0,0,0.4450684
0,0,0.20831133
0,1,0.5847638
0,0,0.11710877
0,0,0.24106032
0,0,0.3769567
0,0,0.22347367
0,1,0.88547796
0,0,0.43630648
0,0,0.23869616
0,0,0.1756303
0,1,0.8197879
0,1,0.8707277
0,0,0.075276986
1,1,0.749938
0,0,0.364507
1,1,0.7814129
0,0,0.4146861
0,0,0.4146941
1,1,0.7880647
0,0,0.12692389
0,0,0.33366296
0,0,0.3563809
0,0,0.39347705
1,0,0.384783
1,1,0.687049
0,0,0.24565871
0,0,0.21988669
0,1,0.74540895
0,0,0.37910596
0,0,0.11064847
0,1,0.7494105
0,0,0.16883612
0,1,0.54385924
0,1,0.6190846
1,1,0.8627666
0,0,0.475308
1,0,0.45958418
0,1,0.5095053
0,0,0.23107101
0,0,0.30896884
0,0,0.22523038
0,0,0.42710626
0,0,0.3627742
0,0,0.22262415
0,0,0.15720281
0,0,0.36174482
0,0,0.16632243
0,1,0.80075455
1,1,0.5731571
0,0,0.2014992
0,0,0.19971979
0,0,0.34810805
1,1,0.74263275
0,0,0.16569555
0,0,0.33189362
0,0,0.34145662
0,0,0.1440064
0,0,0.25472116
0,1,0.5943821
0,0,0.35798872
0,1,0.578082
0,0,0.4066545
0,0,0.31705785
0,0,0.45167896
0,1,0.65292364
0,0,0.22686954
0,0,0.47947112
1,1,0.7650259
0,1,0.57478034
0,0,0.2327296
0,0,0.1889634
0,1,0.6975406
0,1,0.68446285
0,0,0.33594677
0,1,0.6547607
0,0,0.43415287
0,0,0.12590215
0,0,0.40367144
0,0,0.31081054
0,0,0.36481434
0,0,0.20009045
0,0,0.030059848
0,1,0.6615726
0,0,0.20663095
0,0,0.47935933
0,1,0.62323976
0,0,0.2068179
0,0,0.2007576
0,0,0.23971942
0,1,0.730031
0,0,0.36907005
0,0,0.23321751
0,0,0.2972855
0,0,0.17076561
0,1,0.5136048
0,0,0.14347722
1,0,0.42174226
0,1,0.82902277
0,1,0.5693324
0,0,0.43010148
0,1,0.5798104
0,1,0.5113128
0,0,0.25539908
0,0,0.45467302
0,0,0.25816795
0,0,0.3682355
0,0,0.17535354
0,0,0.4053271
0,0,0.3476582
0,0,0.28667888
0,1,0.69764227
0,0,0.4976355
0,0,0.42733413
0,0,0.21774165
0,0,0.1667718
0,0,0.37644044
0,0,0.28433034
0,0,0.17442085
0,1,0.7380092
0,1,0.5402977
0,0,0.15426907
0,0,0.278483
0,0,0.24635759
0,0,0.3046139
0,0,0.4101693
0,1,0.74001634
0,0,0.36659503
0,0,0.41687596
0,0,0.23704918
0,1,0.7077526
0,0,0.13238113
0,0,0.08350759
0,0,0.22673781
0,0,0.19416064
0,0,0.23058128
0,0,0.43093765
0,0,0.31905398
0,0,0.23200889
0,1,0.7054205
0,0,0.32283017
0,0,0.37677342
0,0,0.18234068
0,0,0.4178191
0,0,0.07591665
0,0,0.31590605
1,0,0.26359743
0,0,0.1990271
0,0,0.3307827
0,1,0.7302541
0,0,0.2344929
0,0,0.30041167
0,0,0.22839934
0,0,0.37717238
0,0,0.26932478
1,1,0.5725355
0,0,0.33309358
0,0,0.4044145
0,1,0.60246265
0,0,0.11479838
0,0,0.27948523
0,1,0.6604388
0,1,0.6677468
0,0,0.26677042
0,0,0.192437
0,0,0.41066056
1,1,0.7553304
0,1,0.54571974
0,1,0.51736426
0,0,0.44256794
0,0,0.12932375
0,1,0.58836186
1,0,0.42742422
1,1,0.6611842
0,0,0.37319657
0,1,0.8252398
0,0,0.2722544
0,0,0.20056409
0,1,0.6157764
0,1,0.7032007
0,1,0.84915227
0,1,0.63436586
0,0,0.3343995
0,0,0.12798004
0,1,0.5811629
0,0,0.36083412
0,1,0.5128973
0,1,0.5385546
0,1,0.61244816
0,0,0.49877432
0,1,0.65443325
0,0,0.37517667
0,1,0.70093757
0,0,0.16795774
0,0,0.2093746
0,0,0.28525722
0,1,0.60810167
0,1,0.5415701
0,1,0.64751995
0,0,0.29811677
0,1,0.6126384
0,0,0.18626426
0,0,0.24086331
0,0,0.2791699
0,0,0.415093
0,0,0.24176675
1,1,0.6659115
0,1,0.5292425
0,1,0.5647802
0,0,0.22771657
0,1,0.8054426
1,1,0.68811053
0,0,0.3280869
0,0,0.27482426
0,1,0.74391377
0,0,0.13908127
1,1,0.58248574
1,1,0.582859
0,0,0.26669478
0,0,0.49355066
0,0,0.34365782
0,0,0.13035987
0,0,0.49997854
1,1,0.6463499
0,0,0.3044682
0,0,0.2907653
0,0,0.2526565
0,0,0.31627473
0,0,0.16728447
1,0,0.30774656
0,1,0.6422298
0,0,0.14303254
0,0,0.27511024
1,1,0.5627302
0,0,0.2943596
0,0,0.3927373
0,0,0.30146158
0,1,0.63134843
0,0,0.30551603
0,0,0.48044157
0,0,0.41071287
0,0,0.2419572
0,0,0.46637827
0,0,0.4198819
0,1,0.6652732
0,0,0.14929518
0,1,0.76733917
0,0,0.222347
1,1,0.63286465
0,1,0.7975993
0,0,0.38306475
0,0,0.16618927
0,0,0.4681993
0,0,0.38270834
0,0,0.36839357
0,0,0.36121535
0,1,0.5343899
0,0,0.4205282
0,0,0.25231636
0,0,0.23217513
0,1,0.54029965
1,1,0.70572186
0,0,0.2778123
0,0,0.47001112
0,0,0.2789402
0,0,0.09920053
0,0,0.15404901
0,0,0.21234654
0,1,0.5259184
0,0,0.16178744
0,0,0.16151722
0,0,0.24241796
1,0,0.3631438
0,0,0.32584378
0,0,0.10469598
0,0,0.4581604
0,1,0.54096633
0,1,0.7478498
0,0,0.44423398
0,1,0.6465462
0,0,0.2763788
0,0,0.4137827
0,0,0.47695336
0,0,0.40290543
0,0,0.32307732
0,0,0.43757245
0,0,0.18268052
0,0,0.22126222
0,0,0.37043646
0,0,0.4789441
0,0,0.27646068
0,1,0.8550241
0,0,0.20043138
0,0,0.36418942
0,0,0.22082588
0,1,0.61244494
0,0,0.4819838
0,1,0.6093284
0,0,0.17634107
0,0,0.19426744
0,1,0.50552744
0,0,0.15482889
1,1,0.6749103
0,0,0.13849309
0,0,0.27482408
0,0,0.14552346
0,0,0.32727784
0,0,0.3131239
0,1,0.7341932
0,0,0.35336512
0,0,0.3401544
0,0,0.2944109
0,0,0.38958395
0,1,0.86624336
0,1,0.7910495
0,0,0.45819947
0,0,0.33831203
0,0,0.1473388
0,0,0.25135893
0,0,0.43521124
0,0,0.23276277
1,1,0.63114303
0,0,0.48963934
0,0,0.32704508
0,0,0.10869816
0,1,0.7531737
0,1,0.5708111
0,1,0.5798123
0,0,0.121812545
0,1,0.7602615
0,0,0.25417173
0,0,0.38421473
0,0,0.26304987
0,0,0.42879805
0,0,0.41812328
0,1,0.52520853
0,0,0.25428408
0,1,0.56053257
0,1,0.7811747
0,0,0.20034549
0,1,0.7373168
0,0,0.16332291
0,0,0.36915717
0,1,0.59788525
0,0,0.14245462
0,0,0.35113928
0,1,0.62585306
0,1,0.76821065
0,0,0.34878397
0,1,0.53765255
0,0,0.49264735
0,0,0.18771699
0,0,0.18910359
0,0,0.36303213
0,0,0.39521146
0,0,0.07851338
0,0,0.16371949
0,0,0.22036067
0,0,0.43866178
0,0,0.32937738
0,0,0.2770683
0,1,0.63475305
0,0,0.2629128
0,0,0.2291195
0,1,0.64187187
0,1,0.8019619
0,0,0.30506548
0,1,0.6056156
0,0,0.16341424
0,0,0.39676467
0,0,0.24602881
0,0,0.113152236
0,0,0.33895567
0,0,0.2733424
0,0,0.2637361
0,1,0.5263724
1,1,0.72357583
0,0,0.3984298
0,1,0.8255049
0,0,0.09067292
0,0,0.38897237
0,0,0.09769461
0,1,0.7653625
0,0,0.39264238
0,1,0.63258547
0,1,0.7954612
0,0,0.2549443
0,0,0.13847208
0,1,0.58274823
0,0,0.07191123
0,0,0.12711595
0,0,0.3597724
0,0,0.11669072
1,1,0.5890797
0,1,0.71071744
0,0,0.35965365
0,0,0.25143385
0,0,0.26583907
0,0,0.3033511
0,0,0.30231684
0,0,0.19283396
0,0,0.24711406
0,0,0.34391737
0,0,0.22168875
0,0,0.41970766
1,0,0.3834722
0,0,0.20920153
0,0,0.18369393
0,1,0.61332965
0,0,0.43196222
0,0,0.2627026
0,1,0.7207036
0,0,0.3786198
0,0,0.16983275
0,1,0.5181469
0,1,0.5021507
0,0,0.16095997
0,0,0.47923446
0,0,0.17045896
0,0,0.037700284
0,1,0.5615768
0,1,0.665031
0,1,0.8099573
0,0,0.33865407
0,1,0.5477129
0,0,0.30312806
0,0,0.2541973
0,0,0.22244318
0,0,0.093528174
0,0,0.14120509
0,0,0.4155001
0,0,0.27790126
0,0,0.11031229
0,0,0.3856664
0,1,0.53777546
0,0,0.12596266
0,0,0.14712846
0,0,0.41533068
0,0,0.23735033
0,0,0.30160284
0,0,0.3941355
0,0,0.28530413
0,0,0.44579822
0,0,0.17006986
0,0,0.13730082
0,0,0.23298755
0,0,0.49891126
0,0,0.2651255
0,0,0.12373194
0,0,0.09803369
0,0,0.43483198
0,0,0.37131983
0,0,0.27356395
0,0,0.28131312
0,0,0.40905434
0,0,0.17903382
0,0,0.43605563
0,1,0.6304471
0,0,0.1203202
0,0,0.39596885
0,0,0.3795522
0,1,0.7200293
0,1,0.7299948
0,0,0.21971564
0,0,0.45980182
0,0,0.1325855
0,0,0.18445031
0,0,0.17618547
0,0,0.15441057
0,1,0.5659
1,1,0.80328166
0,1,0.5855291
0,0,0.42405316
0,0,0.18450782
0,0,0.08863761
0,0,0.27155903
0,0,0.34125286
0,0,0.23866497
0,0,0.37836707
0,1,0.7047463
0,0,0.12945054
0,0,0.16710922
0,0,0.4752622
0,0,0.18012407
0,0,0.17534998
0,0,0.22555439
0,0,0.22510998
1,1,0.56794983
0,0,0.081233434
0,1,0.60294145
0,0,0.25992873
0,0,0.10552667
0,0,0.26360297
0,0,0.3113497
0,0,0.21472596
0,0,0.45012632
0,0,0.19414254
1,1,0.529553
0,0,0.23500144
0,0,0.23952253
0,0,0.17621471
0,0,0.089291394
0,0,0.43205363
1,0,0.44469815
0,1,0.7069392
0,0,0.1720402
0,1,0.7475503
0,0,0.2576963
0,0,0.07626353
0,0,0.20005648
0,1,0.651569
0,0,0.12476367
0,0,0.19871455
0,1,0.5121194
0,1,0.69889176
0,0,0.32317492
0,0,0.08715603
0,0,0.41658315
0,1,0.77568126
0,0,0.47495168
0,0,0.26192746
0,1,0.5361787
0,1,0.5477654
0,0,0.47702774
0,0,0.26123703
0,0,0.33304834
0,0,0.3134735
0,0,0.28683877
0,0,0.3704299
0,0,0.4350306
0,1,0.50437766
0,0,0.22108531
0,0,0.33011323
1,1,0.5672443
1,0,0.4034848
0,0,0.35191357
0,0,0.18663685
0,0,0.48812705
0,1,0.51736236
1,1,0.7075699
0,1,0.67612374
0,0,0.14734884
0,0,0.35719746
0,0,0.22848308
0,0,0.04442291
0,0,0.21818674
0,0,0.1342857
0,0,0.39159957
0,0,0.25242022
0,0,0.17286053
1,0,0.33112228
0,0,0.44938993
0,0,0.23476595
0,0,0.20493685
0,1,0.72530985
0,0,0.37413144
0,1,0.5803541
0,0,0.48375592
0,0,0.1642763
0,0,0.29701298
0,0,0.13719657
0,1,0.5494119
0,0,0.41877502
1,1,0.7611041
0,0,0.15196034
1,0,0.4662234
0,0,0.29339284
0,1,0.5081364
0,0,0.27254698
0,0,0.359529
0,0,0.1483078
0,1,0.70878035
1,0,0.4045375
0,0,0.3295387
0,0,0.29730174
0,0,0.26474535
0,0,0.26765135
0,0,0.28175914
0,1,0.6059886
1,0,0.36497
0,1,0.8860418
0,0,0.14984517
0,0,0.3278365
0,0,0.4681029
0,1,0.7313838
0,0,0.09370327
0,0,0.4766092
0,0,0.10699681
0,1,0.7100731
0,0,0.4756844
0,0,0.30793315
0,0,0.28335625
0,0,0.18390727
0,0,0.19262819
0,0,0.33861667
0,0,0.31791595
0,1,0.5588504
0,0,0.41485795
0,0,0.39348355
0,0,0.146682
0,0,0.19545099
0,0,0.080482386
0,1,0.6761841
0,1,0.5167099
0,0,0.17020324
0,0,0.437402
0,1,0.6774189
0,0,0.1333664
0,1,0.693852
0,1,0.67459404
0,1,0.8036483
1,1,0.5417139
0,0,0.116217874
0,0,0.19165504
0,0,0.47010505
0,0,0.11047596
0,0,0.086119495
1,1,0.8768969
0,0,0.11543391
0,0,0.37107757
1,1,0.65726596
0,0,0.3886784
0,0,0.3670208
1,0,0.48026478
0,0,0.27079582
0,1,0.5981204
0,0,0.23012853
0,0,0.074376024
0,0,0.40579253
0,0,0.25675002
0,0,0.27559635
0,0,0.42830005
0,0,0.21339932
0,0,0.12064129
0,0,0.28090283
0,0,0.12465345
1,1,0.67134166
0,1,0.6285791
0,1,0.64612055
0,1,0.50701797
0,0,0.06178699
0,0,0.27971572
0,0,0.21541752
0,0,0.17041655
0,0,0.22626108
0,0,0.32666886
0,1,0.54246557
0,1,0.80928266
0,1,0.5302841
0,0,0.14078155
0,0,0.12609375
0,0,0.37133172
0,0,0.23816404
0,0,0.2562802
0,1,0.5871799
0,0,0.17678522
0,1,0.6045534
0,0,0.46512255
1,0,0.2898531
0,0,0.104088046
0,0,0.19887683
1,1,0.50353914
0,0,0.1214307
0,0,0.27743977
0,0,0.31028193
0,0,0.48309186
0,1,0.5242558
0,0,0.30004767
0,0,0.27330428
0,0,0.38097662
0,0,0.3182823
0,0,0.3524027
0,1,0.6056338
0,0,0.10530392
0,1,0.6563724
1,0,0.4538959
0,0,0.3464076
0,0,0.38625264
0,0,0.09704008
0,0,0.08370791
0,1,0.61763746
0,0,0.48096302
0,0,0.13509867
0,0,0.16811283
0,0,0.35877502
0,0,0.21900801
0,0,0.3756526
0,0,0.08236245
0,0,0.36092323
0,0,0.3366854
0,0,0.3788951
0,0,0.11102216
0,0,0.33091563
0,1,0.8219243
0,0,0.4926275
1,1,0.5933982
0,0,0.44619733
0,0,0.35325313
0,1,0.6035014
0,0,0.3348279
0,0,0.17174643
0,0,0.4024752
0,0,0.3673645
0,1,0.5191911
0,0,0.33733416
0,0,0.35033062
0,0,0.4591734
0,0,0.24043211
0,1,0.588444
0,0,0.24609587
0,1,0.5191157
0,1,0.56874794
0,0,0.24803843
0,1,0.7299711
0,1,0.6950834
0,0,0.07743012
0,0,0.2613513
0,0,0.03761151
0,0,0.10366306
0,0,0.29078728
0,0,0.15699863
0,0,0.19019425
1,1,0.5363577
0,1,0.65671086
0,0,0.19066565
0,0,0.48528224
0,0,0.050410714
0,1,0.81067777
0,0,0.2534054
1,1,0.53117067
0,0,0.31596807
0,0,0.08838579
0,0,0.22362871
0,0,0.38204
0,1,0.79672533
0,0,0.112524815
0,0,0.24474119
0,0,0.06972181
1,0,0.21850564
1,1,0.63396597
0,0,0.11447979
0,1,0.5055311
0,0,0.22095966
0,0,0.107269816
0,0,0.15750737
0,0,0.3487119
0,0,0.154207
0,0,0.3402822
0,0,0.2025214
0,0,0.42638782
0,0,0.2445143
0,0,0.3972854
0,0,0.09564214
0,0,0.2940635
0,1,0.5170755
0,1,0.5694392
0,0,0.19817229
0,0,0.17366053
0,0,0.1284229
0,0,0.18517755
0,1,0.5789259
0,1,0.5023173
0,0,0.19655703
0,1,0.5108484
0,0,0.24421394
0,1,0.7078079
0,1,0.69335985
0,0,0.02423952
1,0,0.29299587
0,0,0.2703039
0,0,0.23957053
0,0,0.114943855
0,1,0.8251329
0,1,0.7654392
0,0,0.35778624
0,1,0.51404995
1,0,0.3829361
0,0,0.12874676
0,1,0.5030563
0,0,0.19974084
0,0,0.031639338
1,0,0.10008721
0,1,0.8364434
0,0,0.26260164
0,0,0.15850636
0,1,0.60805404
0,0,0.44084868
0,1,0.5970306
0,0,0.3206937
0,0,0.28293398
0,1,0.6317973
1,1,0.73790514
0,0,0.4385744
0,1,0.5939196
0,1,0.5357302
0,0,0.26052755
0,0,0.25076652
0,0,0.23980333
1,1,0.6441211
0,1,0.50463307
0,0,0.2853252
0,0,0.18387917
0,1,0.57168347
0,0,0.16384025
0,0,0.20144606
0,0,0.3003119
0,0,0.12847348
0,1,0.6813802
0,0,0.062286068
0,0,0.18229309
0,0,0.496745
0,1,0.750953
0,0,0.124852456
0,0,0.32651913
0,0,0.124855414
0,0,0.384972
0,0,0.38299358
0,0,0.4473553
0,0,0.2340297
0,1,0.65553546
0,0,0.14339179
0,0,0.07386182
0,0,0.40016654
0,0,0.30778497
0,0,0.41451398
0,0,0.22351645
1,1,0.7316398
1,1,0.5157299
0,0,0.43493298
0,0,0.4290831
0,0,0.16978109
1,0,0.23129436
1,1,0.6307335
0,0,0.33550695
1,1,0.836044
0,0,0.1765018
0,0,0.2861846
0,0,0.36082178
1,0,0.1548087
0,1,0.5155378
0,0,0.34023708
0,0,0.34872344
0,0,0.47080618
1,1,0.7630007
0,1,0.6206456
1,1,0.869668
0,0,0.18591207
0,0,0.41478416
0,1,0.65215045
0,0,0.4178848
0,1,0.5783044
0,1,0.5997621
0,0,0.22349182
0,0,0.45562944
0,0,0.42022967
0,1,0.566117
1,0,0.48773488
0,0,0.17386027
0,0,0.17538276
0,0,0.282044
0,0,0.33627677
1,1,0.6341158
0,0,0.095900126
0,0,0.4484514
0,1,0.5907829
1,0,0.30910856
0,0,0.20642841
0,0,0.25800207
1,1,0.8273887
0,0,0.10742184
0,1,0.5826429
0,0,0.38754764
0,1,0.5184229
0,1,0.73724836
0,0,0.20488843
1,0,0.35596165
0,0,0.45127323
0,1,0.5680675
0,1,0.670176
1,1,0.8542771
0,0,0.13478248
0,0,0.3234763
0,0,0.21453248
0,0,0.22795473
0,1,0.8486394
0,0,0.40314472
0,0,0.29696193
0,1,0.7875772
1,0,0.44267496
0,0,0.14611457
0,0,0.37634987
0,1,0.58344954
0,0,0.39146718
0,1,0.5190972
0,0,0.2849076
0,1,0.7242122
0,1,0.5258186
0,0,0.2729777
0,0,0.401717
0,0,0.22794811
0,0,0.14040318
0,1,0.6374118
0,0,0.2837529
0,0,0.19260797
0,0,0.20984526
0,0,0.28293994
0,0,0.21813624
0,1,0.68147945
0,1,0.68277603
0,1,0.5093872
0,0,0.37536496
0,1,0.756701
0,1,0.5527338
0,0,0.39764842
0,0,0.25306705
0,1,0.5980257
0,0,0.17426091
0,0,0.17853957
0,0,0.23203845
0,1,0.52573425
0,0,0.41514808
0,0,0.18545312
0,1,0.75161153
0,1,0.8565548
0,0,0.23767656
0,0,0.407667
0,1,0.60851383
0,1,0.6855876
0,0,0.07799264
0,1,0.58246505
1,1,0.51643926
1,1,0.5621904
0,1,0.7470924
0,0,0.29304564
1,1,0.6540679
0,0,0.48258123
0,1,0.81083375
0,0,0.13995971
0,1,0.895487
0,0,0.46948507
0,1,0.6445625
0,0,0.23684509
0,0,0.31756407
0,0,0.34745058
1,1,0.60528547
0,0,0.36383498
0,1,0.72589856
0,0,0.2007074
0,0,0.2127815
0,0,0.24638318
0,0,0.43164173
0,0,0.37502563
0,0,0.30334723
0,0,0.2326062
0,0,0.2955504
0,0,0.03986135
0,0,0.33433354
0,0,0.40395576
0,0,0.32115844
0,0,0.30820808
0,0,0.16050541
0,0,0.24833462
0,0,0.2996267
0,1,0.55201817
0,0,0.42945215
0,0,0.13800561
0,1,0.5121701
0,0,0.15117557
0,0,0.12775125
0,1,0.690787
0,0,0.19950594
0,0,0.44978428
0,1,0.5669979
0,1,0.7848355
0,1,0.5632474
0,0,0.37813672
0,1,0.64612246
0,0,0.062447965
0,0,0.26366538
0,0,0.22878638
0,0,0.23152022
0,1,0.8845519
0,0,0.29397509
0,1,0.5773187
0,0,0.40494776
0,1,0.5529
0,0,0.12956592
0,1,0.6060964
0,0,0.2463976
0,0,0.3540171
1,1,0.6425053
0,0,0.35336542
0,1,0.7794217
0,0,0.1185793
0,0,0.3667001
0,0,0.36725068
0,0,0.29645094
0,1,0.53974336
1,1,0.54747456
0,0,0.213661
0,0,0.32887897
0,0,0.120482795
0,0,0.40961063
0,0,0.21009727
0,0,0.18247817
0,0,0.33398843
0,0,0.24517274
0,0,0.09405202
0,0,0.40543237
0,1,0.54876834
0,0,0.22331071
0,1,0.796409
0,0,0.20445053
0,0,0.21524343
0,0,0.22458695
0,1,0.917686
0,0,0.42819923
0,0,0.44647244
0,0,0.20026693
0,1,0.6614922
0,0,0.26768696
0,1,0.7493808
0,0,0.4720855
0,0,0.29970434
0,0,0.24133562
0,1,0.6516899
0,1,0.52912885
0,0,0.48944137
0,1,0.6694514
0,0,0.20509416
0,1,0.87657905
0,0,0.19849685
0,0,0.22461915
0,0,0.21080288
0,1,0.50803566
0,0,0.18693183
0,0,0.18192992
0,0,0.35805517
0,1,0.5924165
0,1,0.6146215
0,0,0.107815616
0,0,0.21182893
0,0,0.15840189
0,1,0.72468287
0,0,0.039967876
0,0,0.3504695
0,1,0.7500431
0,0,0.4168787
0,1,0.5830632
0,1,0.78235894
0,1,0.62532264
0,1,0.68748176
0,0,0.26745224
0,1,0.7739653
0,1,0.5643946
0,0,0.39019522
0,0,0.4184984
0,0,0.24187042
0,1,0.62210196
0,0,0.08346384
0,1,0.7087359
0,1,0.6507758
0,1,0.6947379
0,1,0.54018635
0,0,0.29601872
0,0,0.30023456
0,1,0.64565706
0,0,0.4267047
0,0,0.07406913
0,1,0.6036503
0,0,0.051574074
0,1,0.6493396
0,0,0.35416305
0,0,0.07243501
0,0,0.39903355
0,0,0.35989708
0,0,0.37714335
0,0,0.22299111
0,1,0.61200136
0,0,0.251909
0,0,0.49378023
0,0,0.39690447
0,0,0.3740398
0,0,0.41838035
0,0,0.32266206
0,0,0.24944657
0,1,0.6693468
0,0,0.29102752
0,1,0.6785529
0,0,0.34784052
0,0,0.38190794
0,1,0.86708885
1,0,0.14075725
0,0,0.2355529
0,0,0.16147536
0,1,0.6544472
0,0,0.33769208
0,1,0.740973
1,1,0.86608964
0,0,0.24342243
0,0,0.20793813
0,0,0.1627052
1,1,0.8100341
0,1,0.76624197
0,1,0.6389709
0,0,0.38585106
1,1,0.5431473
1,1,0.8531549
0,0,0.12616915
0,0,0.21669786
0,0,0.08714372
0,0,0.14158122
0,0,0.25901884
0,0,0.2982247
0,0,0.17288177
0,0,0.20377046
0,0,0.047988564
0,0,0.123305194
0,0,0.1116012
0,0,0.3971683
0,1,0.5105881
0,0,0.19686846
0,0,0.12420349
0,1,0.5627784
0,0,0.043019023
0,0,0.03010532
0,0,0.46222922
0,0,0.15466617
0,1,0.58171463
0,0,0.18124065
0,0,0.26704407
0,0,0.24988984
0,0,0.23804969
0,0,0.2881791
0,0,0.1798264
0,0,0.33324984
1,0,0.23793255
0,0,0.111293405
0,1,0.6978391
0,1,0.5509899
0,0,0.22283
0,1,0.54907817
0,1,0.5516182
0,1,0.7206742
0,0,0.32263628
0,0,0.27394345
0,0,0.36633888
0,0,0.18615301
0,0,0.49082193
0,0,0.46849474
0,1,0.53183
0,0,0.12631144
0,1,0.6241209
0,1,0.53707844
0,0,0.39765188
0,1,0.58882326
0,0,0.17944093
0,0,0.4114823
1,1,0.70514697
0,0,0.24662088
0,0,0.22151054
0,0,0.1097041
0,1,0.6611248
0,0,0.35254458
0,0,0.16497613
0,0,0.16176797
0,1,0.7420493
1,0,0.15693662
0,0,0.2013505
0,0,0.26032862
0,0,0.3863506
1,1,0.65686697
0,0,0.25655296
0,0,0.2121968
0,0,0.20822191
0,1,0.60247165
0,0,0.19887123
0,0,0.4605401
1,1,0.80443066
0,0,0.29438832
0,0,0.23057672
0,0,0.11133619
0,0,0.17082523
0,0,0.36296389
0,1,0.5591719
0,1,0.6344438
0,0,0.15662803
0,0,0.49566975
0,0,0.31301865
1,1,0.82941246
0,1,0.65662557
0,0,0.49119958
1,1,0.51577336
0,0,0.3780037
0,0,0.44401
0,0,0.47759247
0,0,0.42539832
0,0,0.43737164
0,1,0.81928873
0,0,0.46701232
0,1,0.5652237
0,1,0.82179314
0,0,0.23083284
0,0,0.42050833
1,0,0.27368855
0,0,0.16923304
0,0,0.20801435
0,0,0.36157876
0,1,0.7025121
0,0,0.14964862
0,1,0.8026508
0,0,0.4762115
0,0,0.42731705
0,1,0.7179971
0,1,0.69861484
0,0,0.3342358
0,0,0.148918
0,0,0.4169774
0,1,0.7216536
0,0,0.46919715
0,1,0.60314447
1,0,0.15847825
0,0,0.3495188
0,0,0.15037769
0,0,0.27682394
0,0,0.08386219
0,0,0.39115402
0,0,0.2555379
0,0,0.3432002
0,0,0.36411253
1,0,0.42178047
0,0,0.21761288
0,0,0.31427014
0,0,0.1485893
0,0,0.47474965
0,1,0.5962594
0,0,0.25431466
0,0,0.3844603
0,0,0.34966546
0,1,0.636101
0,0,0.24571598
1,1,0.90335697
0,0,0.13368066
0,0,0.41539565
0,1,0.67592543
0,0,0.09246354
0,0,0.15791766
0,0,0.4164351
0,1,0.85322875
0,1,0.7786105
0,0,0.22632858
0,0,0.298069
0,0,0.22163537
0,0,0.10571709
0,0,0.27339
0,0,0.16726871
0,0,0.22739463
0,0,0.10073623
0,1,0.51358575
0,0,0.3265918
0,0,0.3444878
0,0,0.35546035
0,0,0.111900315
0,0,0.11898451
0,0,0.24030437
0,0,0.15552902
0,0,0.28379077
0,1,0.747581
0,0,0.07044008
0,0,0.23626734
0,0,0.33708328
0,0,0.4083351
0,0,0.41280052
0,0,0.30801782
0,0,0.19502658
0,0,0.34024978
0,1,0.5242701
0,1,0.8295641
0,0,0.15092236
0,0,0.22840732
0,1,0.78187966
0,1,0.65941054
0,0,0.39214817
1,0,0.39200693
0,0,0.30547762
0,1,0.5927783
0,0,0.3553537
0,0,0.13562234
0,0,0.46765202
0,0,0.47043523
0,1,0.5079717
0,1,0.5289393
0,0,0.23490068
0,1,0.56227124
0,1,0.7153299
0,0,0.24387033
0,1,0.60296816
0,0,0.29317176
0,0,0.14868742
0,0,0.09291138
0,1,0.53677446
0,1,0.66933393
0,0,0.11339525
0,0,0.32695752
0,0,0.18714616
1,1,0.72984165
0,0,0.32658908
0,0,0.25964
0,1,0.5272947
0,1,0.5605063
0,1,0.6036343
0,0,0.119187176
0,0,0.47086063
0,0,0.1104645
0,0,0.2095855
0,0,0.25824577
0,1,0.5828697
0,0,0.2962621
0,0,0.41454047
0,0,0.18410671
0,0,0.33904982
0,0,0.15754107
0,0,0.14818884
1,1,0.66376
0,0,0.32200193
0,0,0.24410354
0,0,0.25844643
0,1,0.6282936
1,1,0.64916074
0,1,0.55765367
0,1,0.5046405
1,1,0.93326026
0,1,0.6782465
0,0,0.35626322
0,1,0.8007301
0,0,0.21958365
1,0,0.2013446
0,1,0.8120607
0,1,0.67470855
0,0,0.3111681
0,0,0.17114018
0,0,0.21502362
0,0,0.10166427
0,1,0.69935554
0,0,0.49727067
0,0,0.36519653
0,0,0.14350607
1,1,0.8424207
0,0,0.30933028
0,0,0.38793096
0,0,0.28408977
0,0,0.40798894
0,0,0.37537745
0,0,0.46823025
0,0,0.19749403
0,0,0.16802846
0,0,0.30911705
0,1,0.5546734
0,1,0.6935462
0,1,0.9053966
0,0,0.42601064
0,0,0.21131523
0,1,0.55123955
0,0,0.2769238
1,0,0.1755406
0,0,0.37546092
0,0,0.4205134
1,0,0.38199097
1,0,0.2739348
0,1,0.6333984
0,0,0.49231866
0,0,0.21842119
1,0,0.15282343
1,1,0.65077055
0,0,0.49248758
1,1,0.90771633
0,0,0.29740217
0,0,0.18895249
0,0,0.2742667
0,1,0.70570016
0,0,0.20567742
0,1,0.6713228
0,1,0.8556639
0,0,0.3381424
0,1,0.66865844
0,0,0.1328837
0,0,0.2606926
0,0,0.3025451
0,0,0.37124166
0,0,0.23984513
0,0,0.29781055
0,1,0.62862873
0,0,0.12597011
0,1,0.65518874
0,1,0.84052277
0,1,0.56211215
1,1,0.8446949
0,1,0.7201854
0,0,0.22357973
1,1,0.69311994
0,0,0.14104584
0,0,0.47587475
1,1,0.7438207
0,0,0.09725788
0,0,0.43091735
0,0,0.38876262
0,0,0.09198139
0,1,0.519543
0,0,0.16013433
0,0,0.22806326
0,0,0.27312958
0,1,0.5524327
0,0,0.35880858
0,1,0.5046206
0,1,0.54386085
0,0,0.17134157
0,0,0.17407791
0,0,0.4316195
0,0,0.24127099
0,0,0.28691897
0,1,0.6643355
0,0,0.42339113
0,0,0.19910747
0,0,0.19482566
0,0,0.12581559
0,1,0.6165703
0,1,0.6123215
0,0,0.47800064
0,0,0.3202983
0,1,0.526764
0,0,0.20530918
0,0,0.22718987
1,1,0.5676981
0,0,0.25737497
0,0,0.1285344
0,0,0.18965937
0,0,0.4032352
0,0,0.239119
0,0,0.109786466
1,0,0.20168547
1,1,0.7881612
0,0,0.30777657
0,0,0.42994162
0,0,0.11828294
0,0,0.2871881
1,0,0.20173326
0,0,0.2387565
0,0,0.17196064
0,0,0.341006
0,0,0.30185717
0,0,0.12560481
0,0,0.17244846
0,1,0.5430081
0,0,0.49030742
1,1,0.6836083
0,0,0.37082264
0,0,0.15375257
0,0,0.33358952
0,0,0.064805
0,0,0.21808302
0,0,0.16140553
1,1,0.5810312
0,1,0.7799398
0,0,0.063250154
0,0,0.3605935
0,0,0.20049752
0,0,0.047635615
0,0,0.07338851
0,0,0.33007059
0,0,0.27707103
0,0,0.2636829
0,1,0.516775
0,0,0.2924788
0,0,0.33190736
0,0,0.19877438
0,0,0.13930528
0,1,0.6013608
0,1,0.7045418
0,1,0.6398109
1,1,0.7684068
1,1,0.59905845
1,0,0.14170426
0,0,0.45875487
0,0,0.14749591
0,0,0.45351622
0,1,0.50849825
1,1,0.79744583
0,0,0.07793312
0,0,0.44467297
0,0,0.16097312
0,0,0.12715311
0,1,0.575003
0,0,0.3899251
0,0,0.100547425
0,1,0.5216153
0,0,0.19751328
0,0,0.45020822
0,0,0.103201546
0,0,0.20631479
0,0,0.15823604
0,0,0.32100025
0,0,0.18800825
0,0,0.2279307
1,1,0.6843584
0,0,0.2130877
0,0,0.35926205
0,0,0.37823015
0,0,0.35415554
0,0,0.3845833
0,0,0.31953296
0,1,0.6390187
0,0,0.09348194
0,0,0.21236256
0,0,0.3926362
0,0,0.094755284
0,0,0.4042396
0,0,0.22122888
0,1,0.60948676
0,0,0.41942364
0,0,0.3287655
0,0,0.07027596
0,0,0.2386054
0,0,0.3094469
0,0,0.25447494
0,0,0.40402672
0,0,0.31056592
0,0,0.384507
0,0,0.28653067
0,0,0.21978238
0,0,0.18307203
0,0,0.07712613
1,1,0.7196709
1,1,0.53852314
0,0,0.43447956
0,1,0.83028597
0,0,0.3577455
0,0,0.21774335
0,0,0.0345689
0,0,0.40230486
0,1,0.57281536
0,0,0.2563555
0,1,0.6783118
0,1,0.5477966
1,0,0.45686957
0,0,0.31474063
0,0,0.13590288
0,0,0.15553157
0,0,0.20661548
0,0,0.17015739
0,0,0.43283325
0,0,0.46495745
0,0,0.28417757
0,0,0.47971153
0,1,0.6366693
0,1,0.51742756
1,1,0.50304824
0,0,0.23540209
0,0,0.48247546
0,0,0.20023797
0,0,0.19497171
0,0,0.38556555
0,0,0.1335295
0,0,0.11455603
0,0,0.3857305
0,0,0.33797088
0,1,0.5310041
0,0,0.35735053
0,0,0.15076923
0,1,0.59640956
0,0,0.32862833
0,0,0.40612587
0,1,0.56607556
0,0,0.34943122
0,0,0.40906605
1,1,0.605331
0,1,0.7824857
0,1,0.5883827
1,1,0.92077565
0,0,0.19847034
0,0,0.24103771
0,0,0.29937896
0,0,0.41290477
0,0,0.21475124
0,0,0.17023154
0,0,0.2208577
0,1,0.6401622
0,0,0.43096882
0,0,0.47269723
0,0,0.21476132
0,0,0.13617198
0,0,0.30186206
0,0,0.35868967
0,0,0.49798363
0,0,0.49772137
0,1,0.53288525
0,1,0.83235866
0,0,0.27967638
0,0,0.4474256
0,0,0.47794425
0,0,0.21735461
0,1,0.510448
0,0,0.20640314
0,0,0.25378355
0,1,0.53953916
0,0,0.26937714
0,0,0.22584654
0,1,0.6033063
0,1,0.8554506
0,0,0.23331976
0,0,0.17663528
0,0,0.11481902
0,0,0.30381685
0,0,0.38467267
0,0,0.09503624
0,0,0.27653015
0,0,0.14192237
0,0,0.3391194
0,0,0.36877435
0,1,0.8313985
1,1,0.8883008
0,0,0.08203072
0,0,0.4316291
0,1,0.5752107
0,0,0.2734083
0,0,0.45369184
0,0,0.36342388
0,0,0.16219063
0,0,0.45814243
0,0,0.24260244
0,1,0.61990345
0,0,0.16706085
0,1,0.52101135
0,1,0.8348099
0,1,0.61676717
0,0,0.31934908
0,0,0.1632346
0,0,0.44829017
0,1,0.80032706
1,0,0.2417269
0,0,0.32121807
0,0,0.32047623
0,0,0.11445058
0,1,0.5257649
0,0,0.3557458
0,0,0.09464362
0,0,0.1311461
0,1,0.5515665
0,0,0.27770478
0,1,0.6959336
0,0,0.34406698
0,0,0.26785168
0,0,0.16561267
0,0,0.07809972
0,1,0.6265111
0,0,0.16145286
0,0,0.08072678
0,0,0.4633868
0,0,0.10585314
1,1,0.5463337
0,1,0.74187785
0,0,0.26403046
0,0,0.21917713
0,0,0.114003606
0,1,0.7167101
0,0,0.111603186
0,0,0.097377315
0,0,0.19345993
0,1,0.63711816
1,1,0.8343945
0,0,0.37603214
0,1,0.59753597
0,1,0.56158173
0,1,0.51002413
0,0,0.47548538
0,0,0.4800349
0,0,0.13233708
0,0,0.4121065
0,0,0.27064216
0,1,0.54110557
0,0,0.41790846
0,0,0.33056286
0,0,0.24667774
0,0,0.12515368
0,0,0.4567931
0,0,0.23635602
0,1,0.6247067
0,0,0.29586166
0,0,0.086868964
0,0,0.45367795
0,0,0.29911828
0,0,0.4976742
0,1,0.54680586
0,0,0.35192937
0,1,0.7555432
0,1,0.89796686
1,1,0.69891274
0,0,0.37422186
0,0,0.3457713
0,1,0.7086856
1,1,0.59406996
0,0,0.26108134
0,1,0.5753002
0,0,0.39303282
0,0,0.3689866
0,0,0.35630924
0,1,0.67718744
0,0,0.2310544
0,1,0.8236267
1,1,0.6008109
0,0,0.22354665
0,1,0.69793665
0,0,0.10589862
0,0,0.35744786
0,1,0.60160244
0,1,0.57438165
0,0,0.16507393
0,0,0.33127043
0,1,0.5429316
0,0,0.4068053
0,1,0.78201723
0,0,0.193132
0,0,0.30508435
0,0,0.42492673
0,0,0.38265216
1,1,0.63329476
0,0,0.074765936
0,0,0.41149655
0,1,0.5209962
0,0,0.14736913
0,1,0.54985857
0,0,0.1626216
0,0,0.4393167
0,0,0.06606285
0,1,0.8542161
0,1,0.6740418
0,0,0.36219373
0,1,0.7868905
0,0,0.21103033
0,0,0.1389451
0,0,0.28293604
0,0,0.42154178
0,0,0.26884314
0,0,0.48366174
0,0,0.20366734
0,0,0.18169416
0,0,0.32345837
0,0,0.1731543
0,1,0.54990417
0,0,0.32136428
0,0,0.33009097
0,1,0.5582435
1,1,0.81790954
1,0,0.48710462
0,0,0.3728023
0,1,0.7007848
0,0,0.44855782
0,0,0.23756419
0,1,0.55085117
0,0,0.45086116
0,0,0.4735662
0,0,0.32205606
0,0,0.16076104
0,0,0.37925068
0,1,0.65658075
1,0,0.48503497
0,1,0.6026496
0,0,0.20793238
0,0,0.39913198
0,1,0.5020095
0,0,0.35927492
0,0,0.15993136
0,0,0.41639727
0,0,0.42657077
0,0,0.4305915
0,1,0.6362842
0,0,0.16502848
0,0,0.42672232
0,0,0.14280556
1,1,0.5587727
1,0,0.48762614
0,0,0.38328537
0,0,0.16388468
0,0,0.061829083
0,0,0.41967264
0,1,0.51860815
0,0,0.2662168
0,0,0.46191
0,0,0.07938202
0,0,0.06714391
0,0,0.37858823
0,0,0.09231921
0,0,0.1894813
0,0,0.42704314
0,1,0.669595
0,0,0.26416254
0,0,0.16603437
0,0,0.4038239
0,0,0.24450044
0,0,0.1918615
0,1,0.58091056
0,0,0.43853992
0,0,0.39517257
0,0,0.24623466
0,0,0.26036516
0,0,0.21228856
0,0,0.38271457
0,0,0.06120687
0,1,0.572093
0,0,0.44649675
0,1,0.52859914
0,1,0.5733112
0,0,0.17769992
0,0,0.2761718
0,0,0.23516463
0,0,0.12950769
0,0,0.22437662
1,1,0.5976872
0,1,0.7000671
0,0,0.341824
1,1,0.513073
1,1,0.58520937
0,0,0.45841932
0,1,0.59543127
0,0,0.07725526
0,1,0.5560868
0,1,0.5201258
0,0,0.40613854
0,0,0.30964524
0,0,0.13626549
0,1,0.77664894
0,0,0.25386423
0,0,0.20722207
0,0,0.31830502
0,0,0.25204062
0,0,0.39201468
0,1,0.8338562
0,0,0.28166333
0,0,0.41755563
1,1,0.7380787
0,0,0.14631326
0,0,0.46764758
0,0,0.33247828
0,0,0.44673178
0,0,0.11633615
0,0,0.12254203
0,1,0.63374245
0,0,0.26991752
0,1,0.78676677
0,0,0.1919073
0,0,0.2723577
0,0,0.06199388
0,0,0.26878613
0,0,0.37060732
0,0,0.27993003
0,0,0.33030283
0,1,0.6330959
0,1,0.6914766
0,0,0.24126366
0,1,0.594503
0,1,0.6169641
0,0,0.18418893
0,0,0.21179725
1,1,0.7332728
0,0,0.4238325
0,0,0.13234344
0,1,0.6056701
0,0,0.43870306
0,0,0.34531838
0,0,0.12292056
0,0,0.31952828
1,1,0.6465532
0,0,0.32125714
0,0,0.41668308
0,0,0.46852025
0,1,0.54345393
0,0,0.43144813
0,0,0.11802111
0,1,0.5588807
0,0,0.3086789
0,0,0.07669498
0,0,0.14314055
0,1,0.8117153
0,0,0.3931174
0,1,0.5091872
0,0,0.42987022
0,0,0.30618173
0,0,0.4582895
0,0,0.17407383
0,0,0.3516251
0,0,0.06858897
0,0,0.29811123
0,1,0.80585665
1,1,0.7326225
0,0,0.4462367
0,0,0.39266637
0,0,0.33740166
1,0,0.34127542
1,0,0.46487468
0,0,0.099647745
0,0,0.11477252
0,0,0.4571226
0,0,0.26857492
0,1,0.85882795
0,0,0.2518344
0,0,0.11937501
0,0,0.44437155
0,1,0.68607754
0,0,0.14410272
0,0,0.37742487
0,1,0.5885265
0,1,0.59487087
0,1,0.54796034
0,1,0.5030862
1,1,0.89743525
0,1,0.67482674
0,0,0.09382065
0,1,0.6835168
0,0,0.25527665
1,1,0.7500125
0,1,0.5968904
0,1,0.5403749
0,0,0.24402678
0,0,0.19433002
0,0,0.44670394
0,0,0.33236355
0,0,0.47439268
0,1,0.58297926
0,1,0.7321652
0,0,0.23477872
0,1,0.60071117
0,0,0.14225881
0,0,0.47750553
0,0,0.25105557
0,1,0.55717576
0,0,0.3726264
0,1,0.85022855
0,1,0.602955
0,0,0.15122634
0,1,0.84240067
1,0,0.47739553
0,0,0.41943032
0,1,0.536407
0,0,0.4753752
0,0,0.2863041
0,1,0.7355949
0,0,0.20043325
0,0,0.36670992
0,0,0.35750204
0,0,0.13371044
0,0,0.44332314
0,1,0.58713245
0,0,0.08299085
0,0,0.103699535
0,0,0.06345661
0,0,0.37746626
0,0,0.22704259
0,0,0.2410304
0,0,0.17315952
0,0,0.35880837
0,1,0.7961688
0,0,0.49812433
0,0,0.13367411
0,0,0.3965888
0,0,0.12281862
0,0,0.31774673
0,0,0.38444605
0,0,0.3954241
0,1,0.5655316
0,1,0.5733451
0,0,0.3088346
0,0,0.24965519
0,1,0.59614027
0,0,0.15794508
0,0,0.30989805
1,1,0.62829167
0,0,0.36337435
0,0,0.37047565
0,1,0.70440435
0,0,0.36557984
0,0,0.33039325
0,0,0.2904262
0,0,0.10588405
0,1,0.89143014
0,0,0.38855332
0,1,0.6739798
0,0,0.49180034
0,0,0.18965068
0,0,0.47578758
0,0,0.31469688
0,0,0.16588065
0,0,0.4025909
0,0,0.055042043
0,0,0.24116541
0,0,0.34085563
0,0,0.25793028
1,1,0.7182183
0,0,0.2639007
0,0,0.34657985
0,0,0.14223462
0,0,0.3827351
0,1,0.5947002
0,0,0.16651095
0,0,0.21253327
0,0,0.36015347
0,0,0.35944858
0,1,0.5472685
0,0,0.13198109
0,0,0.43561044
0,1,0.5281696
0,0,0.41051212
0,0,0.20081139
0,1,0.5403556
1,0,0.35186422
0,0,0.2196019
0,1,0.50174457
0,1,0.5365565
0,0,0.1667466
0,0,0.05799413
0,0,0.4622871
0,0,0.26124758
0,0,0.36143792
0,1,0.6844603
0,0,0.43055215
0,0,0.17964953
0,0,0.1999874
0,0,0.2703635
0,0,0.26108816
0,0,0.23423088
0,0,0.22286521
0,0,0.062425137
0,0,0.32047415
0,0,0.41457036
0,0,0.054750647
0,0,0.12890951
0,1,0.52894
0,0,0.18300174
0,0,0.242509
0,1,0.8497228
0,0,0.37863505
1,0,0.47889093
0,0,0.13513447
0,0,0.40441936
0,0,0.29936725
0,1,0.60455865
0,0,0.39282015
0,0,0.29905602
0,0,0.3797896
0,0,0.42532152
1,1,0.74626356
0,0,0.19164462
0,0,0.0877274
0,0,0.25153455
0,0,0.46786833
1,0,0.29684997
0,1,0.7043371
0,0,0.30679995
0,0,0.32560903
0,0,0.16195863
0,0,0.18810186
0,0,0.45574746
0,0,0.09359549
0,0,0.3046694
0,1,0.8088114
1,1,0.7402688
0,1,0.6299378
0,1,0.7381489
0,1,0.6329326
1,0,0.16641906
0,0,0.23848422
0,0,0.24016044
0,0,0.12756819
0,0,0.17044373
0,0,0.08552442
0,1,0.57049835
0,1,0.60550606
0,0,0.15935181
0,0,0.2762831
0,0,0.35150364
0,0,0.4952113
0,0,0.20113379
0,1,0.51866764
0,0,0.34801698
0,0,0.22062571
0,1,0.6114616
1,1,0.9152856
0,1,0.6066705
0,0,0.48134074
0,1,0.7235664
0,0,0.2854069
0,0,0.40789124
0,0,0.24170317
0,0,0.4762981
0,0,0.1485761
1,1,0.7150131
0,0,0.4004101
0,0,0.4499658
0,0,0.45096236
0,0,0.42200467
0,1,0.8196742
0,0,0.23828001
0,0,0.47169444
0,1,0.51721984
0,1,0.67011476
0,0,0.17941192
0,0,0.094383575
1,1,0.58115554
0,0,0.29231498
0,0,0.14821048
0,0,0.40059575
0,1,0.73590815
0,0,0.1666716
0,0,0.48931757
0,0,0.29516014
0,0,0.39680633
1,0,0.40349212
0,0,0.35992378
0,0,0.42791188
0,0,0.14299977
0,0,0.26595137
0,0,0.2032395
0,0,0.47791794
0,0,0.4814015
0,0,0.22654113
1,0,0.26956585
0,1,0.5286746
0,0,0.47948766
0,1,0.69441444
0,0,0.41281414
0,0,0.09372807
0,1,0.71642876
1,0,0.4260361
0,0,0.33617288
0,0,0.3333385
0,0,0.08186569
0,0,0.22292407
0,0,0.024436671
0,1,0.5010788
0,0,0.38516888
0,0,0.11681027
0,0,0.29850045
1,1,0.85387206
0,0,0.13881715
0,0,0.33164522
0,0,0.17637442
0,0,0.2276085
0,0,0.07536137
0,0,0.17032625
0,0,0.48420882
0,0,0.43060228
0,0,0.08093343
0,0,0.17438275
0,0,0.3374438
0,1,0.51950747
0,0,0.27743402
0,0,0.16417798
0,0,0.32931718
0,0,0.42630604
0,0,0.41265202
0,0,0.44138843
0,0,0.26633808
0,1,0.55761254
0,0,0.36528677
0,0,0.3963759
0,0,0.20690842
0,0,0.42162725
0,0,0.064482674
0,1,0.7220745
0,1,0.7397064
0,1,0.5331258
0,1,0.59906775
0,0,0.2896293
0,0,0.22803205
0,0,0.47117335
0,0,0.28967145
0,0,0.35944173
1,1,0.7375727
1,1,0.730501
1,1,0.77656853
0,0,0.31434885
0,0,0.13174385
0,1,0.53047514
0,0,0.2220034
0,0,0.15699269
0,0,0.30725196
0,1,0.6670216
1,0,0.30747953
0,1,0.77655804
0,0,0.14905983
0,0,0.4916722
0,0,0.25277045
0,0,0.15383258
0,0,0.44210088
0,0,0.22551695
0,0,0.2700784
1,1,0.5189678
0,0,0.37677652
0,0,0.40624443
0,1,0.5988129
0,1,0.5801383
0,0,0.16657643
0,0,0.04175914
0,0,0.42364088
0,0,0.41267577
0,0,0.20783067
0,0,0.14295119
0,0,0.33178616
0,0,0.35180038
0,1,0.5256114
0,1,0.57658166
0,0,0.10601649
0,0,0.36328593
0,1,0.6607142
0,0,0.44687685
0,1,0.6891745
0,0,0.42723656
0,0,0.4147108
0,0,0.1026543
0,0,0.30038792
0,0,0.21177262
0,0,0.3763641
0,0,0.36358285
0,1,0.5088142
0,0,0.34143183
0,0,0.3637691
0,0,0.29525733
0,0,0.08285898
0,0,0.22650152
0,1,0.5424007
1,1,0.7042938
0,0,0.13765673
0,1,0.60237503
0,0,0.4418748
0,0,0.057382908
0,0,0.17053594
1,0,0.3684167
1,0,0.38993916
0,1,0.5225649
0,0,0.35909566
0,0,0.18948671
0,0,0.05746103
0,0,0.2106879
0,0,0.26520556
0,0,0.38345551
1,1,0.51080906
0,0,0.31197885
0,0,0.30237865
0,0,0.4916762
0,0,0.15600085
1,0,0.094792366
0,1,0.58489317
0,1,0.5211894
0,0,0.23891215
0,0,0.39067623
0,0,0.3416095
0,0,0.40251133
0,0,0.33235
0,1,0.7092467
0,0,0.15975596
0,0,0.21445568
0,0,0.069976136
0,0,0.107768714
0,0,0.20810233
0,0,0.38100615
0,0,0.38788846
1,1,0.53473604
0,0,0.20161934
0,0,0.25405216
0,0,0.34557512
0,1,0.75094795
0,0,0.3399002
0,0,0.30869436
0,0,0.2464214
0,0,0.34208873
0,0,0.3106683
0,0,0.306577
0,0,0.20961975
1,1,0.59229094
0,0,0.45805606
0,0,0.16521531
0,1,0.56446123
0,0,0.15390188
0,0,0.38331434
0,0,0.22675179
0,0,0.18947431
0,0,0.22724773
0,0,0.2290539
0,1,0.6092505
0,0,0.32865185
0,0,0.15842122
0,0,0.44682622
0,0,0.13829713
0,0,0.2236459
0,0,0.3108811
0,0,0.06958041
0,0,0.3317759
0,0,0.0733668
0,0,0.03887947
0,0,0.12507585
1,0,0.3071563
0,0,0.35625258
0,1,0.5623874
0,0,0.38048244
0,1,0.5350915
0,0,0.09309526
0,0,0.3013897
0,1,0.60511726
0,0,0.37241545
1,0,0.48424774
0,1,0.5591011
0,1,0.77727467
0,1,0.5339853
0,1,0.50057
0,0,0.17861013
0,1,0.6472109
0,1,0.53013545
0,1,0.6614376
0,1,0.7359748
0,0,0.30186188
0,0,0.47178403
0,1,0.7672013
0,1,0.552792
1,1,0.6484594
0,1,0.63103676
0,0,0.40203792
0,0,0.14280117
0,0,0.3678099
0,0,0.34287167
0,0,0.19041634
0,1,0.5714506
0,0,0.45508286
0,0,0.15535745
0,0,0.39394832
0,0,0.08418794
1,0,0.23646428
0,0,0.39493072
0,0,0.32960752
0,0,0.31225735
0,0,0.16829932
0,1,0.71283156
1,1,0.73830354
0,0,0.37684712
0,0,0.4735413
0,0,0.18827273
0,0,0.19421434
0,0,0.31836364
0,0,0.307583
0,0,0.1403808
0,1,0.65036684
0,1,0.7382933
1,1,0.64347243
0,0,0.40095282
0,0,0.49099705
0,0,0.28963408
0,1,0.8621513
0,0,0.24006768
0,1,0.63509864
0,0,0.48267445
0,1,0.58863235
0,0,0.4871525
0,1,0.53941506
0,0,0.4640538
0,0,0.40669957
0,0,0.25530946
0,0,0.21174836
0,0,0.23263408
0,0,0.25523114
1,1,0.589042
0,0,0.24532543
0,0,0.18610722
0,1,0.6145052
0,0,0.3611256
0,0,0.49586594
0,1,0.65546024
0,1,0.7374919
0,1,0.6698899
0,1,0.75384307
0,1,0.64126503
0,0,0.459262
0,0,0.37837192
0,0,0.23012163
0,0,0.08814464
0,1,0.5520122
0,0,0.16362731
0,1,0.6934576
0,1,0.7096715
0,1,0.57188755
0,0,0.3174429
0,0,0.32401395
0,0,0.22484049
0,0,0.3318726
0,0,0.3414328
0,0,0.13624625
0,0,0.15990746
1,1,0.82451266
0,0,0.11337876
0,0,0.32858324
0,0,0.32592997
0,1,0.7133374
0,1,0.5390256
0,1,0.63654464
0,1,0.8662173
0,0,0.133121
0,1,0.7743226
0,1,0.72338474
0,0,0.47417945
0,0,0.21199925
0,1,0.6167199
0,1,0.5363247
0,1,0.5902489
0,0,0.12658828
0,0,0.39586586
0,0,0.12650082
0,1,0.575974
0,1,0.6819631
0,0,0.38434947
0,0,0.36660054
0,1,0.7287307
0,0,0.3935749
0,0,0.05265241
0,0,0.2882798
0,0,0.23860063
1,0,0.19917549
1,0,0.4387787
0,1,0.5375035
0,1,0.71603614
1,1,0.5022827
0,1,0.79167116
0,0,0.3568671
0,0,0.2059194
0,0,0.23367679
0,0,0.24444394
0,1,0.63283026
0,1,0.7271127
0,0,0.25579053
0,0,0.4314731
0,0,0.059560362
0,0,0.4641292
0,0,0.06933868
0,0,0.24312928
0,0,0.21199332
0,1,0.57643455
0,0,0.095198356
0,0,0.36568904
1,1,0.77251977
0,1,0.5609875
0,0,0.33149174
0,0,0.09729043
0,1,0.7100382
0,0,0.37919047
0,1,0.79897106
0,0,0.274649
0,0,0.37784508
0,0,0.26493412
0,0,0.42749292
0,0,0.27224493
0,0,0.12806928
0,1,0.61911213
0,0,0.43946415
0,0,0.23296323
0,1,0.5320001
0,1,0.6571659
0,0,0.3073836
0,0,0.4145309
0,1,0.52254975
0,0,0.22265616
0,0,0.27520987
0,1,0.6937262
0,0,0.20726192
0,1,0.75791836
1,0,0.052792247
0,1,0.7876226
0,0,0.33746132
0,1,0.66896313
1,1,0.6860342
0,1,0.70594305
0,0,0.30183703
0,0,0.2787659
0,1,0.6130836
1,0,0.2718883
0,0,0.26828957
0,0,0.379118
0,0,0.40529993
0,1,0.6124376
0,0,0.11181571
1,1,0.8206985
0,0,0.109514154
0,1,0.5852184
0,0,0.25690845
0,0,0.10705311
0,0,0.40528423
0,0,0.48244306
0,0,0.32130793
0,0,0.37094107
0,1,0.7457283
0,1,0.75472856
0,1,0.54684645
0,0,0.4743291
1,1,0.8423509
0,0,0.3183525
0,1,0.5272744
0,1,0.6848931
0,0,0.29185227
0,0,0.12819599
0,0,0.40345496
0,0,0.4731148
0,1,0.626564
0,0,0.33284175
0,0,0.20972474
0,0,0.43460146
0,0,0.42761645
0,0,0.14652586
0,0,0.36710972
0,1,0.53270525
0,1,0.5389891
0,0,0.40247595
0,0,0.04874561
0,1,0.50946814
0,1,0.7194957
0,0,0.297647
0,1,0.50065434
0,0,0.45034695
0,1,0.9025999
0,1,0.54623705
1,1,0.5930126
0,0,0.42467317
0,0,0.2881196
0,1,0.6526397
0,0,0.32761616
1,0,0.38381097
0,0,0.26309296
0,0,0.25638735
0,1,0.65092057
0,1,0.55222255
0,0,0.2667895
0,0,0.43110594
0,1,0.84007186
0,0,0.0808935
0,0,0.16266765
0,0,0.27680385
0,0,0.37389013
0,0,0.23876132
0,0,0.18953621
0,1,0.50725794
0,1,0.56935894
0,0,0.40468884
0,0,0.4219502
0,1,0.5209243
0,0,0.37548444
0,0,0.45618668
0,0,0.22862162
0,0,0.20540315
0,0,0.13736081
0,1,0.7119797
0,0,0.14469196
0,0,0.23738757
0,0,0.25856963
0,0,0.28482628
0,0,0.41928557
1,0,0.41174787
0,0,0.21981591
0,1,0.557144
0,0,0.29210228
0,0,0.17756394
0,0,0.2418722
0,0,0.13799469
0,1,0.7244081
0,0,0.41719142
0,0,0.07690946
0,0,0.06522086
0,0,0.200143
0,0,0.22672614
0,1,0.6735988
0,0,0.49051976
0,0,0.31580496
0,0,0.37966874
0,1,0.71858937
0,0,0.30902028
0,1,0.7584186
0,0,0.17534825
0,0,0.29393885
0,0,0.23978095
0,0,0.30122033
0,0,0.08184008
0,0,0.30284426
0,0,0.09209016
0,0,0.40952912
0,0,0.14687595
0,0,0.3891301
0,0,0.18444839
0,0,0.19846022
0,0,0.4389406
1,1,0.66420186
0,1,0.5220406
0,1,0.72614187
1,1,0.79961634
0,0,0.28326797
0,0,0.07810359
0,0,0.18534084
0,0,0.39067072
0,1,0.5574483
0,0,0.22494106
0,0,0.06953267
0,0,0.3353219
0,1,0.79109526
0,0,0.13117254
0,0,0.24477963
0,0,0.15993343
0,0,0.4130098
0,0,0.15142874
0,0,0.38960806
0,0,0.20954484
0,0,0.10817025
0,1,0.505449
0,0,0.34924257
0,1,0.62570256
0,0,0.45836312
0,0,0.2978763
0,0,0.41667947
0,1,0.62744397
0,1,0.6954447
0,0,0.22287077
0,0,0.23506357
0,0,0.35955533
0,0,0.09244833
0,0,0.3201128
0,0,0.16353127
0,0,0.29145443
1,1,0.7765853
0,0,0.28354806
0,0,0.49119094
0,0,0.27452776
0,1,0.5853392
0,0,0.30130276
0,0,0.18653415
0,0,0.23189396
0,1,0.5046971
0,0,0.32010123
0,0,0.4517441
0,0,0.09385509
0,0,0.07170349
0,0,0.32802287
0,0,0.44604355
0,0,0.3086043
0,0,0.24479769
0,0,0.4977133
0,1,0.5664191
0,0,0.4886277
0,0,0.15748064
0,1,0.78632915
0,1,0.7209174
1,1,0.66191024
0,1,0.6661781
0,0,0.033503696
0,0,0.37925926
0,1,0.57228315
0,1,0.58373934
0,1,0.73431253
0,0,0.16841312
0,0,0.45304352
0,1,0.50258267
0,0,0.34603912
0,0,0.3884806
1,0,0.25463727
1,0,0.16269708
0,1,0.59919894
0,0,0.2530827
0,1,0.52662337
0,1,0.81007284
0,0,0.46681812
0,0,0.19854014
1,1,0.78418225
0,0,0.11054805
0,0,0.3058258
0,0,0.31466284
0,0,0.3062375
0,0,0.20528242
0,0,0.47331575
1,1,0.6808473
0,0,0.33273348
0,1,0.8702197
0,0,0.24810433
0,1,0.7410185
0,0,0.1846247
0,0,0.30145988
0,1,0.7311736
0,0,0.4140581
0,0,0.34447515
0,0,0.08815249
0,0,0.4608574
0,0,0.12615429
0,0,0.3321522
0,0,0.24304937
0,0,0.2555981
0,1,0.5718286
0,0,0.29374498
0,1,0.7245763
0,0,0.2454468
0,1,0.55213475
0,0,0.32199234
0,0,0.24865532
0,0,0.24543437
0,1,0.522722
0,1,0.54796904
0,0,0.3024299
0,0,0.37321112
0,0,0.41393477
0,0,0.23605885
0,0,0.21558493
0,0,0.41416103
1,1,0.8735569
0,1,0.80662656
0,0,0.24334183
0,0,0.25157925
0,0,0.22161588
0,0,0.34246796
0,1,0.61282593
0,0,0.20439313
0,0,0.08725076
0,0,0.4152648
0,0,0.31848475
0,0,0.1967868
0,0,0.28682402
0,0,0.48672047
0,0,0.21996546
0,1,0.51388043
0,1,0.6877081
0,1,0.53580683
0,0,0.23423588
0,0,0.19118345
0,0,0.21807991
0,0,0.45492414
0,1,0.67672634
0,0,0.4823897
0,1,0.6535449
0,1,0.59311396
0,0,0.30222335
0,0,0.47682115
0,0,0.26995623
0,0,0.222148
0,0,0.11202376
0,0,0.12564786
0,0,0.21631676
0,0,0.20276165
0,0,0.24256657
0,0,0.23629391
0,0,0.2803154
0,0,0.41611952
0,1,0.6279414
0,0,0.41842696
0,1,0.71870387
0,0,0.35625675
0,1,0.5612596
0,0,0.43635818
0,0,0.20804836
0,0,0.40659046
0,0,0.43883368
0,0,0.15756321
1,1,0.5903619
0,0,0.35351902
0,0,0.42204827
0,0,0.25852555
0,1,0.83425784
0,0,0.124955535
0,0,0.47596052
0,0,0.23821208
0,0,0.09190687
0,1,0.5451749
1,1,0.844319
0,0,0.2946741
0,1,0.6012125
0,1,0.7683139
0,1,0.765445
0,0,0.24610864
0,1,0.5333003
0,1,0.6318156
0,0,0.0904958
0,0,0.41396555
0,1,0.56453335
0,0,0.34296006
0,0,0.24176899
0,0,0.1231236
0,0,0.27150685
0,0,0.281856
0,1,0.7616802
0,0,0.2805257
0,0,0.09276394
0,0,0.15893613
0,0,0.12102186
0,0,0.2380767
0,1,0.7025293
0,0,0.37010485
0,0,0.16048275
0,0,0.4124237
0,0,0.16516466
0,0,0.43092817
0,0,0.045264613
0,1,0.71110463
0,1,0.58225524
0,1,0.5160819
0,1,0.58060604
0,0,0.31223667
0,0,0.2674462
0,0,0.29708365
0,0,0.2572116
0,1,0.569139
0,1,0.7959283
0,1,0.7832826
1,0,0.3482823
0,1,0.6908083
0,0,0.37815085
0,0,0.42938623
0,1,0.6390937
0,0,0.46956554
0,0,0.42756274
0,1,0.77440107
0,0,0.38762218
0,0,0.47244954
0,1,0.5698058
0,1,0.595306
0,0,0.12529986
0,0,0.17068614
0,0,0.082808875
0,0,0.45074606
0,0,0.49431345
0,0,0.48201472
0,0,0.21382552
0,0,0.086542845
0,0,0.1718395
0,0,0.13980332
0,1,0.51701415
0,0,0.36902407
1,1,0.6127735
0,0,0.27500963
0,0,0.4726878
0,0,0.28539243
0,0,0.09267999
1,1,0.7956736
0,1,0.68703973
0,0,0.37864769
0,0,0.3772742
0,0,0.25762525
1,1,0.9284605
0,1,0.5828549
0,0,0.14213918
1,0,0.4962379
0,0,0.20466769
0,0,0.19891684
0,0,0.49680188
0,1,0.5693986
0,1,0.8045017
0,0,0.4399501
0,1,0.6353958
0,0,0.29391265
0,0,0.25570276
0,1,0.65268105
0,1,0.5661065
0,1,0.76383275
0,0,0.32812583
0,0,0.42962357
0,0,0.33324474
0,1,0.80760545
0,0,0.17341904
0,0,0.07248803
0,1,0.83103913
0,0,0.4355324
0,0,0.12638664
0,1,0.57617843
0,0,0.10557199
0,0,0.1794292
1,1,0.66116625
1,1,0.6813639
0,0,0.48504648
0,1,0.7681099
0,1,0.56101924
0,1,0.6467328
0,1,0.53885686
0,1,0.7772984
0,1,0.6202636
1,1,0.82621294
0,0,0.3959586
0,1,0.6893697
0,0,0.2396911
0,0,0.36575907
0,0,0.36019993
0,0,0.3674221
0,0,0.25987312
0,0,0.33953854
0,0,0.20523214
0,0,0.41871715
0,0,0.09564631
0,0,0.14197348
0,0,0.39592862
0,1,0.716682
0,0,0.3866681
0,0,0.48523194
0,0,0.46762517
0,0,0.1618202
0,0,0.49315733
0,0,0.27213052
0,0,0.4724
0,1,0.60123265
0,1,0.8119499
0,0,0.24958804
0,1,0.696092
0,0,0.3824396
0,1,0.68585795
0,1,0.65786594
0,1,0.6214159
0,0,0.456725
0,1,0.6511816
0,1,0.70880175
0,0,0.120302185
0,0,0.22161771
0,0,0.14902271
0,0,0.2541568
0,0,0.22900225
0,0,0.18863477
1,1,0.8665684
0,0,0.08870796
0,0,0.27527002
0,0,0.33582357
0,0,0.18640448
0,0,0.1793627
0,0,0.16628481
0,0,0.32565945
0,1,0.71775854
0,0,0.13391669
0,0,0.48407012
0,0,0.13520475
1,1,0.8445878
0,0,0.2289496
0,0,0.1815981
0,1,0.6432726
1,1,0.88250804
0,1,0.6056893
0,0,0.28210244
1,0,0.19361219
0,0,0.15857814
0,0,0.3632247
1,1,0.7706036
0,0,0.29008767
0,0,0.24535233
0,0,0.466418
0,0,0.19738045
0,0,0.4841947
0,1,0.5694694
0,1,0.6869256
0,1,0.8800247
0,1,0.7708553
0,1,0.55381083
0,0,0.48908797
0,1,0.68094915
1,0,0.3211066
0,1,0.59942144
0,0,0.3949058
0,1,0.5384413
0,0,0.4451452
0,1,0.5010788
1,1,0.84091526
0,1,0.53882176
0,0,0.45258087
0,0,0.4444958
0,0,0.3077594
0,1,0.8291954
0,0,0.23806275
0,1,0.5248633
0,0,0.23254642
0,0,0.29548144
0,1,0.5563327
0,0,0.088237755
0,0,0.398486
0,0,0.12428133
0,0,0.10270004
0,1,0.7048192
0,1,0.6942158
0,0,0.3039095
0,0,0.31421012
0,0,0.2120659
0,1,0.5513344
0,0,0.43423188
0,0,0.379409
0,0,0.4063885
0,0,0.34800732
0,0,0.22534299
0,1,0.7983931
0,0,0.39661008
0,0,0.11507239
0,1,0.7409032
0,0,0.21087898
1,1,0.89227545
0,0,0.47921067
0,1,0.79459214
0,0,0.16814597
0,0,0.16225785
0,1,0.64355415
0,0,0.22445601
0,0,0.3688834
0,1,0.8821118
0,0,0.29665813
0,0,0.16477476
1,0,0.22711974
0,1,0.74265635
0,0,0.48653913
0,0,0.16110437
0,0,0.41637173
1,1,0.5067239
0,0,0.45485386
0,0,0.3810451
0,0,0.42673242
0,0,0.24495845
0,0,0.49588624
0,0,0.24240552
0,0,0.26455328
0,1,0.5137104
0,0,0.15039565
0,1,0.79620093
0,0,0.38329014
0,0,0.35880622
1,1,0.843639
0,0,0.30377334
0,1,0.709908
0,0,0.41885024
0,0,0.3087537
0,0,0.32451198
0,1,0.6554213
0,0,0.05724268
0,0,0.14689988
1,1,0.9186914
0,1,0.6836215
0,0,0.18226585
0,0,0.23987469
0,1,0.7952173
1,1,0.707964
0,1,0.61884004
1,1,0.68803895
0,1,0.6525661
0,0,0.4593305
0,0,0.054257732
1,1,0.76076746
0,0,0.30901456
0,0,0.31608316
0,0,0.1895246
0,1,0.5384334
0,0,0.33437476
0,0,0.46085957
0,1,0.6641377
0,0,0.43909523
0,1,0.78176194
0,1,0.56308126
0,0,0.25954175
0,0,0.13596438
0,0,0.18602838
0,0,0.1326442
0,0,0.16428967
0,1,0.5366209
0,0,0.47326416
1,0,0.36441535
0,0,0.22858062
0,0,0.3561334
0,1,0.6977453
0,0,0.12093998
0,0,0.28414518
0,0,0.3382949
0,0,0.4966267
0,0,0.16830295
0,0,0.12039443
1,0,0.3686632
0,0,0.29729787
0,0,0.23300503
0,0,0.17425776
0,0,0.23618601
0,1,0.50649714
0,1,0.59474707
0,1,0.74004275
0,0,0.36233246
0,1,0.5367535
0,0,0.25172812
0,1,0.6673459
0,0,0.3922985
0,0,0.29990995
1,0,0.43080547
0,0,0.4019816
0,0,0.07501882
0,0,0.47845227
0,1,0.7056444
0,0,0.2490619
0,0,0.3708701
1,1,0.61322135
0,0,0.35766724
0,1,0.6494466
0,1,0.81862646
0,0,0.39219916
0,1,0.50023097
0,0,0.28979823
0,0,0.38151437
0,0,0.27368417
0,1,0.5765727
0,0,0.4785055
0,0,0.46532
0,0,0.14646474
0,0,0.3761482
0,1,0.65025675
0,0,0.20293951
0,0,0.13876778
0,0,0.2147457
0,1,0.6134587
0,0,0.4692485
0,0,0.07119869
1,1,0.729196
0,0,0.09330226
0,0,0.4490737
0,0,0.38744137
0,0,0.36395532
0,0,0.31386212
0,0,0.36124355
0,1,0.7524751
0,1,0.6331153
0,0,0.38888308
0,0,0.20317061
0,1,0.5365458
1,0,0.423771
0,0,0.316288
0,0,0.20143037
0,0,0.48207298
0,0,0.4397035
1,0,0.37395868
0,0,0.17186485
0,1,0.57755125
0,1,0.7545029
1,1,0.8151982
0,0,0.4336652
0,0,0.097963646
0,0,0.36977774
0,0,0.22624928
0,0,0.38950002
0,0,0.2164356
0,0,0.41211092
0,1,0.5132893
0,0,0.13229653
0,1,0.6332054
0,0,0.1693124
0,0,0.018091125
0,0,0.24353305
0,0,0.22491235
1,1,0.60142
0,0,0.123157285
0,1,0.8468553
0,1,0.5262737
0,0,0.11607026
0,0,0.23335601
0,0,0.17428206
0,0,0.40823942
0,0,0.37755835
0,0,0.42737845
0,1,0.6569454
0,0,0.17816168
0,1,0.5840481
0,1,0.5923565
0,0,0.08955239
1,0,0.46171123
0,1,0.60002124
0,0,0.48042044
0,0,0.2030567
0,0,0.35385233
1,1,0.5474896
0,0,0.27675527
0,1,0.8781589
0,1,0.5914605
0,0,0.04618288
1,0,0.353105
0,1,0.80395246
0,0,0.49327356
0,1,0.50550133
0,0,0.21459676
0,0,0.45085508
0,0,0.34339464
0,0,0.2331252
0,0,0.18068033
0,0,0.07755785
0,0,0.47625273
0,0,0.46880263
0,1,0.5684044
0,1,0.761117
0,0,0.38421425
0,0,0.48539504
0,0,0.3387079
0,0,0.18261859
0,1,0.7510786
0,0,0.34685743
1,1,0.80454296
0,0,0.24706571
1,1,0.5184659
0,1,0.7732236
0,0,0.07272477
0,0,0.2518149
0,0,0.20220803
0,0,0.29895526
0,1,0.5952653
0,0,0.07446379
0,1,0.8035328
0,0,0.44048515
0,1,0.54882175
0,1,0.8804865
0,0,0.05927664
0,0,0.33185795
0,1,0.68246764
0,1,0.6756686
0,0,0.14675397
0,0,0.33213642
0,0,0.3102004
0,0,0.41001266
0,1,0.5316112
0,0,0.20668499
0,0,0.1842971
0,0,0.4241566
0,0,0.25321138
0,0,0.09587937
0,0,0.43197194
0,0,0.47135314
0,0,0.4046586
0,0,0.1301982
0,0,0.4569707
0,1,0.5774656
0,1,0.5618433
0,0,0.4747085
0,0,0.43879613
0,0,0.16823642
0,0,0.24542016
1,0,0.44863194
0,0,0.4331322
0,1,0.50907147
0,0,0.2877054
0,0,0.05399461
0,1,0.576364
0,1,0.69640535
1,0,0.3171846
0,0,0.32738438
0,0,0.2728075
0,0,0.123248234
0,1,0.50329566
0,1,0.5298542
0,0,0.24815054
0,0,0.2537363
0,1,0.75976115
0,0,0.17293486
0,0,0.1369487
0,1,0.7085706
0,0,0.4652397
0,1,0.56497777
0,0,0.44569778
0,0,0.07781035
0,0,0.27763966
0,0,0.23010229
0,0,0.34386778
0,0,0.15780337
0,1,0.60692227
0,1,0.5881517
0,0,0.4112375
0,1,0.79788935
0,0,0.36744457
0,0,0.2907978
0,0,0.2625459
0,1,0.75188243
0,0,0.13990155
0,0,0.28887802
0,0,0.14308974
0,0,0.27115592
0,1,0.7059104
0,1,0.56647426
0,1,0.6650062
0,0,0.14748421
1,1,0.7535669
0,1,0.6251702
0,0,0.26779318
0,0,0.13075589
0,0,0.2662245
0,1,0.50909734
0,1,0.74019027
0,0,0.19691911
0,0,0.1298663
0,0,0.29683372
0,0,0.29779127
0,0,0.09934908
0,0,0.47805962
0,1,0.65889883
0,0,0.11377727
0,0,0.15734763
0,1,0.7425667
0,0,0.20671852
0,0,0.16343445
1,1,0.6078405
0,0,0.20190942
0,0,0.29533076
0,0,0.34113204
0,0,0.17632012
0,0,0.103698626
0,0,0.08763196
0,1,0.60541415
0,0,0.47831
0,0,0.36679128
0,0,0.1683445
1,1,0.65363604
0,0,0.06312584
0,1,0.690612
0,1,0.54776925
0,0,0.34691826
0,0,0.3144877
1,1,0.74944806
0,0,0.3306335
0,0,0.13348816
0,0,0.44167507
0,1,0.60563785
0,0,0.43804586
0,0,0.39017135
0,0,0.38182116
0,0,0.38662913
0,0,0.45447516
0,1,0.6547972
0,0,0.3991845
0,0,0.2669483
0,0,0.29494122
0,0,0.41453555
0,0,0.13652043
0,0,0.16121864
0,0,0.14256003
0,0,0.2065529
0,1,0.61263967
0,0,0.44033894
0,0,0.08787982
0,1,0.69112825
0,1,0.5322846
0,1,0.70709765
0,1,0.5714912
0,1,0.5466031
0,0,0.23009872
0,1,0.51980424
0,0,0.16860276
0,0,0.15139316
1,1,0.76533693
0,0,0.31642643
0,0,0.39841852
0,0,0.38759267
0,1,0.57652247
0,1,0.6507344
0,0,0.4717237
0,0,0.4936041
1,1,0.8416354
0,0,0.3089745
0,1,0.73207134
0,1,0.60046905
0,0,0.4816109
1,1,0.5974685
0,0,0.39468092
0,1,0.6911063
0,0,0.15532449
0,1,0.55995363
0,0,0.14152989
0,1,0.5038323
0,0,0.27288434
1,1,0.6972906
0,0,0.20648623
0,0,0.42297024
0,0,0.2874789
0,0,0.42317644
1,1,0.75916463
0,1,0.61970264
0,0,0.46949354
0,0,0.34234306
0,0,0.17224945
1,0,0.43307212
0,0,0.18759245
0,0,0.38132823
0,0,0.46580946
0,0,0.43825504
0,0,0.22294739
0,0,0.41598916
0,0,0.2512372
0,1,0.56135803
0,0,0.345197
0,0,0.13762484
0,0,0.2434854
0,0,0.10672868
0,1,0.58363885
0,1,0.784433
0,0,0.09982335
0,0,0.32665643
0,0,0.23671533
0,0,0.32552338
0,0,0.38624537
0,1,0.6267589
0,0,0.30269992
0,0,0.24019422
0,1,0.5682735
0,0,0.18725301
0,0,0.11409277
0,0,0.21459891
0,1,0.535743
0,0,0.14358683
0,0,0.08728571
0,1,0.597389
0,1,0.5184232
0,1,0.66108334
0,0,0.30209896
0,0,0.46655267
0,0,0.4611296
1,0,0.15605219
0,1,0.9106076
0,0,0.20720732
0,1,0.665073
0,1,0.7299403
0,0,0.088885315
0,0,0.16875678
0,0,0.27544993
0,0,0.32862478
0,1,0.6848163
0,0,0.35459143
0,1,0.53139687
0,1,0.5461033
1,1,0.70722973
0,1,0.7352324
0,0,0.32958478
1,1,0.7060047
1,0,0.3007806
0,0,0.0634179
0,1,0.6160953
0,0,0.102177404
0,0,0.32134253
0,0,0.19099464
0,0,0.09680051
0,0,0.43489736
0,0,0.2989585
0,1,0.5677264
1,0,0.11290542
0,0,0.06979327
0,0,0.15193051
0,0,0.45155084
0,1,0.63717955
0,1,0.6504502
0,1,0.6982758
0,1,0.63015574
0,0,0.43002346
1,1,0.6223108
0,0,0.21307722
0,0,0.3448493
0,0,0.40347913
0,0,0.11499281
0,0,0.18675493
0,0,0.1736394
0,1,0.631384
0,1,0.5460058
0,1,0.51509637
0,1,0.7369232
0,1,0.518996
0,0,0.26759902
0,0,0.1376756
0,0,0.39935926
0,0,0.24495596
0,1,0.5186281
0,0,0.4103586
0,0,0.29453498
0,0,0.11937868
0,0,0.37917703
0,0,0.33824313
0,1,0.7916062
0,0,0.2375594
1,1,0.543476
1,1,0.7857546
0,0,0.29132417
0,0,0.2399099
0,0,0.3076564
0,0,0.19033958
0,0,0.4908344
0,0,0.41513458
0,1,0.5369625
0,0,0.32747325
0,1,0.7142609
0,0,0.44984844
0,0,0.28144598
0,0,0.33801988
0,1,0.58534694
0,0,0.35004148
0,0,0.14566797
0,0,0.40039322
0,1,0.6807263
0,0,0.36759365
0,0,0.20358925
0,0,0.32553008
0,0,0.21904929
0,0,0.3017903
0,1,0.87903315
0,1,0.6186702
0,1,0.7781103
0,0,0.0756969
0,0,0.2504807
0,0,0.49760565
0,0,0.49974322
0,0,0.40911713
0,0,0.3432725
0,0,0.20797227
0,0,0.20604673
0,1,0.68962395
0,0,0.4137022
0,0,0.10647598
0,0,0.25612083
0,1,0.5048689
0,0,0.4485861
0,1,0.7849342
0,1,0.53762937
0,0,0.44185695
0,0,0.30490315
0,0,0.072063066
0,0,0.49346763
0,1,0.52470165
0,1,0.66483927
0,1,0.6685032
1,1,0.69416374
0,1,0.6147899
0,1,0.7620953
0,0,0.19565704
0,0,0.18123566
1,1,0.8237349
0,0,0.36925325
0,0,0.41267183
0,1,0.63028747
0,0,0.16900802
0,1,0.67637336
0,0,0.09846564
0,0,0.07009577
0,1,0.7231565
1,1,0.516915
0,1,0.6431986
0,0,0.38315693
0,1,0.5902457
0,0,0.34846675
0,0,0.28581128
0,0,0.20530169
0,0,0.13713305
0,0,0.078436226
0,0,0.26315844
0,0,0.40164652
0,1,0.6279124
0,0,0.18135062
0,0,0.22028433
0,0,0.3689907
0,1,0.7197182
0,0,0.2719136
0,1,0.608569
0,1,0.7944846
0,0,0.44893417
0,0,0.040824357
0,0,0.1820657
0,0,0.48923448
1,1,0.55278593
0,0,0.20513599
0,0,0.1911347
0,1,0.7140606
0,0,0.20461456
0,0,0.11068902
0,1,0.7226033
0,0,0.43031946
0,1,0.7891471
0,1,0.5483569
0,0,0.3536632
0,0,0.29912224
0,1,0.6111355
0,0,0.3201312
0,0,0.45372695
0,0,0.43303767
0,1,0.6174038
0,0,0.34212437
0,0,0.47078145
0,1,0.5374402
0,1,0.647677
0,0,0.25351492
1,0,0.21151496
0,0,0.30852142
0,0,0.23181531
0,0,0.38386697
0,0,0.28495643
0,1,0.5376911
0,0,0.48310477
0,0,0.39960602
0,0,0.30173072
0,1,0.5139208
0,0,0.29223293
0,0,0.17675671
0,0,0.33446285
0,0,0.12664062
0,0,0.29216024
0,0,0.29347143
0,0,0.36086118
0,0,0.113919556
0,1,0.7574862
0,1,0.5656002
0,0,0.25061262
1,1,0.88975817
0,0,0.21444805
0,1,0.50455225
0,1,0.5107692
0,0,0.21796045
0,1,0.533423
1,0,0.47196475
1,1,0.72209924
0,1,0.5221006
0,0,0.06736818
1,1,0.73560226
0,0,0.3693853
0,0,0.4491887
0,0,0.40101993
0,0,0.30293953
0,0,0.27309066
0,1,0.5673571
1,1,0.5630984
0,1,0.5280719
0,0,0.28735048
0,0,0.043475464
0,1,0.5550254
0,0,0.2725748
0,1,0.6853676
0,0,0.312011
0,1,0.52370876
0,0,0.4206426
0,1,0.61998975
0,1,0.50535506
0,1,0.6438467
0,0,0.21488234
0,0,0.497178
0,0,0.24662498
0,0,0.3565806
0,1,0.7115429
1,1,0.6026231
0,0,0.29767433
0,0,0.14118105
0,1,0.5071142
0,0,0.22102137
0,0,0.23757625
0,0,0.20117418
1,1,0.73823965
0,0,0.3383249
0,0,0.22554076
0,0,0.46664083
0,0,0.12614956
0,1,0.6443406
0,0,0.15001248
0,1,0.5635629
0,0,0.2145766
0,0,0.2835664
0,0,0.13449723
0,1,0.71545255
0,1,0.7359621
0,0,0.39313576
1,0,0.20896904
0,0,0.32279977
0,0,0.40821835
0,0,0.48692486
0,0,0.31940973
0,0,0.3000912
0,1,0.80390537
0,0,0.19502044
0,0,0.36862555
0,0,0.09454726
0,0,0.42652115
0,0,0.3213945
0,1,0.7317068
0,0,0.2505938
0,0,0.48172402
0,0,0.40628144
0,1,0.5952423
0,1,0.7352224
0,0,0.2736235
0,0,0.3698872
0,1,0.627051
0,0,0.39643586
0,0,0.13831617
0,0,0.2353986
0,0,0.4537812
0,0,0.06500387
0,0,0.22931121
0,0,0.11509675
0,1,0.50564796
0,1,0.5335515
0,0,0.44546214
0,1,0.68782043
0,0,0.41682863
1,1,0.785622
0,0,0.28332925
0,1,0.57700646
0,0,0.057975836
0,0,0.3620143
0,0,0.4170264
1,1,0.579474
0,1,0.51655734
0,1,0.62474
0,1,0.5741344
0,0,0.17399113
0,0,0.348024
0,0,0.48529857
0,0,0.40945637
0,0,0.13606642
0,0,0.37672934
0,1,0.6696705
1,1,0.50332904
0,0,0.17253692
0,0,0.2776622
0,1,0.67694145
0,0,0.25839028
0,0,0.39561254
0,0,0.07292588
0,0,0.058938287
0,0,0.26795775
0,0,0.37858555
0,0,0.44221023
0,0,0.3877921
0,0,0.47318795
0,1,0.673101
0,0,0.3256377
0,1,0.883648
0,0,0.44350734
0,1,0.51895314
0,0,0.3069131
0,0,0.47730014
0,0,0.27818128
0,0,0.3817464
0,0,0.11561587
0,0,0.24617736
0,1,0.63295937
0,1,0.7938117
1,1,0.7845162
0,0,0.12533864
0,0,0.44643646
0,1,0.66391367
0,0,0.25725368
0,0,0.21373805
0,0,0.26957688
0,0,0.40801036
0,1,0.7841364
0,0,0.18396781
0,0,0.15347147
0,1,0.5001816
0,1,0.6407573
0,1,0.69112223
0,1,0.8161528
0,0,0.27862397
0,0,0.090802014
0,0,0.44687542
0,1,0.5384956
0,1,0.8352212
0,0,0.42874172
0,1,0.6170218
0,0,0.2884587
0,0,0.30006677
0,0,0.24171086
0,0,0.1406132
0,0,0.27075207
0,1,0.89481103
0,1,0.85772157
0,1,0.50591475
0,1,0.7045034
0,0,0.4630501
0,0,0.47664657
0,1,0.53295696
0,0,0.44483605
0,1,0.6061516
0,0,0.31333634
0,0,0.30213535
0,0,0.40285113
0,0,0.26810277
0,0,0.23561017
0,0,0.43026322
0,0,0.4648341
0,0,0.34880388
0,0,0.3719867
0,0,0.24639377
0,0,0.42957613
0,1,0.52016723
0,1,0.7162107
0,1,0.9017034
0,0,0.44468758
0,1,0.8427152
0,0,0.26023427
0,0,0.2809418
0,0,0.18622544
0,0,0.329147
0,0,0.39178273
0,0,0.36338553
0,0,0.10114613
1,1,0.7965243
0,1,0.61247945
0,0,0.08701693
0,0,0.46393585
1,1,0.82238096
0,0,0.13899311
0,1,0.6341799
0,0,0.25171512
1,1,0.7746318
0,0,0.29733342
0,1,0.5649545
0,1,0.5011366
0,0,0.22010684
0,0,0.06911109
0,0,0.18309322
0,0,0.16797654
0,0,0.112415336
0,1,0.78161633
0,0,0.124983475
0,1,0.73310304
0,0,0.2754459
0,0,0.41163453
0,0,0.44089252
0,0,0.26062638
0,0,0.23016489
0,0,0.275164
0,1,0.5232311
0,1,0.5945018
0,1,0.73581845
0,0,0.49618015
0,0,0.103251696
0,0,0.37506214
0,0,0.17990017
0,0,0.3899775
0,0,0.4051126
0,0,0.29540834
0,0,0.11007966
0,0,0.30086473
0,1,0.5239345
0,0,0.26913437
0,0,0.45626056
1,1,0.820486
0,0,0.17955586
0,0,0.17377453
0,0,0.3935065
0,1,0.6415313
0,0,0.3236333
0,0,0.35015443
0,1,0.7871446
0,1,0.84652364
0,0,0.29803455
0,1,0.51944155
0,0,0.3921819
0,0,0.33488062
0,1,0.5486051
0,0,0.46051264
0,0,0.1099066
0,0,0.17643401
0,1,0.7265823
1,0,0.4067677
0,0,0.27103025
0,0,0.4562031
0,0,0.0766981
0,0,0.37738347
1,1,0.7566916
0,0,0.050712604
0,0,0.40298736
0,0,0.43936855
0,1,0.75460654
0,1,0.7107625
0,0,0.19744933
0,1,0.77128285
0,0,0.49741903
0,0,0.39560777
0,1,0.5818444
0,0,0.41962376
1,1,0.79583144
0,0,0.37606135
0,0,0.14548649
0,1,0.8186226
0,0,0.24452457
0,0,0.15926681
0,1,0.6027327
0,1,0.58100367
0,0,0.38225725
0,0,0.3384581
0,1,0.5187047
1,0,0.15629995
0,0,0.38493112
0,0,0.36463198
0,0,0.49064657
1,1,0.5781363
0,0,0.19549409
0,0,0.16724537
0,0,0.15567681
0,0,0.23384306
0,0,0.120179445
0,1,0.8431344
0,0,0.21185994
0,0,0.104647376
0,1,0.7945401
0,1,0.53680813
0,0,0.2883996
0,1,0.8776182
0,0,0.2878192
0,0,0.47538406
0,0,0.22120824
0,0,0.29801014
0,0,0.32003173
0,0,0.3538547
0,0,0.22533846
0,0,0.23713693
0,1,0.59963244
1,1,0.6672728
0,1,0.77571887
0,0,0.45704004
0,0,0.31162006
1,1,0.86575246
0,1,0.64801306
0,0,0.11890655
0,0,0.1933359
0,0,0.1323902
0,1,0.5555131
0,0,0.121414125
0,1,0.60674834
0,0,0.49069592
0,0,0.3250113
0,0,0.49699584
0,0,0.22113404
0,0,0.11448143
0,0,0.09008719
0,1,0.7305606
0,1,0.74026936
0,1,0.6785668
1,1,0.61498916
0,1,0.66296315
0,1,0.90271974
1,0,0.4521297
0,0,0.2675317
0,1,0.5812369
0,0,0.35724553
0,0,0.11870061
0,0,0.3287106
0,0,0.375844
0,0,0.058855716
0,0,0.21141677
0,1,0.6952471
0,1,0.57248205
0,1,0.5925808
0,1,0.76620257
0,0,0.10337998
0,0,0.22788922
0,0,0.15701766
0,1,0.81954503
0,0,0.19317617
0,0,0.41853148
0,0,0.116827264
0,0,0.17117007
0,0,0.3025437
0,0,0.4451716
0,0,0.40112922
0,1,0.64610326
0,1,0.862232
0,0,0.3381449
0,0,0.07561567
0,0,0.41014275
0,0,0.3651046
0,1,0.5007655
0,0,0.18363655
0,0,0.2624397
0,0,0.2673694
0,0,0.23993175
0,1,0.81239116
0,0,0.3698922
0,0,0.35436726
0,0,0.35856315
0,1,0.55401343
0,1,0.63488024
0,0,0.09221751
1,1,0.66160345
0,0,0.26526523
0,0,0.11937887
0,1,0.62504107
0,0,0.3967998
0,0,0.07284575
0,0,0.08845186
0,1,0.5357335
0,1,0.54062474
0,0,0.21507408
0,1,0.66772455
0,0,0.2924466
0,0,0.25130564
0,1,0.57331395
0,0,0.20565064
0,0,0.13155212
1,1,0.85523516
0,1,0.6111717
0,1,0.57854146
1,1,0.84566593
0,1,0.70630395
1,1,0.55123115
0,0,0.45122167
0,0,0.19698507
0,0,0.18622595
0,0,0.24172567
0,0,0.15131198
0,1,0.8550543
0,0,0.26995522
0,0,0.35623708
0,0,0.29724044
0,0,0.21313079
0,0,0.1278987
0,0,0.3465324
0,0,0.14261544
0,0,0.19443019
0,1,0.55706555
0,1,0.645946
0,0,0.25032905
0,0,0.24188398
0,0,0.43253383
0,0,0.3585477
0,0,0.3972921
1,1,0.7973342
0,1,0.5271902
0,0,0.23973082
0,0,0.40309483
0,0,0.2009346
0,0,0.1334579
0,0,0.15200146
1,0,0.38183033
0,0,0.43798625
0,0,0.3452038
0,0,0.22802375
0,1,0.6439909
0,0,0.37559488
0,0,0.16247916
0,1,0.6171789
0,0,0.35297596
1,1,0.67238426
0,0,0.22901773
1,0,0.1826841
0,0,0.093166344
0,0,0.28312248
0,0,0.18981828
0,0,0.31016862
0,0,0.041331463
0,1,0.5591084
0,0,0.37859225
0,0,0.1006812
0,1,0.5831195
0,0,0.25989446
0,0,0.2579568
0,0,0.179823
0,0,0.14261015
0,0,0.3569792
0,0,0.11886997
0,0,0.17638129
0,0,0.067372635
0,0,0.24777819
0,0,0.21620141
0,1,0.5938562
0,0,0.26147813
0,0,0.08114307
0,0,0.051061686
0,0,0.42386368
0,0,0.22469123
0,1,0.7481019
0,0,0.3136427
0,0,0.3262497
0,0,0.3637378
0,0,0.48963964
0,0,0.48332086
0,0,0.43215734
0,0,0.41673297
0,0,0.29843983
0,0,0.14787707
1,0,0.17556393
0,0,0.31591383
0,0,0.3580853
0,0,0.3620391
0,0,0.42015323
0,0,0.20755123
0,0,0.22460693
0,1,0.75542045
0,0,0.15261382
0,0,0.43801886
0,0,0.13312916
0,0,0.11942855
0,1,0.5429002
0,0,0.39265937
0,1,0.5553933
0,1,0.58837473
0,1,0.6713735
0,1,0.57435614
0,0,0.33781245
0,0,0.18109107
0,0,0.34563985
0,0,0.24398738
1,1,0.519671
0,1,0.6868281
0,0,0.45615983
0,1,0.67809516
1,0,0.3067914
0,1,0.58052456
0,0,0.251206
0,0,0.31038934
0,0,0.20169982
0,0,0.30812812
0,1,0.66449165
1,1,0.8706933
0,0,0.10462839
0,1,0.660193
0,1,0.72864217
0,1,0.5977206
0,0,0.12567426
0,0,0.16363452
0,0,0.3855246
1,0,0.4521042
0,0,0.36977032
1,0,0.4809291
0,0,0.38066837
0,1,0.5694421
0,1,0.61110544
0,0,0.29056823
0,0,0.18896748
0,0,0.16721308
0,0,0.2168469
0,0,0.1234676
0,0,0.45827243
0,1,0.66792303
0,0,0.19979629
0,0,0.44326615
0,0,0.4004021
1,1,0.55388457
0,0,0.30465966
0,0,0.15358983
0,1,0.745854
0,0,0.492191
0,1,0.60314053
0,0,0.11232771
1,1,0.7813468
0,1,0.56476593
0,1,0.53029454
0,0,0.21670502
0,1,0.5713205
0,0,0.12641893
0,1,0.69697946
0,1,0.56242764
0,1,0.6397765
0,0,0.3515297
0,1,0.65105295
0,0,0.33484158
0,1,0.57446367
0,1,0.64192027
0,0,0.11286593
0,0,0.13454874
0,0,0.18853195
0,1,0.57843703
0,1,0.5345342
0,0,0.1864894
0,0,0.2763178
0,0,0.107823625
0,0,0.42030066
1,0,0.17887461
1,0,0.30980286
0,1,0.5177957
0,0,0.27016336
0,0,0.2879182
0,0,0.083576426
0,1,0.5269625
0,0,0.44406143
0,0,0.14787547
0,1,0.5123141
1,0,0.4908633
0,0,0.21482864
0,0,0.38466197
0,1,0.5177129
0,0,0.09392297
0,0,0.15800908
0,0,0.30759302
0,1,0.5632206
0,1,0.754402
0,1,0.85953844
0,1,0.50255394
0,1,0.5696486
0,0,0.29302117
0,0,0.115194105
0,0,0.33853474
0,1,0.5108139
0,1,0.59291756
0,1,0.7120738
0,0,0.41910535
0,0,0.41389865
0,0,0.39248085
0,1,0.8669849
0,1,0.5217681
0,0,0.320743
0,0,0.42665052
0,0,0.14126486
1,0,0.46697542
0,0,0.25712338
0,1,0.5211575
0,0,0.4752609
0,1,0.5675047
0,1,0.76553434
0,1,0.55270755
0,1,0.74205625
0,0,0.16362755
0,0,0.28343016
0,0,0.05156712
0,0,0.4876275
0,0,0.39108932
0,1,0.54808646
0,0,0.33915988
0,1,0.62248677
0,0,0.42656705
0,0,0.3408565
0,0,0.41184932
0,0,0.24876906
0,0,0.2340019
0,0,0.152502
0,0,0.46459797
0,0,0.49847165
0,1,0.7746068
0,0,0.4975391
0,0,0.22778498
0,0,0.44979137
0,0,0.2901797
0,0,0.43845224
0,0,0.23571588
0,1,0.6442802
0,1,0.620231
0,0,0.33128488
0,0,0.41082332
0,0,0.38353014
0,0,0.19066344
0,1,0.5722451
0,0,0.15088923
0,0,0.26875576
0,0,0.2858513
0,0,0.22483273
0,1,0.69979525
1,0,0.3868447
0,1,0.6583972
0,0,0.32862496
1,1,0.502461
0,1,0.509633
0,0,0.16435595
0,1,0.52401835
1,1,0.80205005
0,0,0.1461279
0,0,0.25517565
0,0,0.18817598
0,0,0.40678638
0,0,0.32237494
0,1,0.7034541
0,0,0.35747796
0,1,0.63094026
0,1,0.8367519
1,1,0.5279372
0,0,0.3026682
0,0,0.3646458
0,0,0.44782665
0,0,0.27491793
0,0,0.04850861
0,0,0.43004727
0,0,0.2463598
0,0,0.22710986
0,1,0.644178
0,0,0.22170062
0,1,0.50372714
0,0,0.41451684
0,1,0.5492641
0,0,0.15255238
0,0,0.20082201
0,0,0.2532947
0,1,0.6470528
0,1,0.50709957
0,1,0.7946622
0,0,0.22287664
0,1,0.7428048
0,0,0.22010075
0,0,0.44168347
0,1,0.70774555
0,0,0.48103997
0,0,0.2866193
1,1,0.84223074
0,0,0.48457378
0,0,0.09255758
0,0,0.4357722
0,0,0.14535843
0,1,0.58729744
0,0,0.43805355
0,0,0.1717652
0,0,0.09097238
0,0,0.37448958
0,0,0.20328867
0,0,0.4558183
1,1,0.7824117
0,0,0.36892578
0,0,0.13628991
0,0,0.41890308
0,0,0.09531817
0,0,0.21337493
0,0,0.050323453
0,1,0.77917737
0,0,0.1724446
0,0,0.267937
0,1,0.67388684
0,0,0.16448012
0,1,0.6513628
0,1,0.55368274
0,1,0.5229099
0,1,0.5370312
0,1,0.65226895
0,0,0.20711696
0,0,0.4750976
0,0,0.19336136
0,0,0.47367704
1,1,0.68868726
0,0,0.408804
0,1,0.8006041
0,0,0.22975262
0,0,0.20160197
0,0,0.20408688
0,0,0.12681228
0,1,0.6514844
0,0,0.40290132
0,0,0.4421654
0,0,0.19727875
0,1,0.60080254
0,0,0.26521325
0,0,0.058305692
0,0,0.11793232
0,0,0.12198549
0,1,0.54834837
0,0,0.21156466
0,0,0.2138022
0,0,0.22191371
0,1,0.52665174
0,1,0.6995699
0,0,0.26911417
0,0,0.38784844
0,1,0.70146674
0,0,0.4165158
0,0,0.31111893
0,0,0.42183372
0,0,0.12966841
0,0,0.31162056
1,1,0.61822164
0,0,0.22887918
0,0,0.4691839
0,1,0.55615485
0,0,0.3565791
0,0,0.41995502
0,0,0.38495293
1,1,0.79675895
0,0,0.06711145
0,1,0.85245794
0,0,0.33801612
0,0,0.24976449
0,0,0.24985123
0,0,0.13013999
0,0,0.25213712
0,1,0.6661593
0,1,0.62733376
0,0,0.49291936
0,0,0.28621617
1,1,0.81117904
0,1,0.6264908
0,0,0.11403202
0,0,0.33102247
0,0,0.15887178
0,1,0.683617
0,0,0.21407928
0,0,0.2022175
0,0,0.054484088
0,0,0.107414
0,0,0.13011435
0,1,0.52774304
0,0,0.27259347
0,0,0.43666613
0,0,0.22082195
0,0,0.09575977
0,0,0.263136
0,0,0.3999913
0,0,0.47520256
0,1,0.5165359
0,0,0.13382003
0,1,0.58173037
0,0,0.3547459
0,0,0.27915838
0,0,0.12201165
0,0,0.14581372
0,0,0.2412545
0,0,0.417201
0,0,0.46197477
1,1,0.8302439
0,0,0.37600815
0,0,0.49497566
0,1,0.5139814
0,0,0.4542066
0,1,0.75099075
0,0,0.24090065
0,0,0.39189222
0,0,0.1633081
0,0,0.19062735
0,1,0.5207272
0,0,0.10388021
0,1,0.6179656
0,0,0.058330163
0,0,0.24218868
0,1,0.7466938
1,0,0.19483654
0,0,0.22713318
0,0,0.4952838
1,1,0.7431115
0,0,0.12306486
0,0,0.48188004
0,0,0.3184566
0,0,0.20678085
0,0,0.43094093
0,0,0.42115325
0,1,0.80620927
1,0,0.4372214
0,0,0.15154558
0,0,0.34883016
1,0,0.37920186
0,0,0.1904311
0,0,0.07087323
0,0,0.2688264
0,0,0.1327538
0,1,0.6335583
0,0,0.37196666
0,0,0.19822316
0,0,0.14636001
1,0,0.48961425
0,0,0.39459246
0,0,0.40748635
0,0,0.41771784
1,1,0.7876225
0,0,0.42701182
0,0,0.37954056
0,0,0.2816429
0,1,0.5054312
0,0,0.39905915
0,1,0.7559147
0,1,0.6707324
0,0,0.33055082
0,0,0.3294611
0,0,0.27401447
0,0,0.35237107
0,0,0.38112703
0,0,0.3762268
1,0,0.46316597
0,0,0.07667366
0,1,0.6864247
0,1,0.58776164
0,0,0.32983723
0,0,0.3011695
0,1,0.61346036
0,1,0.57029724
0,0,0.25890535
1,1,0.71131694
0,0,0.2989986
0,0,0.17697759
0,0,0.23912129
0,0,0.08195508
0,0,0.06569564
0,1,0.82878
0,0,0.3142808
0,0,0.4045319
1,0,0.205046
0,0,0.3498731
0,0,0.107897915
0,0,0.37825766
0,1,0.5553647
0,0,0.43904418
0,0,0.3589146
0,0,0.48369578
0,0,0.05288324
0,0,0.20512328
0,0,0.26408812
0,0,0.34126508
0,0,0.37323457
0,0,0.2926973
0,1,0.62766284
0,0,0.2135133
0,0,0.260919
0,0,0.44192064
0,1,0.5862866
0,0,0.20653684
0,1,0.56587315
0,1,0.75228876
0,0,0.35019958
0,0,0.37997237
0,0,0.45020223
0,0,0.22062391
1,0,0.34589106
0,0,0.31219682
0,0,0.2662527
0,0,0.29149514
0,1,0.66383684
0,0,0.31699467
0,0,0.13821949
1,1,0.70124793
0,1,0.6419943
0,0,0.13219082
0,0,0.3457029
0,0,0.101502895
0,0,0.18194501
0,1,0.67494106
0,0,0.265662
0,0,0.11670089
0,1,0.6692305
0,0,0.35913453
0,1,0.68294454
0,1,0.74351645
0,0,0.38965076
0,1,0.60721254
0,0,0.23678643
0,1,0.82016087
0,1,0.5635047
0,0,0.2435203
0,0,0.14923784
0,1,0.6044997
0,0,0.3198454
0,0,0.42821527
0,0,0.29410282
0,0,0.11050129
1,1,0.5400595
0,1,0.86850315
0,1,0.8003402
0,0,0.3084375
0,1,0.60872835
0,0,0.29296505
1,1,0.7060806
0,0,0.32920805
0,0,0.491701
0,1,0.5623032
0,1,0.5433678
0,0,0.44317567
0,1,0.60819197
0,0,0.21000943
0,0,0.21793428
0,0,0.078246824
0,0,0.4425008
0,0,0.36176363
0,0,0.17949422
0,1,0.52571476
0,0,0.40659901
0,0,0.37981978
0,0,0.08364193
0,0,0.074052885
0,1,0.54499924
0,0,0.30871558
0,1,0.5248697
0,0,0.38299432
0,0,0.39216608
0,0,0.2872644
0,0,0.24400526
0,0,0.34162843
0,0,0.08136316
0,0,0.28569835
0,0,0.1008189
0,0,0.4338669
0,0,0.33597797
0,1,0.54598445
0,0,0.052684493
0,0,0.3453542
0,0,0.07865829
0,1,0.61737615
0,0,0.3710649
0,1,0.6587441
0,1,0.6683715
0,0,0.42796862
0,0,0.10362795
0,0,0.2561178
0,0,0.08926007
0,0,0.13896024
1,1,0.6024443
0,1,0.59634477
0,1,0.5816311
0,1,0.6144846
0,0,0.37307057
0,0,0.46413475
0,0,0.32090056
0,0,0.09283873
0,0,0.051469304
0,0,0.4600592
0,0,0.30315942
0,0,0.1437691
1,0,0.40462822
0,0,0.046144277
0,0,0.4279616
0,0,0.42500338
0,0,0.29134876
0,0,0.2104205
0,0,0.4259148
0,1,0.7604627
0,0,0.32029885
0,0,0.06942286
0,0,0.31574357
0,0,0.20950365
0,0,0.44133157
0,1,0.5161369
1,0,0.3644256
0,0,0.19204013
0,0,0.13799006
0,0,0.023785619
0,1,0.6603832
0,1,0.8670183
0,0,0.29000625
1,0,0.3444516
0,1,0.52205116
1,1,0.7707451
0,0,0.16952658
0,0,0.4941009
0,0,0.35820037
0,1,0.8223502
0,0,0.49154958
0,1,0.55841094
0,0,0.32785237
1,1,0.62527823
0,0,0.35810965
0,0,0.36495852
0,0,0.2112547
0,0,0.107225284
0,1,0.6589176
0,0,0.48967963
0,0,0.46729317
0,0,0.20985496
0,0,0.20676684
0,1,0.59258604
0,1,0.8349367
0,1,0.5373933
0,0,0.07439694
0,0,0.43546772
0,0,0.15448065
0,0,0.47187433
0,1,0.5933053
0,0,0.46741426
0,1,0.6355874
0,0,0.19873844
0,0,0.2516558
0,0,0.23730849
1,1,0.83898497
0,0,0.4961614
0,0,0.2868466
0,0,0.17493106
0,1,0.7002307
0,0,0.17755134
0,1,0.7892819
0,1,0.52929974
1,1,0.5401039
0,0,0.48215455
0,0,0.47895646
0,1,0.8554989
0,1,0.72589916
0,1,0.61529464
0,0,0.25615668
0,1,0.82770693
0,1,0.8752652
0,1,0.5382813
0,0,0.2612514
0,1,0.5620733
0,0,0.31293085
0,0,0.40690494
0,1,0.51989186
0,0,0.2934681
0,0,0.30047637
0,1,0.5963283
0,0,0.12666352
0,0,0.2941636
0,0,0.29486457
1,1,0.62663287
0,0,0.21884216
1,1,0.6883067
0,0,0.20400363
1,1,0.7346035
0,0,0.40190533
1,1,0.7057047
0,0,0.2706992
0,0,0.215528
0,1,0.86929506
0,0,0.42954853
0,1,0.73472905
0,0,0.14064433
1,1,0.7509967
0,0,0.39973003
0,0,0.21661057
0,0,0.39932108
0,0,0.17340319
0,1,0.6420156
0,1,0.5143786
0,1,0.63269615
0,1,0.56780183
0,0,0.07362611
0,0,0.21233219
0,0,0.25389495
0,0,0.40104038
0,0,0.15152177
0,0,0.13351388
0,0,0.29038802
1,0,0.28779036
1,1,0.5599696
0,0,0.42569163
0,0,0.13078932
0,0,0.14482982
1,0,0.4196397
0,0,0.13528512
0,0,0.07001236
0,0,0.41250083
1,1,0.5874638
1,1,0.535921
0,0,0.16425557
0,0,0.22129212
0,0,0.19015166
0,1,0.5041212
0,0,0.10208384
0,0,0.1811401
0,0,0.317523
0,1,0.5561517
0,0,0.21296228
0,0,0.09071348
0,1,0.5835483
0,1,0.72898597
1,1,0.5336945
0,0,0.13805796
0,0,0.112036325
0,1,0.81748044
0,0,0.45237282
0,0,0.48506582
0,0,0.30034915
1,0,0.1816675
0,1,0.50162774
0,1,0.61936885
0,0,0.37268683
0,0,0.30897334
0,0,0.103394434
0,0,0.33372635
0,0,0.3367965
0,1,0.69389933
0,0,0.19589068
0,0,0.19863635
0,1,0.50978404
1,0,0.35800192
0,0,0.38074657
0,0,0.32300487
1,1,0.7244703
1,1,0.824301
0,0,0.4277617
0,0,0.4024623
0,0,0.28505367
1,1,0.54552656
0,0,0.30762115
0,0,0.28894436
0,0,0.46870565
0,1,0.51545674
0,0,0.29778185
0,0,0.45555168
0,0,0.11426268
0,0,0.19791709
0,1,0.51604384
1,0,0.32601568
0,0,0.22735174
0,0,0.29798654
0,0,0.3067703
0,0,0.19149417
0,0,0.35473567
0,1,0.52143687
0,1,0.59320855
1,0,0.15835354
0,0,0.119027786
0,0,0.4443821
0,0,0.33809435
0,1,0.7465051
0,0,0.23554333
0,0,0.32410055
0,0,0.14961734
0,1,0.68083465
0,0,0.03421187
0,0,0.23999672
1,1,0.6859261
0,0,0.30126435
0,1,0.51272005
0,0,0.12944739
1,1,0.822378
0,0,0.29993176
0,0,0.07054715
0,0,0.22925253
0,1,0.52887845
0,0,0.20284374
0,1,0.56681836
0,0,0.34041226
1,1,0.7397366
0,0,0.46086815
0,0,0.36118785
0,0,0.37043497
0,0,0.18815468
0,1,0.5081196
0,1,0.75639606
0,0,0.3319644
0,0,0.19919212
0,0,0.2454254
1,0,0.28427193
0,0,0.2576279
1,1,0.7196787
0,0,0.4652311
0,1,0.6973415
0,0,0.33929634
0,0,0.118217185
0,0,0.22285327
0,1,0.6192365
1,0,0.48984754
1,0,0.3277651
1,1,0.5751076
0,0,0.17865501
0,0,0.28993756
0,0,0.21701421
0,0,0.259552
0,1,0.6397509
0,1,0.58114266
0,0,0.41838768
0,0,0.23399091
0,0,0.368973
0,0,0.39044023
0,1,0.55155003
0,0,0.35649663
0,1,0.58440727
0,0,0.2405281
0,0,0.48365158
1,0,0.41822457
0,1,0.6081922
0,0,0.16477825
0,1,0.51522607
0,0,0.44286805
0,0,0.46386075
0,0,0.19554439
1,1,0.5690852
0,0,0.29938176
0,0,0.18937957
0,1,0.6271441
0,0,0.47388828
0,0,0.308773
0,0,0.30838567
0,0,0.41563243
0,0,0.2567669
0,0,0.33634436
0,1,0.8294201
0,0,0.100426264
0,1,0.719439
0,0,0.11127423
0,1,0.7470327
0,1,0.76894253
0,0,0.27720186
0,0,0.31932178
0,1,0.5068181
0,0,0.17628723
0,1,0.5381075
1,1,0.6312889
0,0,0.4944618
0,0,0.19359617
0,0,0.15838616
0,0,0.46167567
0,0,0.0951725
0,1,0.8450778
0,1,0.7363563
0,0,0.30793118
0,1,0.7840276
0,0,0.4574518
0,0,0.14562795
1,1,0.72929996
0,0,0.13099726
0,0,0.31102097
0,1,0.6275953
0,0,0.35219845
1,1,0.8475324
0,0,0.110782504
0,0,0.37824652
0,0,0.16591868
0,0,0.23406963
0,0,0.1338433
0,0,0.44590744
0,0,0.23944052
0,0,0.48082945
0,0,0.12595846
0,1,0.5948672
0,0,0.15495922
0,1,0.768826
0,0,0.3292991
0,0,0.40654102
1,1,0.87593275
0,0,0.10115637
0,0,0.32421982
0,0,0.22007085
0,0,0.10716131
0,0,0.40133223
0,0,0.44471508
1,0,0.3937475
0,1,0.6224786
0,0,0.3316799
0,0,0.33462375
0,0,0.2591975
0,0,0.04334791
0,1,0.73502696
0,0,0.31574848
0,1,0.6193332
0,0,0.288691
0,0,0.3426086
0,0,0.34393772
0,0,0.4992684
0,0,0.26487482
0,0,0.15878238
0,1,0.7820459
0,0,0.16301467
0,1,0.66296476
0,0,0.37653
0,0,0.42421958
0,0,0.3911436
0,1,0.50932217
0,0,0.1719919
0,0,0.32609
0,0,0.33609557
0,0,0.41469687
0,0,0.12853742
0,1,0.52157104
1,0,0.40284356
0,0,0.22603144
0,1,0.51933795
0,1,0.6406934
0,0,0.13276538
0,0,0.41568685
0,0,0.20298766
0,0,0.36004612
0,0,0.3209299
1,0,0.22724335
0,1,0.5251409
1,1,0.74700046
0,0,0.31887826
0,0,0.25312006
0,0,0.09239438
0,1,0.6937704
0,0,0.4690863
0,1,0.61945593
0,1,0.75608766
1,1,0.50209033
1,0,0.3927451
0,0,0.1608352
0,0,0.052243534
0,0,0.10733749
0,0,0.31563443
0,1,0.6899397
0,0,0.1794069
0,1,0.6261903
0,0,0.31118384
0,0,0.32857695
0,0,0.19712491
0,0,0.4327609
0,1,0.7231954
0,1,0.69536865
0,0,0.15047371
0,1,0.6691647
0,0,0.21747713
0,1,0.62872195
0,1,0.67973256
0,0,0.4452535
0,0,0.23828538
0,0,0.2683641
0,1,0.5171699
0,0,0.3149798
0,0,0.29083893
0,0,0.20523548
0,0,0.39413616
0,0,0.4445758
0,1,0.7327038
0,1,0.7531136
0,0,0.13400166
0,0,0.2730017
0,0,0.40069222
0,0,0.36468753
0,0,0.3084077
0,0,0.33590075
0,0,0.34986168
0,1,0.50751776
0,0,0.48966685
0,1,0.5435861
0,1,0.6621826
0,1,0.817678
0,0,0.1875704
0,0,0.31514943
0,0,0.40245083
1,1,0.8480687
0,0,0.21846494
0,1,0.50933194
0,0,0.40538615
0,0,0.28958634
0,0,0.28646764
0,0,0.16153204
0,0,0.084488586
0,0,0.4989269
0,0,0.43889597
0,1,0.6377281
0,1,0.6846755
0,0,0.30809775
0,0,0.11561213
0,1,0.6575684
0,0,0.2506861
0,0,0.14154251
0,0,0.27893534
0,0,0.29606795
0,0,0.4554947
1,1,0.5425821
0,0,0.0716372
0,1,0.59063065
0,0,0.39732763
0,0,0.1511333
0,0,0.1126124
0,0,0.34689844
0,1,0.54914767
0,0,0.1597934
0,1,0.66124946
1,1,0.8458904
0,0,0.3817183
0,0,0.27716509
0,1,0.680999
0,0,0.46468186
1,1,0.65768945
0,0,0.38907745
0,1,0.80242264
0,0,0.3523684
0,0,0.31006917
0,0,0.21538544
0,0,0.4536943
0,0,0.09241686
0,0,0.36319673
0,0,0.28857228
0,0,0.22845356
0,0,0.2405409
0,0,0.42462766
0,0,0.24771442
1,1,0.513247
0,0,0.126788
0,0,0.29514948
0,0,0.17775741
0,0,0.32370695
0,1,0.5456601
1,0,0.16134931
0,0,0.28683177
0,0,0.14614457
0,0,0.24940816
1,0,0.44096398
0,0,0.23975469
0,1,0.57709175
0,0,0.08276708
0,1,0.5059358
0,0,0.08368995
0,0,0.23481315
0,0,0.41902396
0,1,0.8127183
0,0,0.36492002
0,0,0.18033242
0,1,0.72150224
0,0,0.32939112
0,0,0.29299757
0,0,0.25512642
1,0,0.35784736
0,0,0.39775392
0,1,0.74205
0,0,0.3956854
0,0,0.21890542
0,0,0.30132848
0,0,0.4566846
0,0,0.30488867
0,0,0.48974815
0,0,0.3951401
0,1,0.6608652
0,0,0.3627941
0,0,0.46834835
0,1,0.78859216
0,0,0.13035117
0,0,0.44344884
0,0,0.21995965
0,0,0.33682802
1,1,0.66466624
0,1,0.674487
1,1,0.61393
0,0,0.22807494
0,0,0.13142551
0,0,0.21673986
0,0,0.18550213
0,0,0.08390083
0,1,0.5243973
0,1,0.5036716
0,0,0.3507197
0,0,0.13701378
0,0,0.28728512
0,0,0.30976316
0,1,0.5592331
0,0,0.20185532
0,0,0.40366602
0,1,0.51073545
0,0,0.42133987
0,0,0.32817227
0,0,0.22121352
0,0,0.21978518
0,1,0.7775263
0,0,0.37542114
0,0,0.258024
0,0,0.45039237
1,0,0.43736318
0,0,0.18780975
0,1,0.59545636
0,0,0.09178848
0,0,0.3208726
0,0,0.30505738
0,0,0.22309302
0,0,0.3408939
0,0,0.45910275
0,1,0.84844327
0,0,0.20053516
0,0,0.32261565
0,0,0.094439186
0,0,0.29832166
0,0,0.18883374
0,1,0.79425627
0,0,0.22752313
0,0,0.22043198
0,1,0.6337545
0,0,0.40201086
0,1,0.56802446
0,0,0.33214873
0,0,0.19553731
0,0,0.1623292
0,0,0.1277262
0,1,0.523745
0,1,0.6741257
0,1,0.6867379
0,1,0.5794185
0,0,0.2148886
0,0,0.15819673
0,1,0.6889304
0,0,0.32173768
0,0,0.2895681
0,0,0.3084393
0,0,0.11967289
0,0,0.17375919
0,0,0.28286904
1,0,0.34810185
0,0,0.16773017
0,0,0.37144104
0,0,0.38961414
0,0,0.28200474
0,0,0.19643849
0,1,0.5029846
0,1,0.58148295
0,0,0.200005
0,0,0.3615713
0,0,0.30777144
0,0,0.3156263
0,1,0.628307
0,0,0.441813
0,0,0.3517309
0,0,0.37776476
0,0,0.16992767
0,0,0.23053905
1,1,0.66873735
0,1,0.8232327
0,0,0.41800526
0,0,0.2620341
0,0,0.41245422
0,0,0.109873734
0,0,0.39770007
0,0,0.44817993
0,1,0.5936395
0,0,0.40830007
0,1,0.50942767
0,0,0.32008433
0,0,0.06487792
0,0,0.44903377
1,1,0.7313965
0,0,0.40305573
0,0,0.4652904
0,0,0.46240982
0,0,0.35294223
0,0,0.17268074
0,0,0.3029255
0,0,0.3878481
0,1,0.544136
0,0,0.22086634
0,0,0.39536503
0,0,0.10321589
0,0,0.2654504
0,1,0.53362614
0,1,0.69277364
0,0,0.23643687
0,0,0.18236127
0,0,0.47883758
0,0,0.41610694
0,1,0.5346172
0,0,0.17774588
0,0,0.08923027
0,0,0.310985
0,0,0.26279485
0,0,0.2281742
0,0,0.48626557
0,1,0.53021103
0,0,0.0712098
0,0,0.17725621
0,0,0.12637252
0,1,0.7084246
0,0,0.13396466
0,0,0.31518438
0,0,0.08531821
0,0,0.111267336
0,0,0.15997365
0,0,0.07681214
1,1,0.5958027
0,1,0.61732817
1,1,0.88751894
0,1,0.5572115
0,0,0.29242945
0,0,0.1798039
0,1,0.603325
0,1,0.8219402
0,0,0.45441675
0,0,0.46952948
0,1,0.77044344
0,1,0.50144595
0,1,0.6533714
0,0,0.39211693
0,0,0.13018496
0,0,0.3498319
0,1,0.70685565
0,0,0.31856474
1,0,0.41826227
0,1,0.6325045
0,0,0.31397194
0,0,0.08095164
0,0,0.32793516
0,0,0.19198018
1,1,0.8665249
0,1,0.7145276
0,1,0.6292455
0,1,0.78756076
0,0,0.37458405
0,0,0.386058
0,0,0.16966657
0,0,0.3449792
1,0,0.28260297
0,0,0.4558868
0,1,0.5135033
0,1,0.66603637
0,0,0.11768297
0,0,0.2525031
0,0,0.31377262
0,1,0.54923433
0,0,0.20446211
0,0,0.46130052
0,0,0.41203827
1,1,0.60236573
0,1,0.6014538
1,1,0.522722
0,0,0.44052503
0,0,0.4667719
0,1,0.79823357
0,1,0.5849722
1,1,0.6654798
0,1,0.5927869
0,0,0.3735733
0,0,0.46665826
0,1,0.7413555
0,0,0.24383958
0,0,0.32456625
0,0,0.099703886
0,0,0.38034225
1,0,0.12801695
0,1,0.7855861
0,1,0.5604961
0,0,0.48737115
0,0,0.19435301
0,0,0.09681146
0,0,0.34130815
0,0,0.434157
0,0,0.23903474
0,1,0.8115791
0,0,0.2753499
0,1,0.66541034
0,0,0.41224366
0,0,0.17806068
0,0,0.20518602
0,0,0.45218447
0,0,0.3133313
0,0,0.21145628
0,1,0.62899923
0,0,0.3094295
0,1,0.7078097
0,1,0.69547004
1,1,0.6240041
0,0,0.24279477
0,0,0.3323637
0,0,0.11470101
0,1,0.5171813
0,1,0.61028385
0,0,0.3620704
0,0,0.09229117
0,0,0.19811153
0,0,0.13845982
0,0,0.4800327
0,0,0.21542309
0,1,0.5112214
0,0,0.48442647
0,0,0.419533
0,0,0.30804762
0,1,0.84735554
0,0,0.24580348
0,0,0.37132943
0,0,0.40114126
0,0,0.39401042
0,0,0.28444406
0,0,0.35221362
0,0,0.3779303
0,1,0.79231966
0,0,0.35861528
1,1,0.6435237
0,0,0.2354457
0,0,0.4386419
0,0,0.09264801
0,0,0.085015066
0,0,0.09623405
0,1,0.7766168
0,0,0.11671981
0,0,0.32374412
0,0,0.35859036
0,0,0.1982753
0,0,0.15495524
0,0,0.35681772
1,1,0.6752774
0,0,0.22320081
0,1,0.5612957
0,0,0.1433002
1,1,0.52017015
0,1,0.51289254
0,0,0.20485121
0,1,0.762296
0,0,0.17904958
0,0,0.3580773
0,0,0.2934014
0,1,0.51545477
0,0,0.077247985
0,0,0.42690283
0,0,0.34384438
0,0,0.15518053
1,1,0.6766681
1,0,0.48732847
1,1,0.6444417
0,1,0.8399788
0,0,0.35284495
0,0,0.11936253
0,1,0.6611229
0,0,0.2016777
0,0,0.20576227
0,0,0.14771935
0,1,0.50078076
0,0,0.35229325
0,0,0.17532031
0,0,0.29258916
0,0,0.23524347
1,1,0.5657344
0,0,0.4442869
0,0,0.23399802
0,0,0.17065254
0,1,0.55092555
0,1,0.55121595
0,0,0.4508043
0,1,0.53102314
0,1,0.7108469
0,0,0.29057422
0,0,0.22005858
0,0,0.3474708
0,0,0.48366073
1,1,0.82231766
0,0,0.273701
0,0,0.19235824
0,0,0.46062952
0,1,0.6893667
0,1,0.53903896
0,1,0.6308244
0,0,0.4232442
0,0,0.12575927
0,0,0.34016612
0,1,0.6690081
0,0,0.18444528
0,0,0.11905795
0,0,0.30395246
0,0,0.21358182
0,0,0.197211
0,1,0.76380384
0,0,0.4130387
0,0,0.25736967
0,1,0.55066115
0,0,0.1491062
0,0,0.3584668
1,0,0.42661536
0,0,0.4470228
1,0,0.21020834
0,0,0.2937875
0,0,0.19534992
0,0,0.3329103
0,0,0.24246494
0,1,0.72778785
0,0,0.37120882
0,1,0.53604215
0,0,0.16778024
0,0,0.05811028
1,1,0.52084976
0,0,0.17813957
0,1,0.53668714
0,1,0.68045884
0,0,0.2363368
0,0,0.258918
0,0,0.25213122
1,0,0.49674803
0,0,0.11483734
0,0,0.30561405
1,1,0.80560535
0,0,0.39881995
0,0,0.09112209
0,1,0.5680845
0,0,0.37753096
0,0,0.18694249
0,0,0.21835826
0,1,0.82621926
0,0,0.24853703
0,0,0.25062877
0,0,0.3253801
1,0,0.24739143
0,0,0.11036289
0,0,0.42869055
0,1,0.6406179
1,1,0.5562269
0,0,0.078395955
0,0,0.17694455
0,1,0.52768433
0,0,0.22804227
0,0,0.44400257
0,0,0.37763587
0,0,0.25836036
0,0,0.36089343
0,1,0.7312428
0,0,0.32667413
0,1,0.5058586
0,0,0.32883194
0,0,0.15100674
0,0,0.34878185
0,1,0.5427965
0,0,0.33359957
0,0,0.14258698
0,0,0.38868675
0,0,0.16073969
0,0,0.08699842
0,0,0.164029
0,0,0.28057152
0,0,0.12563854
0,0,0.23336855
0,0,0.22061892
0,0,0.40729493
0,0,0.18895392
0,0,0.21342
0,1,0.55135
0,0,0.28038514
0,0,0.2631514
0,1,0.50726634
1,0,0.43629953
0,0,0.32357737
1,1,0.8530677
0,1,0.6519211
1,1,0.85090435
0,0,0.09993409
0,0,0.25810564
0,0,0.24246757
0,0,0.14917034
0,0,0.11086469
0,0,0.3061845
0,0,0.11513864
1,1,0.5954168
0,0,0.25146997
0,0,0.19434813
0,0,0.29504073
0,0,0.16368712
1,0,0.3775949
0,0,0.22067057
0,0,0.33179435
0,0,0.4077852
0,0,0.3126064
0,0,0.18476012
0,0,0.45376188
0,0,0.43234506
0,0,0.16492014
0,1,0.7825499
1,1,0.80205727
0,0,0.37180495
0,0,0.18930894
1,1,0.75858146
0,1,0.63008463
0,0,0.13028432
0,0,0.42980507
0,0,0.28177068
1,1,0.59640247
0,1,0.67984414
0,1,0.5895709
0,1,0.6170517
0,0,0.43433836
0,0,0.3770458
0,0,0.12771858
0,0,0.34614825
0,1,0.53558
1,1,0.8022259
0,1,0.63394535
0,0,0.2361363
0,0,0.4489511
0,0,0.23486233
1,1,0.7509788
0,0,0.09526685
0,0,0.07758612
0,1,0.68948376
0,0,0.15391731
0,0,0.15922849
0,0,0.4014477
0,0,0.19696166
0,1,0.5782242
1,1,0.6828107
0,0,0.3710352
0,1,0.54368556
0,1,0.569533
1,0,0.26803362
0,1,0.63161826
0,0,0.09702376
0,1,0.6134053
0,1,0.5441812
0,0,0.2036796
1,0,0.28924108
0,0,0.24699372
0,0,0.20058788
0,1,0.8339953
1,0,0.2975237
0,0,0.47950163
0,0,0.3038307
0,1,0.7517927
0,0,0.3684363
0,0,0.30400425
0,0,0.22107883
0,0,0.06207685
0,0,0.3929008
1,1,0.55552614
0,0,0.3706089
1,1,0.70970726
0,0,0.3112151
1,0,0.31862685
0,0,0.34411046
0,0,0.31523985
0,1,0.5406914
1,1,0.6524645
0,0,0.45525664
0,1,0.88622606
0,0,0.27092323
0,1,0.54365766
0,0,0.18032384
0,0,0.2468365
0,0,0.22425583
0,0,0.17741278
0,0,0.13252597
0,0,0.10814503
0,0,0.15937373
0,0,0.37627515
0,0,0.43240115
0,0,0.40531603
0,0,0.2885761
0,0,0.47489414
0,0,0.15792626
0,1,0.7669221
0,1,0.50054324
0,0,0.4995693
0,0,0.086102724
0,0,0.1352208
0,0,0.10153869
0,1,0.5444616
0,1,0.560281
0,1,0.83519936
0,0,0.11956285
0,1,0.74825585
0,0,0.15916213
1,0,0.37577942
0,1,0.55450666
0,0,0.4076747
0,0,0.2872795
0,1,0.72456676
0,1,0.5584805
0,0,0.26384696
0,1,0.56564903
0,0,0.3995876
0,0,0.397634
0,0,0.28997928
0,0,0.23447491
0,0,0.29186407
0,0,0.49272665
1,1,0.61589324
0,0,0.13101572
0,0,0.41319877
0,1,0.6182937
0,0,0.11659304
0,1,0.7492064
0,0,0.46120963
0,0,0.3953513
0,1,0.512523
0,1,0.51449835
0,1,0.5307342
0,0,0.32151425
0,0,0.17479244
1,1,0.8907216
0,0,0.044516165
0,0,0.070571385
0,0,0.19733699
0,0,0.24294434
0,0,0.45028684
0,0,0.17288005
0,0,0.24411015
0,0,0.4125871
0,0,0.15434678
1,1,0.7044301
0,0,0.31703052
0,1,0.8766905
0,0,0.3390909
0,1,0.7107309
0,0,0.37665653
0,0,0.29885358
0,0,0.38311005
0,0,0.47443047
0,1,0.6273336
0,0,0.34356028
0,0,0.21379986
0,1,0.5918471
0,0,0.48759377
0,1,0.7520956
1,1,0.52941906
0,0,0.37054533
0,0,0.19828193
0,0,0.15338181
1,0,0.315052
0,0,0.29231423
0,1,0.7424998
0,0,0.15124406
0,0,0.09397528
0,0,0.45312303
0,0,0.24236782
0,0,0.48597574
0,0,0.37459472
0,1,0.55182564
0,0,0.29794016
0,1,0.698762
0,0,0.4221747
1,1,0.7335417
0,0,0.26875085
0,0,0.18010432
0,0,0.39802107
0,0,0.1188752
0,1,0.696949
0,0,0.45946375
1,1,0.7234033
0,0,0.44630018
1,1,0.80601084
0,0,0.06812862
0,1,0.75124925
0,1,0.6734365
0,0,0.2859574
0,0,0.26427707
0,0,0.2309651
0,0,0.21795857
0,0,0.2910684
0,0,0.10605211
0,0,0.4825573
0,0,0.15465729
0,0,0.20087998
0,0,0.23905545
0,0,0.40860638
0,0,0.2760314
0,0,0.26872015
0,0,0.18775594
0,0,0.13539352
0,0,0.22621608
0,0,0.11753252
0,0,0.16817757
0,1,0.6669408
1,1,0.6064601
0,0,0.48698393
0,0,0.24807428
0,0,0.09204709
0,0,0.42588452
0,0,0.30095842
0,0,0.30498105
0,0,0.17310114
0,0,0.4809154
0,0,0.36183697
0,0,0.40597963
0,1,0.56290853
0,0,0.3330002
0,0,0.24678862
0,0,0.3034234
0,0,0.044744506
0,0,0.46385294
0,0,0.19601676
0,1,0.5575431
0,1,0.7327751
0,0,0.28707838
0,1,0.7065575
0,0,0.3554291
0,0,0.35169286
0,1,0.66924256
0,0,0.42898667
0,0,0.4996017
0,0,0.27450803
0,1,0.7215887
0,0,0.22631353
0,1,0.6147897
0,0,0.44554675
0,0,0.029657278
0,0,0.09823371
1,1,0.84594584
0,1,0.66146624
0,0,0.15251894
0,1,0.5740472
0,0,0.073269926
0,0,0.3665488
0,0,0.49644113
0,1,0.50923324
0,0,0.05562649
0,0,0.11186233
0,0,0.38114625
0,1,0.5545266
0,1,0.50833815
0,1,0.78570694
0,1,0.5635804
0,0,0.11739483
0,0,0.40127182
0,0,0.3399815
0,0,0.46746975
1,1,0.77334845
0,0,0.27782816
0,0,0.26260054
0,0,0.42368123
0,0,0.37396687
0,0,0.06379547
0,1,0.67695135
0,0,0.1957129
0,1,0.799419
0,0,0.21011566
0,1,0.7661438
0,0,0.3566166
0,0,0.34185207
1,1,0.88417876
0,0,0.081128575
0,0,0.18908006
0,1,0.57787097
0,0,0.15890005
0,0,0.40572873
0,1,0.5100353
0,0,0.12368919
0,0,0.32068327
0,0,0.36708587
0,0,0.11460433
0,0,0.14934258
0,0,0.37521002
0,0,0.38716385
0,0,0.23460446
0,0,0.27600947
0,0,0.26496455
0,0,0.24619225
0,0,0.3967182
0,0,0.21753909
0,1,0.5477922
0,0,0.13309966
0,1,0.5595812
0,1,0.5281254
0,0,0.24333651
0,0,0.35779947
0,0,0.43582496
0,0,0.22070237
0,0,0.33961356
0,0,0.43530488
0,0,0.49799943
0,0,0.18143675
1,0,0.2995277
0,1,0.50307256
0,1,0.6978669
0,0,0.23718537
0,0,0.114381604
0,0,0.28176275
0,0,0.39648262
0,1,0.6261059
0,0,0.18995646
0,0,0.30142066
0,0,0.2748511
0,0,0.26122272
0,1,0.89724797
0,1,0.51622945
0,0,0.42363507
0,1,0.5210426
0,1,0.6067308
0,0,0.38571924
0,0,0.21963073
0,0,0.281999
0,0,0.13418478
0,0,0.4685789
0,0,0.15675086
0,0,0.29689118
0,0,0.11771074
1,1,0.7837173
0,1,0.6924273
0,1,0.53830594
0,0,0.19101915
0,1,0.604426
0,1,0.67590976
0,1,0.65894353
0,0,0.33707482
0,1,0.7119915
0,0,0.44406137
0,0,0.44577214
0,0,0.3673993
0,0,0.05569103
0,0,0.16875507
0,0,0.19821791
0,0,0.07913271
0,0,0.16424735
0,0,0.43589348
0,0,0.3600167
0,0,0.3555865
0,0,0.32515264
1,1,0.5713983
0,1,0.52301425
0,0,0.17490365
0,0,0.31653115
0,0,0.028867632
0,0,0.4373145
1,1,0.82330185
0,0,0.26469937
0,0,0.22757071
0,0,0.36261958
0,0,0.1408015
0,1,0.783692
0,1,0.6596964
0,0,0.083296984
0,0,0.32090223
0,0,0.33901578
0,0,0.3428611
0,0,0.18372822
0,0,0.389329
0,0,0.16720836
0,0,0.2292884
0,0,0.38809296
1,1,0.70213264
0,0,0.18808919
0,0,0.49972764
0,0,0.11916636
0,0,0.07218425
0,0,0.1429107
0,0,0.07945914
0,1,0.56096995
0,0,0.15595067
0,1,0.63340425
0,0,0.3058389
0,0,0.24827634
0,0,0.23805106
0,0,0.27326292
0,0,0.3593867
0,1,0.5525413
0,1,0.5175781
0,0,0.23426759
0,0,0.35278484
0,0,0.1174075
0,1,0.7419934
1,0,0.33266327
1,1,0.83096695
1,1,0.85707676
0,0,0.38669428
0,1,0.6564455
0,0,0.25112486
0,0,0.46368885
0,1,0.62693775
0,0,0.48894754
0,0,0.39353907
0,0,0.34462935
0,1,0.5286441
0,1,0.50957143
0,1,0.629832
0,1,0.5347301
0,1,0.5031563
0,0,0.49368304
0,0,0.3298671
0,0,0.16249226
1,1,0.90792716
0,0,0.055622224
0,0,0.15321389
0,0,0.13133228
1,1,0.7613448
0,0,0.47965327
0,0,0.43450278
1,1,0.82374346
0,1,0.5439507
0,0,0.37154225
0,0,0.35654286
0,0,0.22743237
0,1,0.5305823
0,1,0.5071058
0,1,0.51138204
0,0,0.15968531
0,0,0.31667396
0,0,0.41582528
0,0,0.15659766
1,1,0.79306316
0,1,0.6941339
0,0,0.2073295
0,0,0.32937554
0,0,0.18081784
0,0,0.4705066
0,0,0.13413443
0,0,0.19566937
0,0,0.19633782
0,0,0.23287876
0,0,0.31850636
0,1,0.56172174
0,0,0.13742214
0,0,0.44140077
0,0,0.25988463
0,0,0.15713058
0,0,0.3514947
1,1,0.6766514
0,0,0.23562992
1,1,0.84980243
0,0,0.19094408
1,0,0.49554878
0,1,0.72472066
0,0,0.22544505
0,0,0.10464172
0,0,0.4331289
0,0,0.19389597
0,0,0.07170487
0,1,0.71763897
0,0,0.4394044
0,0,0.07090379
0,0,0.48574162
0,0,0.3508606
0,1,0.7586727
1,0,0.4298617
0,1,0.59297454
0,0,0.29014745
0,1,0.59743255
0,0,0.15122543
0,0,0.24579103
1,0,0.42199004
0,0,0.3706538
0,0,0.101747185
0,0,0.47492236
0,0,0.29063055
0,0,0.4390173
0,0,0.39696354
0,0,0.25288704
0,0,0.16178615
0,0,0.11551778
0,1,0.60587025
0,0,0.33210775
0,0,0.12193409
0,0,0.14609683
0,0,0.13994108
0,0,0.14157856
0,0,0.088622324
0,1,0.6220561
0,1,0.58386886
0,0,0.35583058
1,1,0.60355604
0,1,0.7509952
0,0,0.25187236
1,0,0.44057217
0,0,0.18086705
0,0,0.41870838
0,1,0.6799141
0,0,0.22797856
0,1,0.8426022
0,0,0.2493745
0,0,0.15734522
0,0,0.32235643
0,0,0.29992962
1,1,0.84212595
0,1,0.5196308
0,0,0.29619682
0,0,0.23039095
0,1,0.74373025
0,0,0.3348811
0,1,0.5065033
0,0,0.08315891
0,1,0.5854024
0,0,0.4973307
0,0,0.21882822
0,0,0.348322
0,0,0.46346873
0,0,0.18845387
0,1,0.5126505
0,0,0.27431548
0,0,0.43790445
0,0,0.31932575
0,0,0.29386076
0,1,0.8087936
0,1,0.7561153
0,0,0.16883017
0,0,0.06914111
0,0,0.25756043
0,0,0.049698144
0,1,0.6577249
0,0,0.1726878
0,0,0.23871681
0,0,0.28096637
0,1,0.59083575
0,0,0.23386866
0,0,0.38560775
0,1,0.56123894
0,0,0.24934049
0,1,0.7733558
0,1,0.7869569
0,1,0.64990616
0,0,0.35050645
0,0,0.21801916
0,1,0.54855597
0,1,0.73236346
0,0,0.35168597
0,1,0.61111844
0,1,0.6575392
0,0,0.40703475
0,0,0.17828664
0,0,0.42858487
0,0,0.47044334
0,0,0.18873607
0,0,0.4552177
0,0,0.21440211
0,0,0.42325625
0,1,0.93999845
0,1,0.7297458
0,1,0.6234406
0,0,0.3890542
0,0,0.12105318
0,1,0.70144343
0,1,0.55849826
0,1,0.757617
0,1,0.573563
0,0,0.08544189
1,1,0.8517903
0,1,0.5651804
0,1,0.517618
0,1,0.81046987
0,0,0.10647147
0,0,0.44161436
0,0,0.38596797
0,1,0.69151855
0,1,0.659845
1,0,0.44757164
0,1,0.5451463
0,0,0.49679053
0,0,0.19115202
0,1,0.53439665
0,0,0.15834923
0,1,0.6309259
1,1,0.87424016
0,1,0.54267806
0,0,0.10345178
0,0,0.27961937
0,0,0.3505662
0,1,0.6027426
0,0,0.3511838
0,1,0.57826334
0,1,0.6150683
0,0,0.23392242
0,0,0.20563078
0,1,0.5390648
0,0,0.3828882
0,0,0.10839468
0,0,0.2709339
0,0,0.28237578
0,0,0.30649096
0,0,0.3485715
0,1,0.5753935
0,1,0.6295096
0,1,0.5022505
0,0,0.11773809
1,1,0.78944325
0,1,0.72560066
0,1,0.86041504
0,0,0.21887402
0,0,0.36867675
0,1,0.6743148
0,1,0.72940207
0,1,0.55475706
0,0,0.36668608
0,1,0.549714
0,1,0.63921183
0,0,0.13802668
1,1,0.8847145
0,1,0.6778496
0,1,0.62335646
0,0,0.31361997
0,0,0.2649463
0,0,0.2564466
0,0,0.42612076
0,1,0.69875604
0,0,0.27892056
0,1,0.8277409
0,1,0.5977372
0,0,0.4178842
0,1,0.6196436
0,0,0.18454562
1,1,0.53228235
0,0,0.19717208
0,0,0.333794
0,0,0.37326968
0,0,0.34904617
0,0,0.2012922
0,0,0.21391556
0,0,0.19840054
0,0,0.24042602
1,1,0.56391287
0,0,0.39163774
0,0,0.116405204
0,0,0.22246224
0,0,0.36725152
0,1,0.5273336
0,0,0.34516117
0,0,0.14028807
1,0,0.36054057
0,1,0.714799
0,1,0.73340005
0,0,0.34080073
0,0,0.26340497
0,0,0.10867284
1,0,0.12566833
0,1,0.5683459
0,0,0.305833
0,0,0.27243203
0,0,0.38495046
0,1,0.6002858
0,0,0.23979521
1,1,0.7511758
0,1,0.7318382
0,0,0.38984367
0,1,0.71071494
0,0,0.4333563
0,1,0.6305263
0,0,0.42911637
0,1,0.5720126
0,0,0.13729472
0,0,0.13381329
0,0,0.39147258
0,1,0.65360713
0,0,0.30014706
0,0,0.48803607
0,0,0.2944132
0,0,0.28693464
0,1,0.576725
0,0,0.22397631
1,0,0.42899805
0,1,0.527434
0,1,0.5800459
0,1,0.8389487
1,1,0.78321624
0,1,0.53890467
1,0,0.35955784
0,0,0.341294
1,1,0.9158029
0,1,0.702257
0,1,0.61775166
0,0,0.30793396
0,0,0.19869761
0,0,0.23046862
0,0,0.32938054
0,0,0.068505995
0,0,0.23418114
0,0,0.3397244
0,0,0.4185091
0,0,0.29778677
0,1,0.5628469
1,0,0.49431124
0,0,0.3012418
0,0,0.2747465
0,1,0.8237049
0,0,0.4067342
1,1,0.6432935
0,0,0.3674079
0,0,0.15415032
0,0,0.113877244
0,1,0.8515137
0,0,0.342683
0,1,0.53850615
1,1,0.7340358
0,0,0.35739645
0,0,0.44508004
0,0,0.0847022
0,0,0.27944306
0,0,0.45550463
0,0,0.22132981
0,0,0.17140579
0,0,0.45336956
0,0,0.39906007
0,0,0.1720814
0,0,0.22344457
0,0,0.16138527
0,1,0.58346677
0,0,0.39522982
0,0,0.25456122
1,1,0.8022684
0,1,0.7474425
0,0,0.13594882
0,0,0.17077117
0,0,0.19379598
0,0,0.16019425
0,0,0.19174632
0,1,0.7664042
0,1,0.6041449
0,1,0.7372384
0,1,0.5453667
0,0,0.11002081
0,0,0.48487774
0,0,0.42027456
0,0,0.060976412
0,0,0.22831865
1,1,0.6828592
0,0,0.23029976
0,0,0.30156168
0,1,0.67373145
0,0,0.39937916
0,0,0.43814534
0,0,0.070048384
0,0,0.26243907
0,0,0.26207
0,1,0.53005534
0,0,0.18327534
0,0,0.26648587
0,0,0.12177641
0,1,0.6536628
0,0,0.43021372
0,0,0.19810817
0,1,0.51524466
0,0,0.38722327
0,0,0.17994481
0,0,0.15099724
0,1,0.72650224
0,0,0.21923907
0,0,0.3198836
0,1,0.6356205
0,0,0.48285812
0,0,0.31119564
0,0,0.07589966
0,0,0.17771468
1,1,0.7168819
0,0,0.20585784
0,0,0.3141544
0,0,0.16328493
0,0,0.47407085
0,0,0.42319456
1,1,0.69924235
1,1,0.7954593
0,0,0.49752808
0,0,0.12050634
1,1,0.6955671
0,0,0.1740571
0,0,0.44439885
0,1,0.54970217
0,1,0.5233817
0,0,0.32586357
0,1,0.69588256
0,0,0.32977176
0,0,0.49981815
0,0,0.09430946
0,0,0.16611655
0,1,0.8753453
0,1,0.59684163
1,0,0.38979006
0,0,0.4084234
0,0,0.29498178
0,1,0.5644049
0,0,0.2537405
0,0,0.47803816
0,0,0.14298214
1,1,0.7770228
0,0,0.2910295
0,0,0.22538577
0,0,0.10518273
0,1,0.6019373
0,1,0.67608577
0,0,0.2162886
0,0,0.32679704
0,0,0.24344572
0,0,0.46147203
0,0,0.1911803
0,1,0.5690693
0,1,0.55485475
0,0,0.36148128
0,1,0.5402951
0,0,0.13771093
0,0,0.30550113
0,0,0.116445385
0,1,0.849704
1,0,0.3252288
0,0,0.49637973
0,1,0.74363136
0,1,0.56253415
0,0,0.22706221
0,0,0.1694616
0,1,0.5652165
0,0,0.20557489
0,0,0.100663595
0,0,0.15096757
0,0,0.44807282
0,0,0.40176538
0,1,0.69131035
1,0,0.15967783
0,1,0.5565282
0,0,0.107031874
0,1,0.54220045
0,1,0.6475583
0,0,0.11520208
0,1,0.5260683
0,0,0.09329866
0,0,0.42339233
0,0,0.30824164
0,0,0.18111607
0,1,0.80423886
0,1,0.5783923
0,1,0.53839165
0,1,0.654474
0,0,0.15239021
0,0,0.18611765
0,1,0.55190456
0,0,0.203344
0,0,0.3952063
0,1,0.56867516
0,1,0.61058146
0,0,0.2733698
0,1,0.6341638
0,0,0.145485
0,0,0.26022005
0,0,0.2070497
0,0,0.29358003
0,0,0.38401768
1,1,0.59374803
0,1,0.5189107
0,0,0.41524777
0,0,0.0731494
0,0,0.39865142
0,0,0.10646732
0,0,0.43564275
0,1,0.5104616
0,0,0.20590118
0,0,0.23857787
0,0,0.23112638
0,0,0.32143667
0,0,0.30236346
0,0,0.29332435
0,0,0.3602796
1,1,0.69203913
1,1,0.6952972
0,1,0.64359057
0,0,0.11581711
0,1,0.6309249
0,0,0.40521747
0,0,0.47473675
0,0,0.14106253
1,1,0.94059205
0,0,0.28357917
0,0,0.10457916
0,0,0.49363777
0,0,0.09603138
0,1,0.6640622
0,0,0.070379
0,0,0.45394945
0,0,0.22247358
0,1,0.68817466
0,0,0.34950355
1,0,0.45358598
0,1,0.66656053
0,0,0.44559985
0,0,0.23296158
0,0,0.3252187
0,0,0.18300638
0,0,0.21457313
0,0,0.23069023
0,0,0.46284038
1,0,0.25435007
1,0,0.10822004
0,0,0.30818188
0,0,0.35989103
0,1,0.52111083
1,1,0.8126162
0,0,0.12466251
0,0,0.34811378
0,0,0.12841846
0,0,0.17901644
0,0,0.27476397
0,0,0.20831323
0,0,0.18109155
0,0,0.22063084
0,0,0.13943286
0,0,0.3891789
0,1,0.5108232
0,0,0.2613896
0,1,0.7223965
0,0,0.26933867
0,0,0.4234477
0,1,0.5448533
0,0,0.24823026
0,0,0.20961584
0,0,0.21859328
0,0,0.22856086
0,0,0.2716704
0,0,0.22069758
0,1,0.82920706
0,1,0.5392894
0,0,0.110117555
0,1,0.5622042
0,0,0.3538514
0,0,0.09665528
0,0,0.41797468
0,0,0.4806624
0,1,0.58466315
0,0,0.318549
1,1,0.6942412
0,0,0.25778398
0,0,0.46794966
0,0,0.47446272
0,0,0.40652832
0,0,0.4618459
0,0,0.14435521
0,1,0.54339385
0,1,0.5164742
0,0,0.29784322
0,1,0.71462876
0,0,0.40098053
0,0,0.12091758
0,0,0.22592252
1,1,0.7608973
0,0,0.34763128
0,0,0.20243573
0,0,0.2775647
1,0,0.42787573
0,1,0.533785
0,0,0.35786617
0,0,0.12241517
0,0,0.27712426
0,0,0.15269782
0,0,0.48863828
0,0,0.2794644
0,0,0.30059707
0,0,0.35815158
0,1,0.5391047
1,1,0.5000503
0,0,0.27615
1,1,0.6790113
0,1,0.50843686
0,0,0.22543143
0,0,0.25632164
0,0,0.19752079
1,1,0.8773214
0,0,0.13366246
0,0,0.44402146
0,0,0.40252608
0,0,0.48992103
0,0,0.15657747
0,1,0.57680154
0,0,0.14400266
0,0,0.221869
0,0,0.32513174
0,0,0.27814674
0,0,0.4630734
0,1,0.6400862
0,0,0.39672965
0,0,0.36268565
1,1,0.7489751
0,0,0.19217747
0,0,0.16808124
0,0,0.33661726
0,0,0.40794066
0,0,0.49680713
0,0,0.33859017
0,0,0.06305541
1,1,0.5643846
0,0,0.2415245
0,0,0.4353202
0,0,0.2953382
0,0,0.20703582
0,0,0.13256218
0,1,0.85577494
0,0,0.30847645
0,0,0.31180537
0,0,0.36149174
0,1,0.7009478
0,0,0.4243714
1,1,0.6502677
0,1,0.5402274
0,0,0.4863445
0,1,0.50249493
0,0,0.27177775
1,0,0.47100678
0,1,0.6183855
1,0,0.4267209
0,0,0.47277224
0,0,0.09570266
0,1,0.6380472
0,0,0.49270037
0,0,0.33948582
0,0,0.09821341
0,0,0.34252957
1,1,0.5815122
0,0,0.29837954
0,1,0.660917
0,1,0.54452217
1,1,0.8378731
0,0,0.45502114
0,0,0.24147879
0,1,0.5914305
1,1,0.60707784
0,1,0.5102201
0,1,0.8020507
0,0,0.15721983
0,0,0.051634897
0,0,0.12388504
0,1,0.5221945
0,0,0.13886872
0,1,0.6830336
0,0,0.369713
0,0,0.15070242
0,0,0.3536086
0,1,0.61419946
0,0,0.3911922
1,1,0.7917306
0,0,0.1680088
0,0,0.47624132
0,0,0.21443386
0,0,0.246439
0,0,0.17755744
0,0,0.09233848
0,0,0.31612974
0,1,0.54807293
1,1,0.6681697
0,0,0.09057338
0,0,0.30827034
1,1,0.5272959
0,0,0.46805817
0,0,0.18439783
1,1,0.7337452
0,1,0.58600277
0,0,0.10772454
0,1,0.6500467
0,0,0.33525953
1,1,0.94069785
0,1,0.7289434
0,0,0.4416832
0,1,0.6403368
0,0,0.18131545
0,0,0.15704824
0,1,0.74604475
0,0,0.101205155
0,0,0.20371513
0,0,0.2192785
0,0,0.2560733
0,1,0.5529988
0,0,0.3921566
0,0,0.13005693
0,0,0.4020718
0,0,0.39811394
0,0,0.068763845
0,0,0.3521713
0,0,0.39597303
0,0,0.40479144
0,1,0.51037025
0,0,0.34722245
0,0,0.25321257
0,0,0.2002111
1,0,0.43311748
0,0,0.27418154
0,0,0.12680343
0,0,0.19927444
0,0,0.35948074
0,0,0.41863284
0,0,0.28352237
0,1,0.89700866
0,0,0.073331535
0,0,0.079887904
0,0,0.45505533
0,0,0.0930361
0,0,0.44303578
0,0,0.35090497
0,0,0.1202571
1,1,0.59329855
0,1,0.6895715
0,0,0.07760796
0,0,0.07520106
0,1,0.7578908
0,0,0.13277456
0,0,0.2659251
0,0,0.24684036
0,0,0.4256468
0,0,0.38201806
1,0,0.3449727
0,1,0.5443183
1,0,0.4074704
0,0,0.2831651
0,0,0.16927044
0,0,0.09921939
0,1,0.50244117
0,1,0.52007943
1,1,0.6069027
0,1,0.8379453
0,0,0.25189438
0,0,0.44640145
0,0,0.3315453
0,0,0.2368112
0,1,0.6050761
0,0,0.06734435
0,0,0.392272
0,1,0.7325489
0,0,0.48853424
0,1,0.73317456
0,0,0.2657128
0,0,0.21461706
0,1,0.59477013
0,0,0.44301763
0,0,0.1271828
0,0,0.33357796
0,1,0.8825385
0,1,0.7096364
0,0,0.15718876
1,1,0.8025552
0,0,0.26826423
0,0,0.46648222
0,1,0.5365997
0,1,0.5953935
1,0,0.35326225
0,0,0.29256046
0,0,0.4325046
0,0,0.1929792
0,0,0.42453328
0,0,0.24086745
0,0,0.47285065
0,0,0.46135765
0,0,0.49272183
0,0,0.19950314
0,0,0.051423386
0,1,0.5282588
0,1,0.80461687
0,0,0.25914514
0,0,0.4175906
0,0,0.13153672
0,0,0.27389815
0,0,0.26068845
1,1,0.71663547
0,0,0.4206038
0,0,0.442811
0,0,0.29474804
0,0,0.091522634
0,1,0.7030342
0,0,0.11233505
0,0,0.15396294
0,1,0.6092415
0,0,0.029148139
0,0,0.31366497
1,0,0.21465719
0,0,0.3598715
0,0,0.21943098
0,0,0.14730777
0,1,0.5820749
0,0,0.18166974
0,0,0.12859096
0,1,0.6152362
1,1,0.7345633
1,1,0.8803182
0,0,0.07938488
0,0,0.3925793
0,0,0.20967817
0,1,0.64218444
0,1,0.6092882
0,0,0.20503068
0,1,0.7689579
0,0,0.4244276
0,1,0.53231573
0,0,0.1550253
0,1,0.809347
0,1,0.57216316
0,0,0.33312494
0,1,0.51383424
0,0,0.38409394
0,0,0.42181364
0,0,0.36758474
1,1,0.8666263
0,0,0.31856376
0,1,0.7412496
0,1,0.59929305
0,0,0.0812582
0,1,0.5924707
0,1,0.5601696
0,0,0.313709
0,1,0.5991214
0,0,0.06275072
0,0,0.19180632
0,0,0.49672526
0,0,0.14907117
0,1,0.81469965
0,0,0.48946866
0,0,0.22579044
1,0,0.43981928
1,1,0.54983395
0,0,0.3522776
0,0,0.286781
0,0,0.1466624
1,0,0.17575197
0,0,0.41882142
0,0,0.09874848
0,0,0.12478679
1,1,0.6771081
0,0,0.3245596
0,0,0.19480841
0,1,0.6471908
0,1,0.673803
0,1,0.79349196
1,0,0.491521
0,0,0.12629095
0,0,0.20373286
0,0,0.25683662
0,1,0.63243276
0,1,0.7955717
0,1,0.6059641
0,1,0.75262874
1,0,0.11660842
0,0,0.2923402
0,0,0.16524874
0,0,0.37605938
1,1,0.753731
0,1,0.6760594
0,0,0.16657051
0,0,0.41205895
0,1,0.6077747
0,0,0.33568612
0,0,0.4646304
0,1,0.71238667
0,0,0.48150766
0,0,0.28278267
0,0,0.2537034
0,1,0.57391423
0,1,0.78001875
0,1,0.648432
0,1,0.7932787
0,0,0.44361252
0,0,0.39088276
0,0,0.23769386
0,1,0.7425485
0,0,0.34411412
0,0,0.22320764
1,0,0.43834653
0,0,0.29536322
0,0,0.4264656
0,0,0.33989835
0,0,0.17308003
0,0,0.20713729
0,1,0.5314466
0,0,0.16751206
0,0,0.31726545
0,0,0.3967095
0,0,0.4958074
0,0,0.15499759
0,0,0.41790575
0,0,0.28946263
0,0,0.048494495
0,0,0.30468404
0,0,0.29323375
0,0,0.30730414
0,0,0.4694516
0,0,0.39942586
0,0,0.21754375
0,1,0.6120804
0,0,0.44153887
0,1,0.57455254
0,0,0.16741405
0,0,0.28090048
0,0,0.19406144
0,0,0.0490519
0,0,0.20168155
0,0,0.1522056
0,0,0.20556301
0,0,0.08746958
0,1,0.5453169
1,1,0.58574754
1,1,0.8465505
0,1,0.57483286
0,0,0.47332507
0,0,0.20087993
0,0,0.4381806
0,1,0.51622903
0,1,0.61945796
0,1,0.56011623
0,0,0.4733289
0,0,0.3016584
0,0,0.33513975
0,0,0.26173827
1,1,0.54141563
0,0,0.37222266
0,1,0.53848076
0,1,0.66674256
0,0,0.196266
0,1,0.61958915
0,0,0.07596961
0,0,0.49850032
0,1,0.63743603
0,1,0.57236844
0,0,0.4110928
0,1,0.52467865
0,0,0.37887663
0,1,0.7635418
0,0,0.37365937
0,0,0.4925423
0,0,0.3655877
0,0,0.20482232
0,0,0.21375965
0,0,0.46316305
0,0,0.24479635
0,1,0.709064
0,1,0.78819364
0,0,0.25230694
0,0,0.22336914
0,0,0.07578441
0,0,0.17568906
1,1,0.5760953
0,0,0.34411466
0,0,0.26704514
0,0,0.20688678
0,1,0.5209666
0,1,0.50702
1,1,0.5452724
0,0,0.43880782
0,0,0.46829534
0,1,0.618498
0,0,0.21923828
0,0,0.38097987
0,0,0.093335256
0,1,0.50230825
0,1,0.6604018
0,0,0.21979935
0,0,0.13167997
0,0,0.30132434
0,1,0.53972447
0,1,0.7137914
0,0,0.32864523
0,0,0.19205362
0,0,0.10281491
0,0,0.3394929
0,1,0.5342648
1,0,0.26196364
0,0,0.3901308
0,0,0.19702293
0,0,0.22528927
0,1,0.533259
0,1,0.5225057
0,1,0.6426485
0,1,0.6999445
0,0,0.40936527
0,1,0.7334677
0,0,0.24453424
0,1,0.50475943
0,0,0.41511264
0,0,0.30732504
0,1,0.61922634
1,1,0.73498476
0,0,0.14786234
0,0,0.11471286
0,0,0.24684475
1,0,0.41304904
0,1,0.5498286
0,0,0.1633054
0,0,0.23932348
0,0,0.37022713
0,0,0.22442447
0,0,0.12919244
0,1,0.613351
0,0,0.18841568
0,0,0.35239422
0,0,0.09770479
0,0,0.43405393
0,1,0.54996
0,1,0.70275277
0,0,0.11686246
0,0,0.37988293
0,0,0.19931781
0,0,0.16948807
0,1,0.57187575
1,1,0.76027524
0,0,0.3234661
0,1,0.61183405
0,0,0.27148747
0,0,0.23082502
0,0,0.24275413
0,1,0.5473332
0,0,0.27704602
0,0,0.18092489
0,0,0.23156027
0,0,0.26580068
0,0,0.13882652
0,0,0.15272775
0,0,0.3651722
0,0,0.07152817
0,0,0.25859675
0,0,0.4142365
0,0,0.34319466
0,0,0.38341078
0,0,0.49824598
0,0,0.3135885
0,0,0.10630238
0,1,0.6078391
0,0,0.36169124
0,0,0.45919907
0,1,0.55827075
0,1,0.70607597
1,0,0.24860759
0,1,0.74194175
0,0,0.27658764
0,0,0.07390187
1,0,0.34506384
0,0,0.20980714
0,0,0.47481808
0,0,0.4272682
0,1,0.7330162
0,1,0.72143155
0,1,0.76874846
0,1,0.50678337
0,0,0.2730388
0,0,0.14971352
0,0,0.17309266
0,0,0.33405897
0,0,0.23015277
0,0,0.21879016
0,0,0.4820012
0,0,0.21598019
0,0,0.43202683
0,1,0.77007747
0,0,0.4011259
1,1,0.5536178
0,0,0.27804333
0,1,0.5249057
0,0,0.45434028
1,0,0.25405726
0,0,0.18137921
0,0,0.33266532
0,1,0.5854296
0,0,0.45153368
0,0,0.1928254
0,0,0.3400135
0,1,0.50283283
0,0,0.43038023
0,0,0.26716247
0,0,0.1935793
0,1,0.6365647
0,0,0.25367603
0,0,0.2954297
0,0,0.45673972
0,1,0.50815064
0,0,0.4236442
0,0,0.2588493
0,0,0.27269962
0,1,0.7184781
0,0,0.14966355
0,0,0.24033584
0,1,0.60217834
0,0,0.17832428
0,0,0.27171108
0,1,0.5442534
0,0,0.2750693
0,1,0.63564336
1,0,0.32322744
0,0,0.08107096
0,1,0.6136038
0,1,0.76784235
0,0,0.19708286
0,1,0.6476224
0,0,0.085246235
0,1,0.5304555
0,0,0.4231182
0,0,0.39453655
0,1,0.8403046
0,0,0.19123022
0,0,0.49140438
0,0,0.29645017
0,0,0.23455101
1,1,0.7352099
0,0,0.46504065
0,0,0.041759722
0,0,0.32600352
0,0,0.32894117
0,0,0.22097456
0,0,0.47674736
0,0,0.20447001
0,1,0.5666696
0,0,0.20297807
1,1,0.5923256
1,1,0.82839644
0,1,0.5769782
0,0,0.2736079
0,0,0.28992394
1,1,0.8955475
0,0,0.15954743
0,0,0.18249097
0,0,0.33814064
0,1,0.80015385
0,0,0.084266275
0,0,0.39819384
0,0,0.24973427
0,0,0.29247957
0,0,0.2983903
0,1,0.67659104
0,0,0.16917367
0,0,0.1760793
0,1,0.8045998
0,1,0.58133596
0,0,0.18524416
0,1,0.83817905
0,0,0.07316832
0,0,0.21122108
1,1,0.59111476
0,0,0.11971267
0,0,0.09952058
0,0,0.061109275
0,1,0.5389073
0,0,0.28348622
0,1,0.69082594
0,0,0.47067505
0,1,0.65850997
0,0,0.3993429
0,0,0.20295618
0,0,0.48454916
0,1,0.7368534
0,0,0.31413338
0,0,0.1733382
0,1,0.6672786
0,0,0.43726847
1,1,0.8439407
0,0,0.38834032
1,0,0.44938245
0,0,0.36449894
0,1,0.5328795
0,1,0.7059002
0,1,0.5383239
0,0,0.47282106
0,0,0.107876115
0,0,0.43677923
0,0,0.34034333
0,0,0.45593944
0,1,0.73020595
0,0,0.101077944
0,0,0.23890826
0,0,0.36126244
0,0,0.3186979
0,0,0.051313084
0,0,0.1874548
0,1,0.6689523
0,0,0.10158995
0,0,0.30050808
0,1,0.8972683
0,0,0.21348965
0,0,0.33471376
0,0,0.121843055
0,1,0.5409482
0,0,0.18846217
0,0,0.2384344
0,1,0.77627134
0,0,0.45021445
0,1,0.62909216
0,0,0.16235302
0,0,0.25348613
0,0,0.055202145
0,1,0.5034227
0,0,0.34394956
1,1,0.68709874
0,0,0.3650049
0,0,0.28870258
0,1,0.5237113
0,1,0.7402658
0,0,0.3544445
0,1,0.5861209
0,0,0.14544117
0,0,0.22493073
0,1,0.56642354
1,1,0.76245874
0,1,0.7239937
0,0,0.43999797
0,1,0.61797166
1,1,0.8384813
0,0,0.44088426
0,0,0.3818111
0,0,0.24601045
1,0,0.4790042
0,0,0.41611078
1,1,0.68083054
0,1,0.72330266
0,0,0.37050277
0,0,0.43414092
0,0,0.24767062
0,0,0.299339
0,0,0.20756072
0,0,0.17424141
0,0,0.3768277
0,0,0.44514993
0,0,0.107338086
0,0,0.11591009
0,0,0.43112883
0,0,0.35069355
0,0,0.3462039
0,0,0.15528275
0,0,0.4751005
0,0,0.17792764
0,0,0.30155754
1,1,0.6864245
0,0,0.39756006
0,0,0.24337077
0,0,0.32780138
0,0,0.49632892
0,0,0.27535066
0,0,0.13958542
0,0,0.17150214
1,1,0.67766213
0,0,0.047708906
0,1,0.6037622
1,1,0.7085504
0,0,0.20206267
0,0,0.34821904
0,0,0.44787067
0,0,0.2931267
0,0,0.46098214
0,0,0.46334037
0,0,0.30821148
0,1,0.76236826
0,1,0.7707702
0,0,0.17460738
0,0,0.31320804
0,0,0.25622943
0,0,0.3520644
0,1,0.8278385
0,0,0.2314087
0,1,0.74565816
0,0,0.39530927
0,0,0.16931862
0,0,0.33517182
0,0,0.49793515
0,0,0.21680243
0,0,0.27013958
0,0,0.25514156
0,0,0.3111903
0,1,0.6115077
0,1,0.6520529
0,0,0.27902418
0,0,0.28478038
0,0,0.3535348
0,0,0.22985595
0,0,0.27530807
0,1,0.5287473
0,1,0.6951029
0,1,0.54613924
0,0,0.19202916
0,1,0.5105019
0,0,0.4765976
0,0,0.09674136
0,0,0.3258389
0,1,0.51976156
0,1,0.73571956
0,0,0.23034608
0,0,0.40134054
0,1,0.74172705
0,0,0.32555875
1,1,0.76467514
0,0,0.42096946
0,1,0.691783
0,0,0.2159132
0,0,0.14962678
0,1,0.6561314
0,0,0.40459985
0,0,0.110615514
0,1,0.7301577
1,1,0.8968652
0,0,0.16552083
0,0,0.177762
0,0,0.38681045
0,0,0.45297825
0,1,0.52112764
0,0,0.17011487
0,0,0.21846448
0,0,0.127873
0,1,0.593775
0,0,0.1743504
0,1,0.5190059
0,1,0.7925207
0,0,0.084939465
0,0,0.42634416
0,0,0.16998433
0,0,0.23458989
0,1,0.78545344
0,0,0.109882854
0,0,0.36399782
1,0,0.44007272
0,0,0.09753213
0,1,0.60020584
0,0,0.29097778
0,1,0.7718696
0,0,0.29595482
0,0,0.4372562
0,1,0.6656793
0,0,0.44996145
0,1,0.6245822
0,0,0.39167905
0,1,0.7404547
0,0,0.1643443
0,0,0.4147324
0,0,0.16581403
0,1,0.74640846
0,1,0.6943174
0,0,0.3633144
0,0,0.42981923
0,1,0.6572363
0,1,0.5562326
0,1,0.6950572
0,0,0.45936805
1,1,0.8154071
0,0,0.126218
0,0,0.12585364
0,0,0.3277895
0,0,0.35126457
0,1,0.5795577
0,1,0.67532563
0,0,0.25186753
0,1,0.52434295
0,0,0.074584864
0,0,0.45085403
0,0,0.26289645
0,1,0.5942786
0,1,0.8458854
0,0,0.3599889
0,0,0.22922215
0,0,0.43091288
0,1,0.5806335
0,0,0.30182675
0,0,0.4067478
1,1,0.74725574
0,1,0.8022687
1,1,0.8199405
0,0,0.23592633
0,0,0.18626317
0,0,0.3344211
0,1,0.64713556
0,0,0.28278583
0,0,0.24640593
0,0,0.29389703
0,0,0.14066303
1,1,0.7047198
0,0,0.05141858
0,1,0.5812448
1,1,0.5981655
0,0,0.22012784
0,1,0.7135677
0,1,0.714954
0,0,0.36668226
0,0,0.2529014
0,0,0.34897855
0,1,0.5660077
1,1,0.69802284
1,1,0.89666015
0,0,0.11425162
0,1,0.6303266
0,1,0.70825565
1,1,0.80528927
0,0,0.32189995
0,0,0.3098585
0,1,0.569307
0,0,0.046708312
0,0,0.29122517
0,1,0.51568025
0,1,0.5476651
0,1,0.5214527
0,0,0.252105
0,1,0.7558143
0,1,0.5365391
0,1,0.5833438
0,1,0.69765997
0,0,0.3658254
0,0,0.16767105
0,1,0.85958934
0,0,0.44559005
1,1,0.8287977
0,0,0.16175242
0,0,0.1999735
0,0,0.28752068
1,0,0.2031842
1,1,0.6029523
0,0,0.17606373
0,1,0.68645006
0,0,0.20249403
0,0,0.21254092
0,1,0.5179706
1,1,0.68956405
0,1,0.7206871
0,0,0.25527623
0,1,0.53360075
0,1,0.58006245
1,1,0.51154894
0,0,0.3449335
0,1,0.59070885
1,1,0.567715
0,0,0.25974908
0,1,0.520345
0,1,0.566328
0,0,0.34297508
0,1,0.758963
0,0,0.35780123
0,0,0.4557947
0,0,0.26933014
0,0,0.37992394
0,1,0.78201044
0,0,0.25527525
0,1,0.77921224
0,0,0.26665357
0,0,0.19717477
0,0,0.47959846
1,0,0.14616096
0,0,0.48245487
0,0,0.4835645
0,0,0.2734684
0,0,0.41164812
0,0,0.30618763
0,1,0.64538467
0,0,0.3513898
0,1,0.6295963
0,0,0.43170756
0,1,0.58203083
0,1,0.68272805
0,1,0.5499538
0,1,0.5582243
0,1,0.7309631
0,1,0.6342722
0,0,0.23509637
0,0,0.117837414
0,0,0.2996284
0,0,0.39808
0,0,0.15943784
1,1,0.80890554
0,0,0.3526522
0,1,0.8546044
0,1,0.6778386
0,0,0.21983403
0,0,0.14684942
0,0,0.44711325
0,0,0.13193597
0,0,0.26357806
0,0,0.25916904
0,0,0.44249213
0,0,0.09046111
0,0,0.12756917
0,0,0.04062407
0,1,0.76865846
0,0,0.4834342
0,0,0.10210324
0,0,0.23520218
0,0,0.4464467
0,0,0.09880492
0,0,0.24426343
1,1,0.7962845
0,0,0.158485
0,1,0.6514448
0,1,0.7961564
1,1,0.6448751
0,0,0.10076934
0,0,0.1341762
0,0,0.45931086
1,0,0.32469952
0,0,0.48112783
0,0,0.23431496
0,0,0.2930039
0,0,0.117652126
0,1,0.71547544
0,0,0.16503425
0,1,0.64565045
0,0,0.27835014
0,0,0.24334827
0,0,0.11973779
0,1,0.50005275
0,0,0.2670047
0,0,0.37345588
0,0,0.3510868
0,0,0.25417396
0,0,0.121631876
0,0,0.25400576
0,0,0.17327634
0,1,0.6282012
1,1,0.5217199
0,1,0.57425547
0,1,0.6366346
0,1,0.53790474
0,0,0.26307976
0,0,0.2203982
0,1,0.5326454
0,1,0.6993845
0,1,0.8305534
0,0,0.1289661
0,0,0.15275526
0,0,0.3360338
0,1,0.77826947
0,0,0.086851284
0,1,0.5081704
0,1,0.675232
0,1,0.6132366
0,1,0.500057
1,1,0.5779387
0,1,0.5473653
0,0,0.07666061
0,1,0.7301498
0,0,0.12934805
0,0,0.1267768
0,0,0.26983437
0,1,0.54506606
0,0,0.28786203
0,0,0.27348542
0,1,0.5570366
0,1,0.692394
0,0,0.25187242
0,1,0.5709901
0,0,0.46661612
0,1,0.5392763
0,0,0.36995786
0,0,0.46842593
0,1,0.72579557
1,0,0.1347009
0,1,0.7218378
0,0,0.12890086
0,1,0.56144696
0,1,0.7622671
1,0,0.19647022
0,0,0.11244527
0,0,0.14457212
1,1,0.8204748
0,0,0.16763315
0,0,0.40994963
0,1,0.6121432
0,1,0.69108385
0,0,0.44756535
0,0,0.46218944
0,0,0.09535129
0,0,0.48050082
0,0,0.37999037
0,0,0.3262104
0,0,0.34113225
1,0,0.42297447
0,0,0.13205448
0,0,0.16012993
0,0,0.1985409
0,0,0.23360714
0,1,0.5012791
0,1,0.762964
0,1,0.6216298
0,0,0.2830948
0,1,0.7027383
0,0,0.20055261
0,0,0.408707
0,0,0.46186122
1,1,0.7873253
0,0,0.18705514
0,0,0.28133488
0,0,0.06825355
0,0,0.16095355
1,0,0.48481452
1,1,0.57994074
0,1,0.68090045
0,0,0.18235986
1,0,0.13940527
0,0,0.076228335
0,0,0.2115548
0,0,0.16434558
0,0,0.37903416
0,0,0.48573756
0,0,0.09348977
0,0,0.49153367
0,0,0.08887528
1,1,0.85598725
0,0,0.059621558
0,0,0.47745678
0,1,0.5302107
0,0,0.05660009
0,0,0.082687214
0,0,0.17157383
0,0,0.39336118
0,0,0.3956663
0,0,0.18495934
0,0,0.30196035
0,0,0.17849065
0,0,0.16852361
0,0,0.19007395
0,1,0.7309271
0,1,0.6604971
1,1,0.5538865
0,0,0.25967288
1,1,0.60653067
0,0,0.46226722
0,0,0.14656053
0,0,0.059603695
0,1,0.6193575
1,1,0.80527335
0,1,0.56145436
0,0,0.057719853
0,1,0.81054103
0,0,0.3158862
0,0,0.4864562
0,0,0.4994904
0,0,0.46942413
0,0,0.49987122
1,0,0.32611263
0,0,0.41654736
0,1,0.7226585
0,0,0.18390392
0,1,0.5211085
0,0,0.18532664
0,1,0.8205658
0,0,0.3247384
0,1,0.5393769
0,1,0.5165975
1,0,0.089018464
0,0,0.25412822
0,0,0.08476498
0,1,0.7138171
0,0,0.32533678
0,0,0.2568753
0,0,0.22410072
0,0,0.20267531
0,0,0.49921137
0,0,0.09277847
0,0,0.26993915
0,1,0.5771573
0,0,0.035477575
0,1,0.5447689
0,0,0.20632787
0,0,0.22340658
0,0,0.28323454
0,0,0.07396674
0,0,0.4456654
1,1,0.63111484
0,0,0.26788697
0,0,0.38247806
0,1,0.5928105
0,0,0.2887066
0,1,0.77046776
0,0,0.17243956
0,0,0.47633532
0,1,0.6703072
0,0,0.07400503
0,0,0.3490541
0,1,0.8113841
0,0,0.024531845
0,0,0.23704733
0,0,0.38318682
0,0,0.4367458
0,1,0.7856122
0,1,0.7348214
0,1,0.58505225
0,0,0.13817984
0,1,0.5424625
0,0,0.2792464
0,0,0.17503145
0,0,0.40428632
0,0,0.18356095
0,0,0.15607782
0,0,0.30935213
0,0,0.17639206
0,1,0.6604058
0,0,0.3445505
0,1,0.7635944
0,1,0.50380754
0,1,0.5763158
0,0,0.24015978
0,1,0.5141626
1,1,0.6257724
0,0,0.38102198
0,0,0.18404143
0,0,0.32720816
0,0,0.17467733
0,1,0.5499484
0,0,0.38319767
0,0,0.37438554
0,0,0.15460666
1,1,0.74551225
0,0,0.39290795
1,1,0.51714885
1,1,0.6714868
1,1,0.6987914
0,1,0.6987916
0,0,0.19595551
0,1,0.51660204
0,0,0.20104505
0,0,0.28980216
0,0,0.20377417
0,0,0.16645917
0,0,0.29359725
0,0,0.27229857
0,1,0.7285696
0,0,0.12777719
0,0,0.18786748
0,0,0.47494227
0,0,0.33112034
0,0,0.2753093
0,0,0.33108547
0,1,0.8947838
1,1,0.680313
0,0,0.35797632
0,0,0.42802978
0,1,0.7925412
0,0,0.07362064
0,1,0.6557956
0,1,0.66914195
0,0,0.13809632
0,0,0.26794133
0,0,0.1968988
0,1,0.70922905
0,0,0.31817833
0,0,0.24237438
1,1,0.90704215
0,0,0.4930784
0,0,0.24339736
0,0,0.25917
0,0,0.42911842
0,0,0.10092367
0,0,0.19768777
0,1,0.844471
1,1,0.8170005
0,0,0.3014581
0,0,0.1720127
0,0,0.4729649
0,0,0.095193446
0,0,0.15951389
0,1,0.85427094
0,0,0.41630816
0,0,0.35773548
0,1,0.7112272
0,0,0.39180925
1,0,0.31146887
0,0,0.20589271
0,0,0.21085855
0,1,0.64394844
0,0,0.37138018
0,0,0.38954207
0,1,0.6405694
0,0,0.47162336
0,0,0.21099828
0,0,0.42882505
0,1,0.55041397
0,1,0.6571499
1,1,0.75276953
0,0,0.22469623
0,1,0.6664897
0,0,0.16520673
0,1,0.5756689
0,0,0.106471665
0,0,0.41758117
0,0,0.1503634
1,0,0.42381734
0,0,0.14892666
0,0,0.30468366
0,0,0.11520595
0,0,0.19553632
0,0,0.42700604
0,0,0.17145407
0,0,0.1355644
0,0,0.47307435
0,1,0.5344707
1,1,0.787451
0,0,0.046525877
0,0,0.3414617
0,0,0.3177242
0,0,0.4475326
0,0,0.4492061
1,1,0.7581481
1,1,0.63211274
0,1,0.7900137
0,1,0.51739967
0,0,0.2039177
0,0,0.4219479
0,0,0.24744403
0,0,0.38951033
0,0,0.24836154
0,0,0.43273032
0,0,0.09109331
0,1,0.5147714
0,0,0.16617288
0,0,0.44335172
0,0,0.24686033
0,1,0.5586442
0,0,0.18121539
1,1,0.83139056
0,0,0.26001337
1,1,0.83228874
0,1,0.6539853
0,1,0.5254062
0,1,0.6003128
0,0,0.17483772
0,0,0.414883
0,0,0.42394727
0,1,0.67544675
0,0,0.22299989
0,0,0.41348997
0,1,0.51415503
0,0,0.056260344
0,0,0.4964949
0,0,0.29550445
0,0,0.29044387
0,0,0.11413813
0,0,0.051432107
0,0,0.19169497
0,0,0.2767374
0,0,0.055137236
0,0,0.3775199
0,1,0.6926237
0,0,0.11677651
0,0,0.3833337
0,1,0.56529933
1,1,0.55979
0,0,0.38450873
0,1,0.5003547
0,0,0.23429804
0,0,0.10292363
0,1,0.52686816
0,0,0.31991577
0,0,0.44008768
0,1,0.80024934
0,1,0.56956756
0,1,0.8262423
0,0,0.24512365
0,0,0.33650464
0,0,0.26954263
0,0,0.16633296
0,0,0.21077824
0,0,0.3196257
0,1,0.69179
0,0,0.30478504
0,0,0.49264297
0,1,0.64208627
0,0,0.38387048
0,1,0.6045243
0,0,0.38979435
0,1,0.5991655
0,0,0.15923262
0,0,0.25295895
1,0,0.2777758
0,0,0.2826347
0,0,0.25856096
0,0,0.21505912
0,1,0.65885264
0,0,0.099977106
0,0,0.3843004
0,0,0.45189324
0,0,0.24316876
0,1,0.59921527
0,1,0.6990555
0,0,0.43522632
1,1,0.73955953
0,0,0.23063383
0,0,0.485791
0,0,0.41600525
0,0,0.23970109
0,0,0.15350136
0,0,0.39793122
1,0,0.27075306
0,1,0.6085253
0,0,0.24073899
0,0,0.19117518
0,1,0.55020183
0,0,0.46076307
0,1,0.6962645
0,0,0.32620177
0,0,0.18149495
0,0,0.24397406
0,1,0.6368816
0,0,0.29031485
0,1,0.6989296
0,0,0.20404555
0,0,0.21642584
0,0,0.32985097
0,0,0.11894942
0,0,0.15969108
0,0,0.21910283
1,0,0.47667685
0,1,0.7911015
0,0,0.21704735
0,0,0.44618034
0,0,0.20146534
0,0,0.30194896
0,0,0.48853618
0,0,0.17514662
0,0,0.3080849
0,1,0.84557474
1,0,0.1296648
0,0,0.49085847
0,1,0.6672887
0,0,0.40533552
0,1,0.59194094
0,0,0.05345113
0,0,0.4436924
0,0,0.32329014
0,0,0.2748952
0,0,0.37092564
0,0,0.08576688
0,0,0.1249192
0,0,0.349761
0,0,0.12641951
0,1,0.78977025
0,0,0.22333536
0,0,0.39344737
0,1,0.53121156
0,0,0.2046057
0,0,0.47283164
0,0,0.09223376
0,0,0.25220853
0,0,0.3336629
0,0,0.10073383
0,1,0.5917359
0,1,0.5642701
0,0,0.24035338
0,0,0.121678695
0,1,0.6524664
1,0,0.4545987
1,0,0.19640413
1,1,0.56937355
0,1,0.8252417
0,1,0.82518077
0,1,0.5009923
0,1,0.650036
0,1,0.7548249
0,0,0.1806537
0,0,0.19329873
0,0,0.45061424
0,1,0.6557663
0,0,0.1970894
0,1,0.61780447
0,0,0.21861994
0,0,0.4373816
0,0,0.15040623
0,0,0.25957105
0,0,0.3741618
0,0,0.23750669
0,1,0.51028496
0,0,0.18203485
0,0,0.38021216
0,1,0.59523684
0,0,0.066684425
0,1,0.65037405
0,0,0.23505366
0,1,0.52489495
0,0,0.15793473
0,0,0.3660684
0,1,0.53541267
0,0,0.34860936
0,0,0.23467542
0,0,0.1309133
0,0,0.29619995
0,0,0.4617566
0,0,0.17905179
0,0,0.12886949
0,1,0.5694425
0,0,0.14773132
0,0,0.28066123
0,1,0.65737516
0,0,0.20231162
0,1,0.63541114
1,1,0.8174223
0,0,0.4259684
0,0,0.35497755
0,0,0.15024623
0,0,0.35975102
0,1,0.5696164
0,0,0.32533565
0,1,0.5203746
0,1,0.5582211
1,0,0.40408325
0,0,0.22166653
0,0,0.25603175
0,0,0.25979218
0,0,0.4322797
0,1,0.758006
0,1,0.5607115
0,0,0.4322536
0,1,0.7615639
0,0,0.15199736
0,1,0.56403273
0,1,0.73702955
0,1,0.59477633
0,0,0.14536183
0,0,0.07344597
0,0,0.18230739
0,1,0.61719173
1,1,0.7030723
0,0,0.18241395
0,0,0.4767754
1,1,0.55696917
0,0,0.17207338
0,1,0.6848868
0,0,0.09349283
0,0,0.4849764
0,0,0.11903971
0,0,0.16579905
0,0,0.47829613
0,0,0.31975612
0,0,0.19723523
0,0,0.105557635
1,0,0.44465902
0,0,0.23256917
0,0,0.17644861
0,1,0.52819026
0,0,0.188553
0,1,0.61342716
0,0,0.03293267
0,0,0.33178404
0,0,0.36230382
0,1,0.6216056
0,0,0.24993585
0,1,0.50236577
0,0,0.2937612
0,0,0.18202017
0,0,0.2407438
0,1,0.6298495
0,0,0.23882093
0,0,0.46113864
0,0,0.28273106
0,0,0.34369695
0,0,0.1776112
0,0,0.048373174
0,1,0.75540656
0,0,0.081325136
0,1,0.51677454
0,1,0.668352
0,0,0.43210387
0,0,0.16224095
0,1,0.51956296
0,0,0.4789606
0,0,0.350812
0,0,0.24978977
0,0,0.055700522
0,0,0.48235306
0,1,0.7252188
0,0,0.18828008
0,1,0.5618546
0,0,0.39519373
0,1,0.6315338
0,0,0.35617343
0,0,0.47405854
0,0,0.3057058
0,0,0.22428274
0,0,0.33394262
0,0,0.14233945
1,1,0.8026767
0,0,0.4012779
0,0,0.37997425
0,0,0.11085483
0,0,0.28744206
0,0,0.38387808
0,0,0.42169443
0,0,0.3854297
0,1,0.86410797
0,1,0.5894976
0,0,0.17386107
0,0,0.2246857
0,0,0.123354524
0,0,0.23920141
0,0,0.090576634
0,0,0.41529986
0,0,0.32958168
0,0,0.4933683
0,1,0.58188605
0,0,0.2063854
1,1,0.6089698
0,0,0.41472626
0,0,0.20649724
0,0,0.35466155
0,1,0.54423815
0,0,0.21605189
1,1,0.66776067
0,1,0.7443746
0,0,0.19384637
0,0,0.31864965
0,0,0.46074292
0,0,0.30649883
0,0,0.44263855
0,1,0.54173076
0,0,0.12647973
0,0,0.17151572
0,1,0.6566827
0,0,0.25641528
0,0,0.1556401
0,1,0.65856683
0,0,0.3696345
0,0,0.13179517
0,0,0.14266658
0,0,0.26674077
0,1,0.5881435
0,0,0.21734904
0,1,0.76643366
0,0,0.41972142
0,0,0.19860417
0,1,0.5109473
0,1,0.63048005
0,0,0.45720375
0,1,0.5967746
0,1,0.60341287
0,1,0.874333
0,1,0.52934986
1,0,0.25216928
0,0,0.4388999
0,1,0.5316249
0,0,0.22991297
0,0,0.42188954
0,0,0.36421612
0,0,0.30739903
0,0,0.42188144
0,1,0.73448735
0,0,0.24003519
1,1,0.5335711
0,1,0.7420325
0,1,0.5050575
0,0,0.34373838
0,0,0.13002004
0,0,0.17268853
1,0,0.4700322
1,1,0.8568506
1,1,0.65291613
0,0,0.17131296
0,0,0.1991755
0,0,0.40173423
1,0,0.22841315
0,0,0.38086686
0,1,0.73584175
0,0,0.17131464
0,1,0.6283931
0,0,0.06540204
0,1,0.6235104
0,0,0.29532284
0,1,0.5699913
0,1,0.7975455
0,0,0.38556057
0,0,0.16800822
0,0,0.3354665
0,0,0.26451895
0,0,0.32379973
0,1,0.830546
0,0,0.1404666
0,1,0.8237945
0,0,0.33170202
0,1,0.5180218
0,0,0.4441461
0,1,0.5403314
0,0,0.1707404
0,0,0.39909044
0,1,0.57634276
0,1,0.7264723
0,0,0.37036753
0,0,0.35166764
0,1,0.5098468
0,0,0.12166417
0,1,0.59637636
0,0,0.29533705
0,1,0.6367333
0,0,0.2679538
0,0,0.20394771
0,1,0.6259641
1,0,0.32291448
0,0,0.49020708
1,0,0.43061012
0,0,0.27288628
0,0,0.2891423
0,1,0.6639763
0,0,0.24709517
0,0,0.47529653
0,0,0.49729896
0,0,0.40752113
0,1,0.52078724
0,0,0.25102532
0,1,0.55469674
0,0,0.21089569
0,1,0.5415754
0,0,0.46825415
0,1,0.61886483
0,1,0.54855937
0,0,0.34002855
0,0,0.35502708
0,1,0.5347947
0,1,0.61319935
0,0,0.21623573
0,1,0.5322256
0,0,0.16823508
0,1,0.7460335
0,0,0.26345465
0,1,0.7909261
1,0,0.098196015
0,0,0.049316037
0,1,0.5886226
0,0,0.43491718
0,0,0.4508046
0,0,0.42355242
0,0,0.45056722
0,0,0.27335098
1,1,0.6049472
0,1,0.5679195
0,0,0.18565197
0,0,0.13443212
0,0,0.41795972
0,0,0.2067316
0,0,0.1963678
0,0,0.14220378
0,0,0.49796927
0,0,0.30673888
0,0,0.36962557
0,0,0.2596604
0,0,0.17265391
0,1,0.7387469
1,1,0.8025413
0,0,0.20098725
0,0,0.22366041
0,0,0.35353613
0,0,0.120180964
0,0,0.33569646
0,1,0.6910864
0,1,0.5684485
0,1,0.5399936
0,0,0.3157691
0,0,0.09714201
0,0,0.22101521
1,1,0.6083815
0,0,0.35671785
0,0,0.19965437
0,1,0.5691454
0,0,0.269398
0,1,0.57129955
1,0,0.25308436
0,0,0.10904901
0,0,0.3313565
0,1,0.73531866
0,0,0.46657357
0,0,0.13197812
0,0,0.22172953
0,1,0.54465276
1,1,0.69534105
0,0,0.386257
0,1,0.513613
0,1,0.5107469
0,0,0.20210513
0,0,0.4631602
0,1,0.60663307
0,0,0.23355941
0,0,0.28344974
1,1,0.7562023
0,1,0.5391754
0,0,0.48519197
0,0,0.11488127
0,0,0.26141775
1,1,0.5221252
0,0,0.19739458
0,0,0.4338029
0,0,0.3523881
0,0,0.15343352
0,0,0.16420704
0,0,0.33410355
0,1,0.61125535
0,0,0.17546771
1,1,0.63306016
0,0,0.41392243
0,1,0.6557859
0,0,0.19965029
0,1,0.65391904
0,0,0.17545974
0,1,0.6423334
0,1,0.6944745
0,0,0.45817927
0,1,0.57072824
0,0,0.1745584
1,1,0.8749499
0,0,0.26492846
0,0,0.18687633
0,0,0.39464673
0,0,0.4462987
0,0,0.47024235
0,1,0.54674596
0,1,0.6211342
1,1,0.5245252
0,0,0.33412164
0,0,0.321895
0,0,0.24950421
1,1,0.8036211
0,0,0.21904284
0,0,0.4709377
0,0,0.46648425
0,0,0.10791893
0,0,0.13505596
0,1,0.82018244
0,0,0.31830347
0,0,0.4109203
1,1,0.8581612
0,1,0.6096848
0,0,0.2966257
0,1,0.70730346
0,1,0.744753
0,0,0.15735415
0,0,0.40134147
0,1,0.5184394
0,0,0.093499824
0,0,0.43574432
0,0,0.046144865
0,0,0.3740319
0,1,0.6856038
0,1,0.6723835
0,0,0.3498529
0,0,0.1170164
0,1,0.7405789
0,1,0.8006131
0,0,0.15821551
0,0,0.0825869
0,1,0.8206692
0,0,0.35679775
0,0,0.42680424
0,0,0.3906082
0,0,0.35328692
1,0,0.4940427
0,0,0.3268135
0,0,0.12550011
0,1,0.6883545
0,0,0.22399779
0,1,0.6123159
0,1,0.5001361
0,0,0.30952874
1,1,0.6759451
0,0,0.36894503
0,0,0.24562573
0,0,0.28557235
0,0,0.37372136
1,1,0.8475661
0,1,0.5569335
0,0,0.18568508
0,0,0.28336945
1,1,0.60747474
0,1,0.6792649
0,0,0.4292804
0,1,0.6823277
0,0,0.31273007
0,0,0.27698687
0,0,0.17924343
0,0,0.3693093
0,0,0.4876948
0,1,0.7057419
0,0,0.3361596
0,1,0.65503997
0,0,0.32783645
0,1,0.831778
0,0,0.42112073
0,0,0.13961728
0,0,0.40679714
0,0,0.44410133
0,0,0.35641095
0,0,0.4368123
0,1,0.75268453
0,0,0.055915534
0,0,0.087713525
0,1,0.8026019
0,0,0.36252955
0,0,0.15121527
0,1,0.76755714
0,0,0.2175942
0,0,0.21364191
1,0,0.4868988
0,1,0.7189944
0,0,0.3569206
0,0,0.1061003
0,0,0.44915417
0,0,0.07989026
0,0,0.40843484
0,0,0.23444025
0,0,0.32557717
0,0,0.2947457
0,1,0.5073973
0,0,0.44895387
0,0,0.4445474
0,1,0.83131605
0,1,0.69965374
0,0,0.1106095
0,1,0.8470721
0,0,0.17632188
0,0,0.34327632
0,0,0.30502808
0,0,0.3748851
0,0,0.12783976
0,1,0.5040967
0,0,0.3544341
0,1,0.555615
0,1,0.7183472
0,0,0.081007116
1,0,0.3090179
0,0,0.168
0,0,0.29404867
0,0,0.044467583
0,0,0.18481436
0,1,0.62585795
0,1,0.52152497
0,1,0.50414544
0,0,0.28300285
1,1,0.6609849
0,1,0.7782107
0,0,0.23189893
0,0,0.31716323
0,1,0.53476954
0,0,0.41884372
1,1,0.8558765
0,0,0.15804462
0,1,0.5468661
0,0,0.1824545
0,0,0.441266
0,0,0.2604575
0,0,0.40695652
0,1,0.599739
0,0,0.07743944
0,1,0.61847544
0,0,0.46945122
0,0,0.1582431
0,1,0.6027168
0,0,0.14793158
0,0,0.1316615
0,0,0.32153833
0,0,0.3318232
0,0,0.34181347
0,0,0.12788625
0,0,0.40908816
0,0,0.42710114
0,0,0.28852183
0,1,0.603756
0,0,0.15861748
0,0,0.31467474
1,0,0.13133153
0,1,0.5212819
0,0,0.13879324
0,0,0.21557483
0,0,0.06730956
0,0,0.13179038
0,0,0.24706721
0,0,0.3034967
0,0,0.22021203
0,0,0.27422115
0,0,0.15459992
0,0,0.39303762
0,0,0.17822464
0,0,0.39309198
0,0,0.12836814
0,0,0.17924652
0,0,0.22705188
0,0,0.15041475
0,0,0.14599109
0,0,0.39842167
0,0,0.49337417
0,0,0.24109367
0,0,0.20957258
0,1,0.570231
1,1,0.88407654
0,1,0.54144037
0,0,0.28933182
0,0,0.2535339
0,0,0.07943649
0,0,0.09542686
1,0,0.3050497
0,0,0.24274343
0,0,0.17992282
0,0,0.4470287
0,0,0.104047365
0,0,0.19013043
1,1,0.8781111
0,0,0.1290601
0,0,0.20833248
1,1,0.7327992
0,0,0.3765438
0,1,0.56282413
0,1,0.6988681
0,0,0.23991404
0,0,0.18438257
0,0,0.23369403
0,1,0.6115065
0,1,0.6795881
0,0,0.37943658
0,0,0.38270953
0,0,0.37276706
0,1,0.65371096
0,1,0.65721864
1,1,0.81371236
0,0,0.25981992
0,0,0.44502428
0,0,0.35083666
0,0,0.42735004
0,0,0.34415546
0,1,0.5408351
0,0,0.43263122
0,1,0.54662806
0,0,0.39538887
0,0,0.40402704
0,1,0.55736935
0,0,0.32837048
0,0,0.44039708
0,0,0.44345418
0,0,0.46716437
0,1,0.5361841
0,1,0.5224699
0,0,0.44269845
0,0,0.21772438
0,0,0.17327003
0,1,0.5788111
0,0,0.19426094
1,1,0.6475443
0,0,0.27944145
0,0,0.17529811
0,0,0.17062038
0,0,0.47794762
0,0,0.20659535
0,1,0.75466347
0,0,0.18868807
0,1,0.511948
0,0,0.3822857
0,1,0.521779
0,0,0.38812408
0,0,0.08941757
1,0,0.23525792
0,0,0.22132705
0,0,0.38384384
0,0,0.2987777
0,0,0.2832589
0,0,0.49531943
0,0,0.2803216
0,0,0.25887945
0,0,0.36302325
0,0,0.45723745
0,0,0.3620548
0,1,0.61426556
0,1,0.67788213
0,0,0.12979837
0,1,0.6750268
0,0,0.315197
0,1,0.5381807
0,1,0.79628986
0,0,0.2431241
0,0,0.18916355
0,0,0.4633679
0,1,0.7672216
0,0,0.14222775
0,0,0.21232621
0,0,0.4097998
0,1,0.5774069
0,1,0.5525963
1,1,0.8150504
0,0,0.21523039
0,0,0.27304167
0,0,0.31467584
0,0,0.15403678
1,1,0.6915409
0,1,0.72042596
0,0,0.17164056
0,0,0.41602805
0,0,0.09442785
1,1,0.6597934
0,0,0.31174192
1,0,0.22195134
0,0,0.48061207
0,0,0.29455814
1,1,0.8523503
0,0,0.18636103
0,0,0.096462265
0,0,0.45537478
0,0,0.13640764
0,1,0.7287974
0,0,0.34139138
0,0,0.32334942
0,1,0.6833009
0,0,0.2195726
0,0,0.44273752
0,0,0.17802335
0,0,0.28031465
0,1,0.5216381
0,1,0.59174395
0,0,0.49027035
0,0,0.14314945
0,0,0.24337284
0,0,0.06734521
0,0,0.15558773
0,0,0.3182324
0,1,0.60761386
0,1,0.68775135
0,0,0.42436147
0,1,0.6233419
0,1,0.79049885
1,0,0.47967005
0,1,0.71115273
0,0,0.23055786
0,1,0.55491436
0,1,0.83704484
0,1,0.53546864
0,1,0.5096766
0,0,0.11274417
0,1,0.6537308
0,0,0.12012336
1,1,0.70788306
0,0,0.32818213
0,0,0.27054042
1,0,0.23693484
0,0,0.19911176
0,0,0.25123385
0,0,0.26498345
0,0,0.31369093
0,1,0.57390136
0,0,0.4132928
0,0,0.45673332
0,0,0.44500902
1,1,0.7497663
0,0,0.13385822
0,0,0.3292618
0,0,0.112334326
0,1,0.5839416
0,1,0.67271686
0,0,0.28154427
0,0,0.42656195
0,0,0.1114109
0,0,0.0882866
1,0,0.43475202
0,1,0.5417504
0,0,0.04827468
0,1,0.6328702
0,1,0.6360665
0,1,0.560294
1,1,0.52666426
0,0,0.23220986
0,0,0.24902996
0,1,0.5047008
0,0,0.3354953
0,0,0.35558265
0,1,0.64490396
0,1,0.623086
1,0,0.46490294
0,0,0.27609813
0,0,0.17895293
1,1,0.51021016
0,1,0.548593
0,1,0.67750853
0,0,0.18393265
1,1,0.71835244
0,1,0.66178846
0,0,0.25826284
0,1,0.52675074
0,0,0.2004667
0,1,0.52640665
0,0,0.3126994
0,0,0.1669627
0,0,0.09837634
1,1,0.6902659
0,0,0.40769914
0,1,0.61848646
0,0,0.08407349
0,1,0.5992383
0,0,0.3915111
0,1,0.5088035
0,0,0.1238893
0,0,0.299937
0,0,0.43495795
0,0,0.25762224
0,1,0.625692
0,0,0.3536356
0,0,0.1697631
0,0,0.3895986
0,0,0.2290557
0,0,0.41548026
0,0,0.46641588
0,1,0.6830162
0,0,0.35701466
0,0,0.49294704
0,1,0.51676244
0,0,0.16374558
0,1,0.5932268
0,1,0.5238243
0,1,0.5964998
0,0,0.18566872
0,0,0.22908047
0,0,0.3707085
0,1,0.66031915
0,0,0.28888276
1,1,0.6249487
0,1,0.55485374
0,0,0.19768278
1,0,0.42547485
0,0,0.22591735
0,1,0.60498077
0,0,0.16255757
0,0,0.17499278
0,0,0.07503985
1,0,0.33447617
1,0,0.49625048
0,0,0.3996303
0,0,0.161738
0,0,0.29606554
0,1,0.6788889
0,1,0.68949634
0,0,0.36394313
0,0,0.21220823
0,1,0.58132803
0,1,0.5426953
1,1,0.68337923
0,0,0.17428139
0,1,0.61103404
0,1,0.57832783
0,0,0.1776656
0,1,0.6215257
0,1,0.6641991
1,1,0.5042548
0,1,0.5378828
0,1,0.5515908
0,1,0.79185665
0,0,0.28821626
0,1,0.5008993
0,1,0.60255414
1,1,0.5346061
0,0,0.40152228
0,0,0.36206067
0,0,0.33122477
0,0,0.24581718
0,0,0.3981597
0,0,0.12136237
0,1,0.6584715
0,0,0.4068433
0,0,0.0651998
1,1,0.68599784
0,0,0.16490285
0,1,0.70137256
0,0,0.23351032
0,0,0.26566443
0,0,0.3926465
0,0,0.08944106
0,0,0.08796414
0,0,0.2540017
0,0,0.17539541
0,0,0.17310676
1,1,0.7202994
0,0,0.31107032
1,1,0.7706791
0,1,0.5879352
0,0,0.10404569
0,0,0.44588786
0,0,0.23492023
0,0,0.49972692
0,0,0.3977485
0,0,0.35322097
0,1,0.58352816
0,0,0.21472323
0,0,0.09145717
0,0,0.29297808
0,0,0.48360664
0,0,0.25492987
0,1,0.6291127
0,0,0.36523104
0,0,0.14217974
0,0,0.4479889
0,1,0.67534524
0,1,0.5761883
0,1,0.6572252
0,0,0.26149854
0,0,0.33219224
0,0,0.3742945
0,1,0.75953096
0,0,0.13642532
0,0,0.47011784
1,1,0.8514113
0,0,0.33496004
0,0,0.2534374
0,1,0.5899957
0,0,0.117322244
0,1,0.8623796
0,0,0.44736552
0,1,0.56572944
0,0,0.1533552
0,0,0.41112804
0,0,0.3236297
0,0,0.47807586
0,0,0.048918553
0,0,0.17333616
0,0,0.13907364
0,0,0.37183005
0,0,0.24774939
0,0,0.1498816
0,1,0.5705054
0,0,0.1726795
0,1,0.7127565
0,1,0.54027903
0,0,0.32620046
0,0,0.065064386
0,0,0.19296572
0,0,0.2308998
0,0,0.08861002
0,1,0.58318967
0,0,0.24559791
0,1,0.85830325
0,0,0.2644842
0,0,0.45959446
0,0,0.31835794
0,1,0.5975055
0,0,0.14131145
0,1,0.5378372
0,0,0.10347712
0,0,0.103085235
1,1,0.851436
0,1,0.56455797
0,0,0.21067113
0,1,0.65584046
0,0,0.25065196
0,0,0.18380742
0,1,0.54074585
0,1,0.67761195
0,0,0.39176255
0,1,0.77714634
0,0,0.16110061
0,0,0.30485612
0,0,0.31820282
0,1,0.7141709
0,1,0.5237572
0,1,0.5067853
0,0,0.48917925
0,1,0.7019083
0,0,0.32127157
0,1,0.6656652
0,0,0.20975749
0,0,0.15179507
0,0,0.11586803
0,0,0.38518488
0,0,0.34801668
0,1,0.5464561
0,0,0.121270634
0,0,0.3159404
0,0,0.3422501
0,1,0.61087185
0,0,0.2889974
0,0,0.12353635
0,0,0.2653208
0,0,0.09664654
0,1,0.8021396
0,1,0.79838187
0,0,0.107893765
0,0,0.42332157
0,0,0.22379456
0,0,0.1668379
0,1,0.60291296
0,0,0.38334948
0,0,0.4756593
0,1,0.5043031
0,0,0.24240322
0,1,0.5159599
0,0,0.4847582
0,1,0.6985782
0,0,0.21276022
0,1,0.56826794
0,1,0.8083119
0,0,0.2762713
0,0,0.46357334
0,1,0.7930708
0,1,0.67997956
0,0,0.14539886
0,0,0.09890549
0,0,0.2942457
0,0,0.43878454
0,0,0.37562913
0,0,0.13591792
0,1,0.5212314
0,0,0.27895936
0,1,0.72566205
0,0,0.11985871
0,1,0.5066237
0,0,0.23628716
0,0,0.30967495
0,1,0.7752691
0,0,0.3528298
0,1,0.5510688
1,1,0.58033615
0,0,0.25035682
0,1,0.8153204
0,0,0.14992513
0,0,0.21427116
0,0,0.3817003
0,0,0.11342605
0,1,0.7557271
0,0,0.36285317
0,0,0.46244183
0,1,0.5289355
1,1,0.52159303
0,0,0.2649093
1,1,0.5955941
0,0,0.28336737
0,0,0.1441407
0,0,0.3511711
0,0,0.48496115
0,0,0.44092217
0,0,0.35485917
0,0,0.2786096
0,0,0.16840771
1,0,0.15695874
0,0,0.09288447
0,1,0.5009155
0,0,0.3417715
0,0,0.46601912
0,0,0.2802374
0,0,0.32038623
0,0,0.19047832
0,1,0.70465714
0,0,0.19237237
0,0,0.38791797
0,0,0.081741706
0,1,0.6223017
0,0,0.42590985
0,0,0.47324947
0,1,0.7361105
0,1,0.5192876
0,0,0.41093764
0,0,0.34189588
0,0,0.49346447
1,1,0.69313073
0,0,0.4180863
0,1,0.74658895
1,0,0.45220953
0,1,0.58866245
1,0,0.4364157
0,0,0.26866814
0,0,0.17327805
0,0,0.20918877
0,0,0.3204423
0,0,0.15652092
1,0,0.17460535
0,0,0.40536934
0,1,0.6198533
1,0,0.28748995
0,0,0.22609423
0,0,0.14420545
0,0,0.3420036
0,0,0.1574938
0,0,0.23352899
0,1,0.6381767
1,1,0.66055316
0,0,0.3851221
0,0,0.35155728
0,0,0.20832893
0,0,0.12041738
0,0,0.13749555
0,0,0.39303237
0,0,0.26785195
0,0,0.25715384
0,0,0.048359096
0,0,0.26396304
0,1,0.528964
0,0,0.49872807
0,0,0.27524644
0,1,0.5975586
0,1,0.5972765
0,0,0.41746145
0,0,0.212643
0,0,0.29167637
0,0,0.49867198
0,0,0.2825107
0,0,0.330244
0,0,0.22513132
0,0,0.16270271
0,0,0.37177944
0,0,0.2196157
0,1,0.7496228
0,0,0.16285945
0,0,0.17253189
0,1,0.82644486
1,0,0.2372188
0,1,0.53431463
0,0,0.15122776
0,0,0.20020619
0,0,0.18919274
0,1,0.5876462
0,0,0.4809922
0,0,0.45980275
0,0,0.46176785
1,1,0.92328864
0,1,0.67690545
0,0,0.2201824
0,0,0.33515772
0,0,0.26121432
0,0,0.45289832
0,0,0.067254886
0,1,0.64087653
0,1,0.7309506
0,0,0.3933774
0,0,0.49725989
0,0,0.10483151
0,0,0.048839603
0,0,0.45609733
0,0,0.117061496
0,0,0.45823663
0,1,0.66301316
0,0,0.24525787
0,0,0.173444
0,0,0.35557526
0,0,0.37182498
0,1,0.61578
0,0,0.28032163
0,0,0.31966117
1,1,0.8666961
0,0,0.4373747
0,1,0.8098481
0,0,0.47725743
0,0,0.12967336
0,0,0.3786738
0,1,0.52130437
0,0,0.20197071
0,0,0.42110878
0,0,0.32279396
1,1,0.72296715
0,0,0.15074183
0,1,0.57450145
0,0,0.29693785
0,0,0.4933101
0,1,0.8113906
0,1,0.6630169
0,1,0.64909303
1,1,0.8327066
0,0,0.25443438
0,0,0.30385518
1,0,0.47102454
0,1,0.66223675
0,0,0.3650934
0,0,0.4604408
0,0,0.36748287
0,0,0.30464426
0,0,0.14029281
0,0,0.32244256
0,0,0.09966663
0,0,0.23400742
0,0,0.15347774
0,1,0.54489666
0,0,0.24759343
0,0,0.20379193
0,1,0.7018661
0,0,0.34100854
0,0,0.26215297
0,0,0.23355693
0,1,0.51967084
0,0,0.306814
0,0,0.20546691
0,0,0.11296711
0,1,0.52082974
0,0,0.4939865
0,0,0.17656979
0,0,0.19056508
0,0,0.4662664
0,0,0.2386714
0,0,0.40886754
0,0,0.24585544
0,0,0.48268068
0,0,0.3730041
0,0,0.10445789
0,0,0.34711784
0,1,0.6797306
0,0,0.30788532
0,0,0.34596348
0,0,0.12243149
0,0,0.28585303
0,1,0.7473214
0,1,0.52224076
0,0,0.18388455
0,1,0.7184465
0,0,0.18137334
0,0,0.20965219
0,0,0.26749828
0,0,0.33902165
0,1,0.61008024
0,0,0.4681474
0,1,0.5049993
0,1,0.57728374
0,1,0.77592343
0,1,0.6364482
0,0,0.2114322
0,0,0.061148405
0,0,0.42312333
0,1,0.76038337
0,0,0.3965525
0,1,0.5340665
0,0,0.32858482
0,0,0.27776968
0,0,0.4170336
0,1,0.856731
0,0,0.24863565
0,0,0.24649681
1,1,0.7384106
0,0,0.37191623
0,0,0.4507
0,1,0.56406325
0,0,0.084061205
0,0,0.38522142
0,0,0.32800835
0,0,0.40412942
0,1,0.74639976
0,0,0.45036405
0,0,0.39838636
0,0,0.42483145
1,1,0.53788733
0,0,0.14989582
0,0,0.47320238
0,0,0.1769077
0,1,0.55445814
0,1,0.6350163
0,0,0.27282962
0,0,0.41400266
0,0,0.1926762
0,0,0.12358186
0,0,0.23375535
0,0,0.17597954
1,0,0.46090028
0,0,0.16422811
0,1,0.52517253
0,1,0.5232937
0,1,0.55206126
0,0,0.27946985
0,0,0.338958
0,0,0.3741101
0,0,0.3096078
0,0,0.42212942
0,0,0.08453096
0,0,0.15451463
0,0,0.35941267
0,0,0.49132144
0,0,0.25337374
0,0,0.25219068
0,0,0.27310425
0,0,0.299989
0,1,0.6897731
0,0,0.30121854
0,0,0.14423494
0,0,0.33874485
0,0,0.4366636
0,0,0.34866968
0,0,0.1540938
0,0,0.10182618
0,1,0.82353806
0,1,0.6957121
0,0,0.19440326
0,0,0.4277867
0,0,0.1683518
0,0,0.21999754
0,0,0.40963292
0,0,0.18601884
0,1,0.82393366
0,0,0.33769473
0,1,0.5071134
0,1,0.50632346
0,0,0.13363081
0,1,0.64099365
0,1,0.8656509
0,1,0.713458
0,1,0.8748511
0,0,0.14763397
0,0,0.23631814
0,0,0.41358945
0,0,0.32349744
0,1,0.7642977
0,0,0.029757714
0,0,0.25622922
0,0,0.32155123
0,0,0.100565344
0,1,0.69444394
0,1,0.5804137
0,1,0.55537945
0,0,0.19732197
0,0,0.32771647
0,0,0.47898522
0,0,0.32829666
0,1,0.70157707
0,1,0.589322
0,0,0.1420241
0,0,0.2867901
0,0,0.33742872
1,0,0.34994534
0,0,0.37135562
0,0,0.2883681
0,0,0.06948148
0,0,0.35227442
0,1,0.8413813
0,0,0.29102948
0,0,0.097571924
0,1,0.7048693
0,0,0.050659046
0,0,0.10739389
0,0,0.09888921
0,1,0.5543854
0,0,0.38660172
0,0,0.3368093
0,0,0.30512798
0,0,0.37495777
0,0,0.38204744
0,0,0.08966189
0,0,0.35546985
1,1,0.6592256
0,1,0.79388815
0,0,0.3440065
1,0,0.18053725
0,0,0.23382296
0,0,0.39208785
0,0,0.395531
0,1,0.7220571
0,0,0.14385185
0,0,0.38561884
0,0,0.42355174
0,1,0.6490523
0,0,0.25913036
1,0,0.3659852
0,0,0.4019596
0,1,0.5159301
0,1,0.60091996
0,0,0.11258627
0,1,0.7055877
0,0,0.20682794
0,1,0.8012759
0,1,0.6390052
1,1,0.75532025
0,0,0.1301225
0,0,0.4578811
0,0,0.30461895
1,1,0.8870616
0,1,0.5821236
0,0,0.4697514
0,0,0.34312204
0,1,0.8335428
0,1,0.8473292
0,0,0.23073423
0,0,0.1278892
0,0,0.16265334
0,1,0.5138013
0,0,0.38685513
0,0,0.16675009
0,0,0.23910078
0,0,0.3600426
0,0,0.21862262
0,1,0.6612422
0,0,0.14946195
0,0,0.21901305
0,0,0.36751288
0,1,0.8269174
0,1,0.52635646
0,0,0.40991488
0,0,0.34551653
0,0,0.3045108
0,0,0.18546318
0,0,0.41843608
1,1,0.5454729
0,0,0.33446378
0,0,0.13257568
0,0,0.14069578
0,1,0.62933505
0,0,0.2622621
0,0,0.23425815
0,0,0.26577234
0,0,0.2437631
0,0,0.40579283
0,0,0.25524893
0,1,0.63805234
0,0,0.2829479
0,1,0.5123934
0,1,0.7311038
0,0,0.27000907
0,0,0.18375506
0,0,0.23992975
0,0,0.20951535
0,0,0.15782975
0,0,0.27072433
0,0,0.41477776
0,0,0.3422165
0,1,0.6537498
0,1,0.79038393
0,0,0.22442505
0,1,0.7203035
0,0,0.21028352
0,0,0.4344502
0,0,0.26420224
0,1,0.64491814
0,1,0.6344324
0,0,0.41976452
0,1,0.562038
0,1,0.6017956
0,1,0.7049697
0,1,0.67091185
0,0,0.14095223
0,0,0.28317365
0,0,0.18678318
0,0,0.43233615
0,1,0.6640457
0,0,0.13963757
0,0,0.47894856
0,0,0.4931735
0,0,0.25226277
0,1,0.708744
0,1,0.58049124
0,0,0.32779115
0,0,0.22315554
0,0,0.11333376
0,1,0.8000573
0,0,0.12290865
0,0,0.13654475
0,1,0.5569413
0,0,0.48511273
0,0,0.21390247
0,0,0.11885384
0,0,0.3949284
0,1,0.79260236
0,0,0.30211124
0,0,0.25021145
0,0,0.42312974
0,0,0.09084222
0,0,0.3226478
0,0,0.37577996
0,0,0.1954846
0,0,0.14104599
0,0,0.14614001
0,0,0.18279253
0,0,0.27384147
0,0,0.4756698
0,0,0.47387627
0,1,0.57895905
0,0,0.3673397
0,0,0.29528785
0,0,0.13279319
0,0,0.20868036
0,1,0.6540168
0,0,0.3778771
0,1,0.55574286
0,0,0.1565269
0,0,0.25429282
0,0,0.0827897
0,0,0.09611206
0,0,0.37959075
0,0,0.33961987
0,1,0.63388544
0,1,0.72931355
0,0,0.2848468
0,0,0.356678
1,1,0.6133989
0,0,0.24361014
0,1,0.74653405
0,0,0.39343485
0,0,0.08736179
0,1,0.59150803
0,0,0.23577103
0,0,0.49372756
0,0,0.4295367
0,1,0.6407042
0,0,0.43930215
0,0,0.47038025
0,0,0.42756006
0,1,0.7361959
0,0,0.19438793
1,1,0.7492548
0,1,0.59250915
0,0,0.37042257
0,0,0.084081
0,0,0.44392332
0,0,0.43910944
0,1,0.50782037
0,0,0.44740435
0,0,0.35441533
0,0,0.1811875
0,0,0.26843902
0,1,0.62521315
0,1,0.5092691
0,0,0.3150231
0,0,0.45409933
0,0,0.36282498
0,0,0.44779718
0,0,0.13580365
0,0,0.41289586
0,0,0.15455282
0,0,0.1732671
0,1,0.7660139
0,0,0.3682581
0,0,0.20854661
0,1,0.79870766
0,0,0.35488498
0,0,0.04341843
0,1,0.59649473
0,1,0.7468824
0,1,0.5493698
1,1,0.7706029
0,1,0.5098571
0,0,0.34809518
1,1,0.7224036
0,1,0.5528609
0,1,0.50834936
0,0,0.21897975
0,1,0.6681043
0,1,0.5244107
0,0,0.20311072
0,0,0.3838374
0,1,0.6969524
0,0,0.24727358
0,0,0.23977628
0,1,0.7594675
0,1,0.5682764
0,0,0.16615242
0,0,0.07756507
0,0,0.11419164
1,1,0.657788
0,1,0.7786262
0,0,0.10673634
0,0,0.3312235
0,0,0.12821908
0,0,0.15171818
0,0,0.099583864
0,0,0.21329896
0,0,0.29495516
0,0,0.07515277
1,0,0.2666446
0,1,0.7156129
0,0,0.40100074
0,0,0.20908365
0,0,0.066432774
0,0,0.46499982
0,0,0.0665113
0,0,0.27696604
0,1,0.63785595
0,0,0.32122815
0,0,0.041730803
0,1,0.8625367
0,0,0.11211515
0,0,0.19861966
0,0,0.42491826
0,0,0.2092459
0,0,0.34943575
0,1,0.5127838
0,0,0.26330894
0,0,0.24047768
0,0,0.43468803
0,0,0.38415247
0,0,0.135312
0,0,0.46956947
0,0,0.42512736
0,1,0.5564112
0,1,0.5723741
0,0,0.23202519
0,1,0.77682674
0,0,0.077393696
0,0,0.19340678
0,1,0.6595525
0,0,0.17179848
0,1,0.57959306
0,0,0.41534325
0,1,0.72912896
0,0,0.07569568
0,1,0.65138984
0,1,0.50738674
0,0,0.29194978
0,1,0.5167238
0,0,0.16273773
0,0,0.47719467
0,0,0.2269536
0,0,0.1518095
0,1,0.57613105
1,1,0.5224083
0,1,0.745259
0,1,0.54995674
0,1,0.61918825
1,0,0.29203054
0,0,0.30171642
0,0,0.24773546
0,0,0.28618813
0,0,0.07008455
1,1,0.72812533
0,1,0.6314941
0,1,0.6696019
0,0,0.28164646
1,1,0.73798907
0,0,0.43416855
0,0,0.09641434
0,0,0.26929247
0,1,0.5813903
0,0,0.094683446
1,1,0.6994349
1,1,0.82377905
0,1,0.6831784
0,0,0.084500335
0,0,0.13292077
0,1,0.57454205
0,0,0.15700665
0,0,0.34040782
0,0,0.4500416
1,0,0.48830056
0,0,0.2714393
0,0,0.2638793
0,0,0.040135186
0,0,0.45749953
0,1,0.6306499
0,0,0.10210151
0,0,0.32373238
0,0,0.26182383
0,0,0.39323333
0,0,0.46642247
0,0,0.062392198
0,0,0.37676257
0,1,0.6904962
0,1,0.78381014
0,0,0.36957607
0,0,0.20461792
0,0,0.2890848
0,1,0.8446566
0,0,0.10228723
0,1,0.75093114
0,0,0.3121631
0,1,0.683333
0,0,0.29296649
0,0,0.27922204
1,1,0.5861698
1,1,0.6598984
0,1,0.83623403
0,0,0.3511384
1,1,0.5747868
0,0,0.35735476
1,0,0.49179286
0,0,0.42654163
0,1,0.5433451
0,0,0.23327464
0,0,0.26118878
0,0,0.1516055
0,1,0.5335344
1,1,0.7496151
0,0,0.3081459
0,0,0.16691722
0,0,0.2526518
0,1,0.69716775
0,0,0.21168178
0,1,0.56813985
0,0,0.48166686
0,0,0.23483561
0,1,0.65081394
0,0,0.25939456
0,0,0.33554265
0,0,0.19202924
0,0,0.46106908
0,0,0.3918559
0,0,0.23876177
0,0,0.3948065
1,0,0.4307898
0,0,0.1575408
0,0,0.1973303
0,1,0.78871185
1,1,0.90685195
0,0,0.2568855
0,0,0.10361166
0,0,0.20559
0,0,0.42141908
0,1,0.6485227
0,1,0.6612906
0,0,0.10761312
0,0,0.29188603
0,0,0.18509482
0,0,0.26328957
0,0,0.38991594
0,0,0.23734736
0,0,0.108475566
0,0,0.33047408
0,0,0.08736723
0,0,0.48448262
0,0,0.20410112
0,0,0.31466442
0,0,0.28135753
0,1,0.5168854
0,1,0.8126239
0,0,0.18979198
0,0,0.25512317
0,0,0.15601444
0,0,0.23856089
0,0,0.46080062
0,0,0.10094189
0,0,0.20340954
0,0,0.13402505
0,0,0.273558
0,0,0.20873073
0,0,0.19695994
0,0,0.347782
0,0,0.15853593
0,1,0.5989942
0,0,0.18506469
0,1,0.5996014
0,0,0.381446
0,0,0.21103121
0,0,0.1465003
0,0,0.2114036
0,0,0.29899725
0,1,0.5261262
0,0,0.244315
0,0,0.2923822
0,1,0.56697387
1,1,0.52496076
0,0,0.10624162
0,0,0.17323825
0,0,0.3410889
0,0,0.20516345
0,1,0.5227686
1,1,0.5517048
0,1,0.5123164
0,1,0.65351486
0,1,0.57309467
0,1,0.59707296
0,0,0.48742905
0,0,0.32676405
0,0,0.25590485
0,0,0.24210405
0,0,0.23998828
0,0,0.24068241
1,1,0.69023156
0,1,0.5170279
0,0,0.15078765
0,1,0.54929596
0,1,0.54505
1,1,0.8428052
0,0,0.32058007
0,0,0.4219902
0,0,0.33285123
0,1,0.63014585
0,0,0.35295194
0,0,0.41438934
0,0,0.17038581
0,1,0.52688664
1,1,0.88985443
0,0,0.10439038
0,0,0.22776066
0,0,0.19598716
0,0,0.49203324
0,1,0.63867384
0,0,0.2733472
0,0,0.105248205
0,1,0.6581183
0,1,0.8230708
0,0,0.1803437
0,0,0.24316509
1,1,0.507251
0,0,0.23404944
0,1,0.5715487
0,0,0.40216556
0,0,0.46819878
1,0,0.40258998
0,0,0.12862277
0,0,0.104693115
0,0,0.059781384
0,0,0.039267574
1,1,0.8805415
0,0,0.44608372
0,0,0.41884983
0,0,0.29898995
1,1,0.78403383
0,1,0.6668194
0,0,0.14849168
0,0,0.26546538
0,0,0.21806374
0,0,0.25428516
0,1,0.56072414
0,0,0.43589947
1,1,0.69409436
0,0,0.36626992
0,0,0.09217142
0,1,0.7485802
1,1,0.62784183
0,0,0.38715938
0,0,0.3387881
0,0,0.39229497
1,0,0.33929205
0,1,0.74132943
0,0,0.4284367
0,0,0.11649853
0,1,0.5272109
1,1,0.62238944
0,1,0.7729819
0,1,0.5375422
0,1,0.640388
0,0,0.17338972
0,0,0.23233928
0,0,0.31228137
0,0,0.38333258
0,0,0.12669176
0,1,0.643651
0,0,0.19642314
0,0,0.19969258
0,0,0.06802047
0,0,0.3628896
0,0,0.49601725
0,0,0.39146438
0,0,0.4410079
0,0,0.27370057
0,0,0.22691236
0,1,0.8108073
0,0,0.13649438
0,1,0.6849068
0,1,0.64720035
0,0,0.49862242
0,0,0.20022309
0,0,0.28650358
0,0,0.3692767
0,1,0.7640969
0,0,0.19195524
0,0,0.3888615
0,0,0.2981023
0,1,0.543972
0,1,0.7665782
1,0,0.36238295
0,1,0.70529497
1,1,0.5758102
0,0,0.09140002
0,0,0.3487287
0,0,0.19083826
0,1,0.6278592
0,0,0.35680875
0,0,0.33370787
0,0,0.33042973
0,1,0.5714196
0,0,0.18554
0,1,0.60455054
0,0,0.34063023
0,1,0.59829795
0,0,0.2182455
0,0,0.48675132
0,0,0.34502006
1,1,0.66323024
0,1,0.7111667
1,0,0.16130184
0,0,0.12353895
0,1,0.61586124
0,1,0.802755
0,0,0.18272743
0,0,0.3131378
0,1,0.6900481
0,0,0.27998763
0,1,0.582453
0,0,0.34399098
0,1,0.58965504
0,1,0.5117527
0,0,0.3441073
0,0,0.03267749
0,0,0.14936155
0,1,0.5664748
0,0,0.24238123
0,1,0.56167376
0,0,0.2482573
0,0,0.17353736
0,1,0.5414018
0,0,0.1732041
0,0,0.26935598
0,0,0.40430942
0,1,0.7019366
0,0,0.19391923
0,0,0.18174623
0,0,0.033694826
0,0,0.15275416
0,1,0.5271435
0,1,0.5132579
1,1,0.5815448
0,1,0.569754
1,1,0.75436383
0,0,0.24693875
0,0,0.30326325
0,0,0.39302412
0,0,0.25237837
0,0,0.4008043
0,0,0.20901342
0,0,0.37614676
0,0,0.08116459
0,0,0.24737903
0,0,0.49512523
0,0,0.3179464
0,0,0.15810624
0,0,0.22462037
0,0,0.15220308
0,1,0.5464151
0,0,0.33748525
0,0,0.078518555
0,0,0.28287095
0,0,0.06999178
0,0,0.2456674
0,0,0.2802911
0,0,0.3258929
1,1,0.5593703
0,1,0.57042754
0,0,0.36041757
0,0,0.48776817
0,0,0.40906852
0,0,0.31767797
0,1,0.6133756
0,1,0.5561035
0,0,0.32768214
0,1,0.57840705
0,0,0.3334127
0,0,0.48664808
0,0,0.49502566
0,0,0.2918771
0,0,0.16244794
0,0,0.32481185
0,0,0.49297717
0,0,0.34402755
0,0,0.18989563
0,0,0.16105863
1,0,0.35422733
0,0,0.21904628
0,0,0.21049741
0,1,0.7245276
0,0,0.16062331
0,0,0.16644202
0,1,0.60745996
0,0,0.14859658
0,0,0.27010283
0,1,0.5969909
0,1,0.5853245
0,0,0.3651369
1,1,0.7561281
0,0,0.0230926
0,0,0.32173517
0,0,0.46146894
0,0,0.27512294
0,0,0.24292746
0,0,0.13474296
0,0,0.21786103
0,1,0.6095671
0,0,0.15295519
0,0,0.11078044
0,0,0.49801496
0,0,0.15184385
1,1,0.7755296
0,0,0.15472846
0,0,0.299352
1,0,0.2273262
1,1,0.7014887
0,0,0.16852805
1,1,0.76561064
0,0,0.24621855
1,1,0.67146045
1,1,0.76524144
0,0,0.41940725
0,0,0.4446988
0,1,0.58982956
0,1,0.58993727
0,0,0.19429035
0,1,0.55296826
0,1,0.5600673
0,0,0.23568113
0,0,0.1752592
0,0,0.2925883
0,0,0.05210355
0,1,0.52682704
0,1,0.7452783
0,0,0.48895547
1,1,0.65437454
0,1,0.5981123
0,0,0.33891064
0,1,0.544082
0,0,0.4795767
0,0,0.27270138
0,1,0.56544924
0,0,0.15232554
0,0,0.20759389
0,0,0.22184539
0,0,0.31918997
0,1,0.6204483
0,0,0.275219
0,0,0.3175883
0,0,0.08016928
0,0,0.12909329
0,0,0.2705518
0,1,0.5387748
0,0,0.4964704
0,0,0.28139278
0,0,0.17619103
0,0,0.35945356
0,1,0.86027557
0,0,0.16762432
0,1,0.71730417
1,1,0.7634044
0,0,0.28215858
1,1,0.53085274
0,1,0.5342623
0,1,0.64130265
0,0,0.22651887
0,0,0.2004086
0,0,0.35598576
0,0,0.10801417
0,1,0.57840306
0,0,0.14372268
0,1,0.6238569
0,0,0.29701343
0,1,0.64747226
0,0,0.4156601
0,0,0.057350505
0,0,0.34874624
0,1,0.7621317
0,0,0.3508532
0,0,0.46311384
0,1,0.5283554
0,0,0.18819155
1,1,0.50358725
0,0,0.31412527
0,0,0.20952265
0,0,0.40594414
0,0,0.3326243
0,0,0.24982706
0,0,0.20852663
0,1,0.5799082
0,0,0.26476997
0,0,0.21221651
1,1,0.5921351
0,0,0.13445859
0,1,0.5036757
0,0,0.13718982
0,1,0.5019826
0,0,0.057144396
0,0,0.2576106
0,0,0.23948489
0,0,0.4759778
0,1,0.5952269
0,1,0.6256778
0,0,0.48401174
0,0,0.1876116
0,0,0.07991276
0,0,0.35733965
1,1,0.69577724
0,0,0.12232834
0,0,0.22804788
0,0,0.3153558
0,0,0.4385494
0,1,0.5749947
0,1,0.54318804
0,0,0.15192394
0,1,0.61521906
0,0,0.18203005
0,1,0.5112362
0,1,0.60925865
0,0,0.47220206
0,0,0.16662705
0,0,0.34567797
0,1,0.76544887
0,0,0.3804533
0,0,0.22991674
0,0,0.29447123
0,1,0.6705586
0,0,0.28841096
1,1,0.78767693
0,0,0.18853068
0,0,0.07765802
0,0,0.36919513
0,1,0.60964864
0,0,0.08896705
0,0,0.21732208
0,0,0.32369298
0,0,0.20979807
0,1,0.5718448
0,0,0.08483395
0,1,0.5025697
1,1,0.5203961
1,1,0.6073032
0,0,0.23970936
0,0,0.47998738
0,1,0.6466256
0,0,0.11861116
0,0,0.23203538
0,1,0.6940326
0,0,0.37364575
0,0,0.22465849
0,0,0.12695464
0,0,0.15098421
1,1,0.572501
0,1,0.8266864
0,0,0.36667842
0,1,0.51808536
0,1,0.8183914
0,1,0.58439505
1,0,0.21054198
0,1,0.6608843
0,0,0.073363505
0,0,0.39551362
1,1,0.87383235
0,0,0.24083792
0,0,0.029164815
0,1,0.8875597
1,1,0.66846836
0,0,0.3643159
0,0,0.22230224
1,1,0.55144256
0,0,0.30959016
0,0,0.17863637
0,0,0.41771683
0,0,0.36417773
0,0,0.38014492
0,0,0.31329516
0,0,0.44876626
0,1,0.6677609
0,0,0.33589375
0,1,0.6885115
0,0,0.050782163
0,0,0.0907806
0,0,0.30725983
0,0,0.10255539
0,0,0.23837353
0,0,0.4728587
0,1,0.66088843
0,1,0.8501812
0,0,0.19376844
0,0,0.17927383
0,1,0.58169216
0,0,0.20991181
1,1,0.78170264
0,0,0.14904585
0,0,0.48313588
0,1,0.70518166
0,0,0.4176831
0,0,0.35876992
0,1,0.5197515
0,0,0.06630854
0,0,0.4448107
0,0,0.13365279
0,0,0.1831512
0,0,0.32565847
1,1,0.60776424
0,1,0.5098229
0,1,0.79219586
0,1,0.584073
0,0,0.3223355
0,1,0.7034169
0,1,0.7739287
0,0,0.25305617
1,0,0.49541315
0,0,0.36139226
0,1,0.5175822
0,0,0.46438345
0,0,0.27832
0,0,0.41251436
0,0,0.095293745
0,1,0.6880032
0,0,0.15340014
0,0,0.12409959
0,1,0.5313417
0,1,0.675386
0,0,0.46167475
0,0,0.15726125
0,0,0.30856106
0,0,0.44070435
0,0,0.2985936
0,0,0.07356969
0,0,0.38830918
0,0,0.44849032
0,0,0.23532775
0,0,0.21402647
1,1,0.67910725
0,0,0.3957435
0,0,0.41070396
1,1,0.8771065
1,0,0.45421687
1,1,0.5428963
0,0,0.2664535
0,0,0.16546142
0,1,0.50810546
0,0,0.14026307
0,0,0.3211485
0,0,0.20534845
0,0,0.26460862
0,0,0.22515692
0,0,0.2821726
0,0,0.27455068
0,0,0.49069765
0,0,0.49956468
1,1,0.8166666
0,0,0.41541737
0,1,0.7659787
0,0,0.20024191
0,0,0.17912887
0,0,0.25495666
0,0,0.25838807
0,0,0.48954672
0,0,0.23502247
0,1,0.54803514
0,1,0.7026407
0,0,0.44647405
0,0,0.21106593
0,0,0.44941616
1,0,0.33339116
0,0,0.11803074
0,1,0.7675945
0,0,0.10597392
0,1,0.733376
0,0,0.08852161
0,0,0.2400884
0,0,0.38882643
0,0,0.19556528
0,0,0.2860956
0,1,0.62570274
0,0,0.48036522
0,0,0.2815118
0,0,0.4569834
1,0,0.42772868
0,0,0.28700048
0,0,0.061158333
0,1,0.5579913
0,0,0.20565328
0,0,0.0948458
0,0,0.4247645
0,0,0.44329762
0,1,0.54207784
0,1,0.5414162
0,0,0.262644
0,1,0.7504165
0,0,0.42911652
0,0,0.45265144
0,0,0.44659993
0,0,0.40426743
0,1,0.5292732
0,0,0.13620824
1,1,0.85444957
0,0,0.25527605
0,0,0.302662
0,0,0.4889807
0,0,0.30663994
0,1,0.66552
0,0,0.27861866
1,0,0.314224
0,1,0.52059186
0,0,0.12902853
0,0,0.07321906
0,1,0.60255057
0,0,0.41940975
0,0,0.30815876
0,0,0.14625944
0,1,0.52656806
0,0,0.46852535
0,0,0.42664376
0,1,0.6284251
0,1,0.8005572
0,0,0.26656756
0,0,0.069602735
0,0,0.34923875
0,0,0.39361987
0,1,0.5481319
0,1,0.6789261
0,1,0.51961493
1,0,0.47026724
0,0,0.3613877
0,0,0.3827721
0,0,0.22091375
0,1,0.5952177
0,0,0.43579248
0,0,0.47619736
0,1,0.84291965
0,0,0.13650894
0,0,0.13366418
0,0,0.3820571
0,0,0.11072308
0,1,0.5612052
0,0,0.19185267
0,0,0.49468482
0,0,0.32833582
0,0,0.1010406
0,0,0.29265046
0,0,0.2110472
0,1,0.51256484
0,0,0.28587565
0,0,0.43088096
0,1,0.6100215
0,1,0.5115415
0,0,0.47387257
0,1,0.70874995
0,1,0.57864195
0,0,0.41129318
0,1,0.66302794
0,0,0.1335523
0,0,0.11202239
0,0,0.16952056
0,1,0.7550365
0,1,0.6022078
0,1,0.54452455
0,1,0.69476265
0,0,0.44591504
0,0,0.31977153
0,1,0.74744475
0,0,0.48198768
0,0,0.31014547
0,1,0.5414414
0,0,0.22193015
0,1,0.8461154
0,0,0.090544276
0,0,0.46441507
0,0,0.101079375
0,1,0.6954847
0,0,0.27321315
1,1,0.63468724
0,0,0.2269301
0,0,0.2133914
0,0,0.12535226
0,0,0.46839458
0,1,0.7215271
0,1,0.516011
0,1,0.5966778
0,1,0.59008086
0,1,0.6696328
0,1,0.71555233
0,0,0.26690102
0,1,0.85532427
0,0,0.2894967
0,0,0.3960817
1,1,0.6687977
0,1,0.55663335
0,0,0.2378423
0,0,0.2264769
0,0,0.2337436
0,1,0.644965
0,0,0.31900218
0,0,0.34532487
0,0,0.11970464
0,1,0.8894522
0,0,0.2947102
0,0,0.08355541
0,0,0.21585913
0,1,0.5070251
0,1,0.59604454
0,1,0.87876546
0,1,0.6446957
0,0,0.23020163
0,1,0.6407236
0,0,0.37299505
0,0,0.07715938
0,0,0.34391326
0,0,0.36347386
0,0,0.28567907
0,1,0.5817449
0,0,0.11905671
0,0,0.23572484
0,1,0.6632726
0,0,0.4482637
0,0,0.0893252
0,1,0.61634016
0,1,0.6724203
0,1,0.64797217
0,1,0.5350396
0,0,0.34938222
0,1,0.5907104
1,1,0.74054503
0,0,0.25586987
0,0,0.40948436
0,0,0.20600519
1,1,0.5485792
0,0,0.3696439
0,0,0.20052655
0,0,0.44475022
0,0,0.100262515
0,0,0.36699057
0,0,0.22588602
0,0,0.4458017
0,1,0.75137323
0,1,0.5968536
0,0,0.4067341
0,1,0.5767118
0,1,0.6380045
0,1,0.70072365
0,1,0.643957
0,0,0.16978839
0,0,0.35282773
0,0,0.48071238
0,0,0.2805404
0,0,0.14305659
0,1,0.73853886
0,0,0.23012003
0,0,0.14491089
0,1,0.7190056
0,0,0.43285388
0,1,0.53972584
0,1,0.6264451
0,0,0.2848063
0,0,0.42389217
0,1,0.5229997
0,0,0.19899915
0,0,0.30759507
0,0,0.29326037
0,0,0.2288545
0,0,0.19934306
0,0,0.2288049
0,1,0.53939855
0,0,0.2863443
0,0,0.14327602
0,0,0.1364316
0,1,0.58245665
0,0,0.23433024
0,0,0.2212931
0,1,0.6605021
0,0,0.48237142
0,0,0.4955993
0,0,0.35693416
0,0,0.22120032
0,0,0.32137588
0,1,0.5784187
0,1,0.6470728
0,1,0.5146173
0,0,0.26710123
0,0,0.41288468
0,0,0.36754012
0,0,0.29284996
1,1,0.77105194
0,0,0.1871329
0,0,0.15251486
0,0,0.3415999
0,0,0.45022112
0,1,0.5252788
0,1,0.6459357
1,1,0.5823404
0,0,0.4321017
0,1,0.8741812
0,0,0.15618037
0,0,0.16224639
0,1,0.55681425
0,0,0.49963984
1,1,0.70487475
0,1,0.72256917
0,0,0.114683874
0,0,0.28761908
0,0,0.34324116
0,0,0.17978717
0,0,0.34340662
0,0,0.4695921
0,1,0.8723987
0,1,0.8472065
1,0,0.3347084
0,0,0.2121394
0,1,0.53310066
0,1,0.5742375
0,0,0.13750613
0,0,0.47710702
0,0,0.11831656
0,0,0.25809586
0,1,0.5166996
0,0,0.32299453
0,0,0.19876078
0,1,0.6589074
1,1,0.51559025
0,1,0.551043
0,0,0.4061405
0,0,0.4700109
0,0,0.45302805
0,0,0.12103533
0,1,0.6611726
0,0,0.300434
0,0,0.23204069
0,0,0.1439174
0,0,0.33097735
0,0,0.1619318
0,0,0.42293137
0,0,0.28335962
0,1,0.75902694
0,0,0.26946035
0,1,0.8805019
0,0,0.33874443
0,1,0.625488
0,0,0.4844586
0,1,0.7279915
1,1,0.88053936
0,0,0.29304412
0,1,0.5035584
0,0,0.08594035
1,1,0.6314025
0,1,0.7552174
0,0,0.10518574
0,1,0.58824086
0,0,0.33781832
0,0,0.25849378
0,1,0.55471164
0,0,0.43706474
0,1,0.50646484
0,0,0.16720809
0,0,0.23439011
1,1,0.84042406
0,1,0.51831067
0,0,0.24385098
0,0,0.18565308
0,0,0.3033634
0,0,0.48733816
0,1,0.5094728
0,0,0.33949667
0,0,0.3345749
0,1,0.6275599
0,1,0.626344
0,0,0.08485377
0,0,0.38125908
0,0,0.26973668
0,0,0.27054623
0,0,0.2721217
0,1,0.52847064
0,1,0.5516115
0,1,0.5164847
0,1,0.61260664
0,0,0.31075132
0,0,0.32469726
0,0,0.2585969
0,0,0.41347238
0,1,0.5350329
0,1,0.59478563
1,1,0.66554374
0,0,0.07037282
1,1,0.8887832
0,0,0.15866254
0,1,0.66409576
0,0,0.29197764
0,0,0.33489323
0,0,0.13868123
0,0,0.40919647
0,0,0.36489412
1,0,0.47480947
1,1,0.5608423
0,0,0.41109133
0,0,0.35621074
0,0,0.4180303
0,0,0.27617037
0,1,0.60749036
0,0,0.19995981
0,0,0.31716424
0,0,0.25382084
0,1,0.6437161
0,1,0.7056109
0,1,0.5979726
0,0,0.39490527
0,1,0.68549055
0,0,0.09173582
0,0,0.089088686
0,0,0.45649922
0,0,0.46191853
0,1,0.62028044
1,1,0.7170725
0,0,0.22861554
0,1,0.6233967
0,1,0.64319944
0,0,0.09805043
0,1,0.8133071
0,0,0.49690422
0,0,0.3382735
0,0,0.3673916
0,1,0.6037884
0,0,0.34757665
0,0,0.28779352
0,0,0.07404369
0,0,0.2614034
0,0,0.3921347
0,1,0.5032536
0,0,0.44004247
0,0,0.26186928
0,0,0.46856558
1,1,0.92740273
0,0,0.16438064
0,0,0.15628666
1,1,0.6671066
0,0,0.42045328
0,0,0.24395235
0,0,0.26639497
0,0,0.094972834
0,0,0.37214208
0,0,0.48344877
0,0,0.39751023
0,0,0.26117456
0,1,0.5937146
0,0,0.14694174
0,0,0.12690918
1,1,0.87207943
0,0,0.36741102
0,0,0.122173324
0,0,0.19801894
0,0,0.29476154
0,0,0.14193875
0,0,0.20563164
0,0,0.25943905
0,0,0.18686056
1,1,0.5112383
0,1,0.5576092
0,0,0.45941162
0,1,0.7394719
0,1,0.505675
0,0,0.14379288
0,0,0.29034412
0,0,0.37112907
0,0,0.16046344
0,0,0.1600304
0,0,0.37362984
0,0,0.18420908
0,0,0.23817377
0,0,0.26819107
0,0,0.22514066
0,0,0.41953042
1,1,0.85557604
0,0,0.12594429
0,0,0.2031162
0,1,0.5549752
0,0,0.46550766
0,1,0.7191934
0,0,0.31366754
0,0,0.16903538
0,1,0.6808148
0,0,0.38063353
0,0,0.44206986
0,0,0.22354326
0,0,0.19975753
0,0,0.1773127
0,0,0.45880607
0,1,0.6689559
0,1,0.90876245
0,1,0.6196429
0,0,0.2701439
0,0,0.42916137
0,0,0.3231895
1,0,0.093202196
0,0,0.42654738
0,0,0.29548553
0,0,0.38595292
0,0,0.33216158
0,0,0.17698868
0,0,0.34448254
0,0,0.47678047
0,1,0.5935394
1,1,0.83482444
0,0,0.12694296
0,0,0.47415185
0,0,0.46081668
0,1,0.8665868
0,0,0.4211697
0,1,0.68029976
0,0,0.4524691
0,0,0.3587566
0,0,0.19249275
0,0,0.45374644
0,0,0.4686102
0,1,0.5377013
0,0,0.24304627
1,1,0.527099
0,0,0.12594369
0,0,0.46489093
0,1,0.51363736
0,1,0.6891364
1,1,0.8849959
0,0,0.2065031
0,0,0.36875823
0,0,0.3134104
0,0,0.31085682
0,0,0.39369476
0,0,0.18235293
0,0,0.4245993
0,0,0.34674767
0,0,0.32239884
0,0,0.32281715
0,0,0.3073722
0,1,0.73540217
0,0,0.4199287
0,0,0.40314022
0,0,0.1841267
0,1,0.5429807
0,0,0.20382982
0,0,0.47469237
0,1,0.6047153
0,0,0.47202247
0,0,0.21297845
0,0,0.2973083
1,1,0.597986
0,0,0.32045934
1,1,0.82995546
0,0,0.09801359
0,0,0.17990614
0,0,0.28695786
0,0,0.20607215
0,0,0.32584885
0,0,0.3512647
0,0,0.42342988
0,0,0.08161543
0,0,0.18837038
0,1,0.8660616
0,1,0.54838556
0,0,0.47562253
1,1,0.6177779
0,0,0.19015485
1,0,0.40752146
0,0,0.40574518
0,1,0.51887155
0,1,0.78934044
0,0,0.3722366
0,0,0.4146151
1,1,0.68322355
0,1,0.6019963
0,0,0.2812824
0,0,0.4395313
0,0,0.32725677
0,0,0.3965393
0,0,0.42342952
0,0,0.27497855
0,1,0.57145816
0,0,0.42541397
0,0,0.18795714
0,0,0.20848954
0,1,0.662578
0,0,0.30245987
0,1,0.51572996
0,0,0.22310522
0,0,0.43959
0,0,0.3594901
0,0,0.26422742
0,0,0.20768617
0,0,0.34379965
0,1,0.62633115
0,1,0.8339319
0,0,0.22601397
0,0,0.26213685
0,0,0.48976102
0,0,0.30441368
0,0,0.34957737
0,0,0.3425075
0,1,0.5264575
0,0,0.1349862
0,1,0.56302094
1,1,0.81592095
0,1,0.63702434
0,1,0.5953065
0,0,0.34178847
0,0,0.47110003
0,1,0.5556592
0,1,0.84525603
0,1,0.54931074
0,1,0.6479505
0,0,0.1508566
0,0,0.43633988
0,0,0.19185153
0,0,0.38165912
1,1,0.734571
0,0,0.48176733
0,0,0.4874068
0,1,0.8267246
1,0,0.12643269
0,0,0.44262412
0,0,0.25280678
0,0,0.28224066
0,0,0.4614335
0,0,0.48468354
0,1,0.5015945
0,0,0.42934546
0,0,0.25941974
0,1,0.6687528
0,0,0.15909739
0,0,0.30925703
0,0,0.40523908
0,0,0.18917362
0,1,0.6117835
0,1,0.5925879
0,0,0.031431872
0,0,0.21669453
0,0,0.23374555
0,0,0.38808465
0,1,0.65281904
0,1,0.6135544
0,0,0.19253519
0,0,0.10927388
0,0,0.30787995
0,0,0.07804813
0,0,0.066091135
0,1,0.72510064
0,0,0.0968862
0,0,0.3371123
0,0,0.3495648
0,0,0.2226346
0,0,0.47224846
0,0,0.27953035
0,0,0.39936167
0,0,0.39317992
0,0,0.38166115
0,1,0.5813995
0,0,0.068866424
0,1,0.53287756
0,0,0.17889464
1,0,0.44181934
0,0,0.29129195
0,0,0.46037748
0,1,0.5751865
0,0,0.19122094
0,0,0.4969073
0,1,0.8311604
0,0,0.28242385
0,0,0.4227811
0,1,0.6890461
0,0,0.29084927
0,1,0.7102478
1,0,0.28734463
0,0,0.41358715
1,1,0.5685114
0,0,0.46900716
0,0,0.1985318
0,0,0.4772802
0,0,0.2882922
0,0,0.42721486
0,1,0.7116129
0,0,0.19994849
0,0,0.43948314
0,1,0.51935476
0,1,0.86381245
0,0,0.4289084
0,0,0.13222368
0,0,0.18950075
0,0,0.30203643
0,1,0.57330745
0,0,0.24238725
0,0,0.102195024
0,0,0.42525443
0,0,0.37797642
0,0,0.14837264
0,0,0.35376683
0,0,0.18395694
0,0,0.13225004
1,1,0.7167371
0,0,0.054544233
0,0,0.13122956
0,0,0.40733337
0,0,0.2192521
0,0,0.08388407
0,0,0.44810566
1,0,0.32875305
0,1,0.60878676
0,1,0.59593964
0,1,0.90976745
0,0,0.35196197
0,0,0.49702376
0,0,0.20290741
0,1,0.84567523
1,1,0.6125129
0,0,0.16218689
0,0,0.24206485
0,0,0.1497095
0,1,0.5543929
0,0,0.19006859
0,0,0.11221802
0,0,0.23835588
0,1,0.5664313
0,0,0.45534635
0,1,0.795867
0,0,0.13747123
0,0,0.40274423
0,1,0.71529317
0,0,0.33998275
0,0,0.45186803
0,0,0.42598543
1,0,0.37724015
0,0,0.48241308
0,0,0.29546148
0,1,0.60250086
0,0,0.3968686
1,1,0.7052219
0,0,0.2036644
0,0,0.20078501
0,1,0.55386573
0,1,0.51512676
0,0,0.08614521
0,0,0.38434204
0,0,0.2540496
1,0,0.26073354
0,0,0.2517268
0,0,0.4586382
0,0,0.46544194
0,0,0.3463723
0,0,0.4353888
0,0,0.34427288
0,0,0.21534546
0,0,0.100230776
0,0,0.31007126
1,1,0.8017666
0,0,0.1604671
0,1,0.5383881
0,1,0.8046829
0,1,0.60643643
1,1,0.85723424
0,1,0.64753443
0,0,0.30576277
1,1,0.5040921
0,0,0.21441346
0,1,0.5117883
1,0,0.46605977
0,1,0.5609812
0,1,0.5364211
0,0,0.40554863
0,0,0.481938
0,0,0.15354033
1,0,0.42097807
0,0,0.10321093
0,0,0.43602222
0,0,0.25887847
0,1,0.60921204
0,0,0.36810094
0,1,0.71675485
0,1,0.7596337
0,1,0.6491927
0,1,0.6406412
0,1,0.51450545
0,0,0.38951907
0,0,0.2918122
0,0,0.47537813
1,1,0.69858116
0,0,0.3906862
0,1,0.7426302
0,1,0.6427138
0,0,0.14242515
0,0,0.40870157
0,0,0.11580026
0,1,0.664899
0,0,0.49989083
0,1,0.79959226
0,0,0.279189
1,1,0.5681455
0,1,0.6354159
0,0,0.24044052
0,1,0.73258215
0,0,0.2325307
0,0,0.19608274
0,0,0.118816525
0,0,0.3477674
0,1,0.50987697
0,0,0.11715871
0,1,0.6933785
0,1,0.5032875
0,0,0.27316746
0,0,0.26977658
0,0,0.26599863
0,0,0.49429598
0,1,0.55560166
0,0,0.39145792
1,0,0.2774462
0,0,0.35504377
0,0,0.13878708
0,1,0.69242185
0,0,0.2992277
1,0,0.47722176
0,1,0.85252535
0,0,0.08825164
0,0,0.35490048
0,0,0.40535924
0,0,0.27101412
1,0,0.4415856
0,0,0.43217167
0,0,0.22028972
0,0,0.2548511
0,0,0.19023176
0,0,0.3741675
0,0,0.25168625
0,0,0.42368796
0,0,0.20858766
0,0,0.20315322
1,0,0.3943775
0,0,0.09157169
0,1,0.51034725
0,0,0.40456873
0,0,0.483922
1,1,0.7491515
0,0,0.48806095
0,0,0.30972522
0,0,0.28950265
0,1,0.6805869
0,0,0.25669914
0,0,0.31927353
1,1,0.57239103
0,0,0.4458604
0,1,0.53328675
0,0,0.37400615
0,1,0.5852556
1,1,0.55841905
0,0,0.19383653
0,1,0.65647507
1,0,0.29016402
0,0,0.4203796
0,1,0.83115524
0,1,0.56234235
0,0,0.11291891
0,0,0.15137795
0,0,0.34644705
0,0,0.4745276
0,0,0.25507197
0,1,0.70490396
0,0,0.17399865
1,0,0.14461084
0,1,0.54791963
0,0,0.1854022
0,1,0.54397416
0,1,0.7443267
0,0,0.27700552
0,0,0.26911983
0,0,0.26532078
0,1,0.6438606
0,1,0.7455672
0,0,0.28222787
0,0,0.23834878
0,0,0.4373981
0,1,0.516992
0,0,0.38992393
0,1,0.7138566
0,0,0.19209456
0,1,0.5185773
0,1,0.69574404
0,0,0.062314276
0,1,0.55862916
0,1,0.5241742
1,0,0.43174177
0,0,0.11296895
0,1,0.68674326
0,0,0.40565172
0,0,0.1777872
0,0,0.36537015
0,1,0.74820364
0,1,0.68613136
1,1,0.6444888
0,0,0.1958916
0,0,0.44200557
0,0,0.41735053
0,0,0.19508362
0,1,0.6069644
0,0,0.4228256
0,0,0.4326593
0,1,0.79533625
0,0,0.11280413
0,0,0.45534456
0,0,0.34637523
0,0,0.1552913
0,0,0.4875359
1,1,0.8143001
0,0,0.065710485
0,1,0.5327415
0,0,0.208439
0,0,0.2356793
0,0,0.38415715
0,0,0.33168396
0,1,0.5323996
0,0,0.4613739
0,0,0.45991594
0,0,0.24571644
0,1,0.64131445
0,0,0.31924462
0,0,0.2299596
0,0,0.4904757
0,0,0.08009764
0,0,0.087221
0,0,0.3199391
1,1,0.64581615
0,0,0.3193054
0,0,0.3991841
0,0,0.18507813
0,0,0.20706321
0,0,0.49013457
0,0,0.45869908
0,0,0.15223035
0,0,0.36264822
0,0,0.40409195
0,0,0.2784094
0,1,0.62833923
0,1,0.60677296
1,0,0.29751083
0,0,0.16089271
0,0,0.47088325
0,1,0.5593115
0,0,0.16863622
0,0,0.4145399
0,0,0.2673802
0,0,0.17055202
0,1,0.73906165
0,0,0.20027435
1,1,0.5524508
0,0,0.2303546
0,0,0.48692864
0,0,0.22490704
0,0,0.22384918
0,0,0.24542171
0,1,0.6620848
0,0,0.44909868
0,0,0.46837273
0,0,0.40154332
0,0,0.4944279
0,0,0.28871426
0,0,0.19783172
0,1,0.7872816
0,0,0.38406944
0,0,0.34423
0,0,0.17828338
0,0,0.32188874
0,1,0.79279417
0,0,0.3730928
0,0,0.31376666
0,0,0.40875635
0,1,0.855692
0,0,0.09077696
1,1,0.8120654
0,0,0.2765117
0,0,0.43289608
0,0,0.43465358
0,1,0.5770239
0,1,0.56967753
0,0,0.4512784
0,0,0.2987035
0,0,0.44388598
0,1,0.85410124
0,0,0.1340294
0,1,0.5074033
0,0,0.13081978
1,0,0.47603837
0,0,0.28820783
0,0,0.2327437
0,0,0.21853417
0,0,0.44757393
0,0,0.29769495
1,1,0.6346098
0,0,0.24209972
0,0,0.432403
1,0,0.43094146
1,1,0.8596194
0,0,0.08828236
0,0,0.2656435
0,1,0.5143283
0,0,0.4824707
0,0,0.11512773
0,0,0.3121742
0,1,0.59228426
0,0,0.27891457
0,1,0.8792833
0,0,0.47155592
0,0,0.45082447
0,0,0.32356727
0,1,0.7464651
0,1,0.6571299
0,0,0.17739007
0,0,0.20849076
0,1,0.7540184
0,0,0.22610895
0,0,0.3806384
0,0,0.1940382
0,0,0.2273861
0,1,0.5273129
0,1,0.5321905
0,1,0.55135465
0,0,0.27233127
0,0,0.090176314
0,0,0.33555335
0,1,0.8034184
0,0,0.13817722
0,1,0.5373438
0,0,0.34738067
0,0,0.14816402
0,0,0.20364383
0,0,0.35644522
0,1,0.77004623
0,1,0.61417794
1,0,0.28782436
0,0,0.1866401
0,0,0.46263772
0,1,0.6982685
0,0,0.27222222
0,1,0.5237865
0,0,0.2986339
0,0,0.27189824
0,0,0.43873155
0,1,0.6648415
0,1,0.7020412
0,0,0.3592299
0,1,0.76050466
0,0,0.34300408
0,0,0.2521513
0,0,0.36017734
0,0,0.18360274
0,0,0.14465581
0,0,0.251852
0,0,0.17513143
0,1,0.55856174
0,0,0.17335497
0,0,0.44865105
0,0,0.20163354
0,0,0.30297735
0,0,0.23296757
0,0,0.24790487
0,0,0.43679655
0,0,0.08509376
0,0,0.3294783
0,0,0.15104018
0,0,0.12637608
0,0,0.3154104
0,0,0.41669953
0,1,0.5275414
0,0,0.07461006
1,0,0.47342852
1,1,0.7922336
1,1,0.6653378
0,0,0.41922206
0,0,0.43548387
0,0,0.19534145
0,0,0.33936128
0,0,0.2661671
0,0,0.05968105
0,0,0.23070247
0,1,0.54432946
0,0,0.2876567
0,0,0.33970398
0,0,0.41002655
0,0,0.22830056
0,0,0.27395138
0,0,0.25584334
0,0,0.10302763
0,1,0.7449175
0,0,0.032973737
0,1,0.6595685
0,0,0.21150836
0,0,0.026196301
0,0,0.12580794
0,0,0.20846839
0,0,0.28684962
0,0,0.32640752
0,0,0.07388642
0,1,0.5487459
0,0,0.25770918
0,0,0.44183636
0,0,0.3428441
0,0,0.08072314
0,0,0.16880526
0,0,0.22742388
0,0,0.40347925
0,1,0.51170903
0,0,0.14466898
0,0,0.36496443
0,0,0.31500697
0,0,0.14230222
0,0,0.09694045
0,0,0.39428702
0,0,0.26027668
0,0,0.31927347
0,0,0.14495951
0,0,0.080075994
0,0,0.39579272
0,0,0.28149477
1,0,0.275303
0,0,0.19284815
0,1,0.717474
0,0,0.46857008
0,0,0.16042589
0,0,0.38910344
0,1,0.5216979
0,0,0.49378654
0,0,0.27681005
0,0,0.2933455
0,0,0.2567025
0,0,0.29209644
0,1,0.6001536
1,1,0.51335627
0,0,0.47667712
0,0,0.28706062
0,0,0.46629852
0,0,0.36766452
0,0,0.33142588
0,0,0.22386514
1,1,0.79252815
0,0,0.47410724
0,1,0.5683976
0,0,0.103561066
0,0,0.2770863
0,0,0.41643164
0,0,0.1293353
0,0,0.27867547
0,1,0.5106409
0,1,0.6547094
0,0,0.28254408
0,1,0.70153904
0,0,0.3727263
0,0,0.3452446
0,0,0.13276227
0,1,0.6794335
0,0,0.47807512
0,0,0.28000376
0,0,0.4306927
0,0,0.32051843
0,0,0.29490066
0,1,0.53181624
0,0,0.113764964
0,1,0.69376266
0,1,0.5444127
1,1,0.79817224
0,0,0.11835184
0,0,0.4185167
0,0,0.39917144
0,0,0.17108075
0,0,0.4677092
0,0,0.26247928
0,0,0.2539479
0,0,0.28697893
0,1,0.72437155
1,1,0.5502736
0,0,0.2266442
1,1,0.76540154
0,1,0.5424438
0,0,0.16353753
1,1,0.84758973
0,0,0.065973975
1,1,0.71286917
0,0,0.19383813
0,0,0.24461353
0,0,0.10438126
1,1,0.51605487
0,0,0.43076494
0,0,0.15601504
0,0,0.34935677
0,0,0.38419876
0,0,0.117983766
0,0,0.0798357
0,1,0.5469915
0,1,0.6005364
0,0,0.24058041
0,0,0.2878954
0,0,0.45876876
0,0,0.25775632
0,0,0.21513294
0,0,0.124459736
0,1,0.8319173
0,0,0.37391713
0,0,0.28013486
0,0,0.35222396
0,0,0.16086255
0,0,0.21356523
1,1,0.5127449
0,1,0.78050536
1,0,0.31983995
0,1,0.7893185
0,1,0.6578903
0,0,0.12850928
0,1,0.5789052
0,0,0.4058059
1,0,0.26940426
0,1,0.5108536
0,0,0.4619371
1,0,0.23532395
0,0,0.2651133
0,0,0.19712088
0,0,0.28496298
0,1,0.5428424
0,1,0.6042042
0,0,0.30339515
0,0,0.31314638
0,0,0.33418104
0,0,0.36760217
0,0,0.27609915
1,0,0.47805837
0,1,0.6216121
0,0,0.2566044
0,0,0.24482839
0,0,0.13562332
0,0,0.35144767
0,0,0.2724915
0,0,0.14209415
0,0,0.24450846
1,0,0.45374948
0,1,0.5334409
0,1,0.5855922
0,0,0.3187423
0,0,0.14789242
0,0,0.40654266
1,0,0.47939998
0,0,0.20420116
0,1,0.6294408
0,0,0.4690418
0,0,0.13991219
0,0,0.13179263
0,0,0.33479407
0,0,0.39386946
0,0,0.14888272
0,1,0.53296083
0,0,0.24145499
0,0,0.2991056
0,0,0.4399346
0,1,0.59414536
0,0,0.36506987
0,0,0.44421563
1,0,0.427287
0,1,0.5407264
0,0,0.41690153
0,0,0.4846873
1,1,0.77459747
0,1,0.6831663
0,1,0.6288156
0,0,0.20537344
0,1,0.7762723
1,1,0.63489485
0,0,0.25126386
0,1,0.8339398
0,0,0.40133315
0,0,0.112046435
0,0,0.25452146
0,1,0.65829396
1,1,0.86463255
0,0,0.42366886
0,1,0.70331985
0,0,0.22279285
0,0,0.14867315
0,0,0.38975814
0,1,0.62609315
0,0,0.14520715
0,0,0.26090807
0,0,0.22598572
0,1,0.6402453
0,1,0.7410425
0,1,0.58657503
0,0,0.2611446
0,0,0.18539271
0,0,0.2313582
0,1,0.5341027
0,0,0.40430367
0,0,0.28221336
0,0,0.33392355
1,1,0.80540717
0,1,0.7008058
0,0,0.22580843
0,1,0.64748436
0,0,0.13972813
0,0,0.2995855
0,1,0.66431504
0,0,0.36833698
0,1,0.76240075
0,0,0.30411395
0,0,0.36040056
0,0,0.38755128
0,1,0.5199496
0,1,0.8085691
0,0,0.16849722
0,0,0.17548926
0,0,0.3249652
0,0,0.34599182
0,0,0.21115886
0,0,0.19155727
1,1,0.63229287
0,0,0.38027844
0,0,0.31846446
0,1,0.63864607
0,0,0.24474604
1,0,0.42478216
0,0,0.13141562
0,1,0.78222877
0,0,0.100434795
0,0,0.37582332
0,1,0.7294419
0,0,0.26068443
0,1,0.5811859
0,1,0.531239
0,0,0.4272227
0,0,0.48718894
0,0,0.28438073
0,0,0.37508816
0,0,0.4683881
0,0,0.46922675
1,1,0.8455215
0,1,0.72794306
0,0,0.15929608
1,1,0.8670819
0,1,0.7125209
0,0,0.4733299
0,0,0.387661
0,0,0.26944578
0,1,0.6466484
0,0,0.24828187
0,1,0.54996455
0,1,0.6445411
0,0,0.27995044
0,0,0.49380302
0,0,0.12670629
0,0,0.1752712
0,0,0.1951715
0,0,0.11017015
0,0,0.16544428
0,1,0.503767
0,0,0.15416962
0,1,0.57453865
0,0,0.3207694
0,0,0.14474522
0,0,0.40856215
0,0,0.23645654
0,0,0.3299772
0,0,0.15670495
0,0,0.26657492
0,0,0.07593694
1,1,0.7667198
0,0,0.35063475
0,0,0.15159334
0,0,0.34164834
0,0,0.16623941
0,0,0.27542546
0,0,0.35802317
0,0,0.10612516
0,0,0.39392406
0,1,0.52060443
0,1,0.6316985
0,0,0.39320046
0,1,0.6586276
0,0,0.12923163
0,0,0.2719479
0,0,0.3895454
0,1,0.634839
0,1,0.5356977
0,1,0.61816055
0,0,0.31854188
0,0,0.11830154
0,0,0.2384724
0,0,0.30691376
0,1,0.64224017
0,0,0.31370568
0,0,0.3285581
0,1,0.7396397
0,0,0.3667346
0,0,0.32159057
0,0,0.10677007
0,0,0.15223098
0,0,0.21482301
0,0,0.27585807
1,0,0.4045554
0,0,0.3500746
0,0,0.4782933
0,0,0.46363416
0,0,0.24724922
0,0,0.35410243
0,0,0.44324535
0,0,0.17246555
1,0,0.30629754
0,1,0.74327767
0,0,0.49205807
0,0,0.25529292
0,1,0.5754294
0,0,0.060371894
0,0,0.35647288
1,1,0.50332314
0,1,0.6269359
0,1,0.51490134
0,0,0.23685434
0,1,0.51422054
0,0,0.28103173
0,0,0.3696627
1,0,0.04185739
0,0,0.22514878
0,1,0.6657004
0,0,0.305726
0,0,0.34046865
0,1,0.66080517
0,0,0.24261369
0,1,0.65158087
1,1,0.860123
0,0,0.2002719
0,0,0.10376714
0,0,0.29529604
0,0,0.2141573
1,0,0.3528446
0,0,0.46747938
0,0,0.2900278
0,1,0.6091395
0,0,0.14972012
0,1,0.5987098
0,0,0.3425487
0,0,0.31994674
0,0,0.42206076
0,0,0.48478392
0,0,0.3223521
0,0,0.40559316
0,1,0.6019144
0,1,0.51339096
0,0,0.09226914
0,0,0.49290255
0,0,0.4438787
0,1,0.65835935
0,1,0.57278484
0,0,0.4564262
0,1,0.54882276
0,1,0.7283938
0,1,0.61608946
0,1,0.64371765
0,0,0.43681815
0,0,0.29553604
1,1,0.7743204
0,0,0.17002648
0,1,0.7988307
0,0,0.119428635
0,0,0.23880243
0,0,0.24223602
0,0,0.26358703
0,0,0.2534066
0,0,0.19866908
0,0,0.29097402
0,0,0.3354038
0,1,0.5937023
0,0,0.2690793
1,1,0.6436422
0,0,0.26697087
0,0,0.41468418
0,1,0.7376262
0,1,0.6560378
0,1,0.622801
0,0,0.091674894
0,0,0.023110403
0,0,0.15412924
0,1,0.5318682
0,0,0.22215772
0,0,0.38913295
0,0,0.14371783
0,0,0.43514967
0,1,0.78256655
0,1,0.8088121
0,0,0.30239996
0,0,0.21757609
0,0,0.22297283
0,0,0.2698711
0,1,0.89727503
0,0,0.22789954
0,0,0.39625075
0,0,0.19506529
0,0,0.17860949
0,0,0.2768236
0,0,0.0506766
0,0,0.20368338
0,0,0.49575132
0,1,0.5936094
0,0,0.17427772
0,0,0.22575316
0,1,0.71344364
1,0,0.48072252
0,0,0.42201167
0,1,0.5389249
0,1,0.6334027
0,0,0.41530147
0,0,0.42839682
0,0,0.25380328
1,1,0.79586226
1,1,0.6277496
0,0,0.267123
0,0,0.4627831
0,0,0.29702836
0,0,0.40807173
0,1,0.66676044
0,0,0.29801872
1,1,0.8003861
1,1,0.65982544
0,0,0.34161907
0,0,0.17254709
0,1,0.64483416
1,1,0.5684632
1,0,0.4705799
1,1,0.7358158
0,0,0.310069
0,0,0.30510318
1,1,0.77925223
0,0,0.41197902
0,0,0.4834342
0,1,0.7005273
0,0,0.36606175
0,0,0.36488885
0,0,0.3539929
0,0,0.11921616
0,0,0.13744347
0,1,0.53890926
0,0,0.21253335
0,0,0.083465666
0,0,0.49467993
0,0,0.29416668
0,1,0.81217784
0,1,0.61622995
0,1,0.67306983
0,0,0.28570998
0,0,0.102453865
0,1,0.6211336
0,0,0.27039883
0,0,0.16435212
0,0,0.3457393
0,1,0.6214036
0,1,0.81164944
0,1,0.89352477
0,1,0.59827155
0,0,0.27815554
0,0,0.39663634
0,0,0.32244855
0,0,0.13395467
1,0,0.36759213
0,0,0.048023295
0,0,0.25766918
0,0,0.20422776
0,0,0.13788703
0,0,0.24894996
0,0,0.42245355
1,0,0.44727677
0,1,0.581382
0,0,0.26369253
0,1,0.67457336
0,0,0.25587866
0,0,0.21334249
0,1,0.76108015
0,0,0.43394947
0,0,0.3971196
0,1,0.67041826
0,0,0.27581838
0,0,0.31846988
0,0,0.2759731
0,0,0.33180344
0,0,0.41058913
0,0,0.4319713
1,0,0.12131991
0,0,0.39847746
0,0,0.12351014
1,1,0.7022472
0,0,0.20432037
0,0,0.31756943
0,0,0.17385769
1,1,0.79852575
0,0,0.38656652
0,1,0.5723363
0,0,0.1316261
0,0,0.2601308
0,0,0.34442323
0,0,0.4271854
0,1,0.5649443
0,1,0.6376751
0,0,0.48769894
0,1,0.722008
0,0,0.1936705
0,0,0.27439466
0,1,0.5264143
0,0,0.37218615
0,0,0.37685356
0,0,0.42323858
0,1,0.52287394
0,0,0.4979453
0,0,0.46281892
0,0,0.14423648
0,0,0.43267992
0,0,0.09930881
1,1,0.5025189
0,0,0.25765026
0,1,0.6949418
1,1,0.6149656
0,0,0.19780166
0,0,0.15744853
0,1,0.8762387
0,0,0.37561822
0,0,0.23037146
0,0,0.4565071
0,0,0.28969583
0,0,0.2038299
0,0,0.08388731
1,0,0.28203923
0,0,0.18376155
0,1,0.8093529
0,0,0.3423627
0,0,0.31778398
0,1,0.58095616
1,1,0.5517999
1,0,0.18213026
0,0,0.44700384
0,0,0.36344424
0,0,0.06864375
0,0,0.48790094
0,0,0.2966385
0,0,0.37224454
0,0,0.29373845
0,1,0.6195381
0,0,0.31753442
0,0,0.47629514
0,1,0.67608213
0,0,0.38520613
0,0,0.44804847
0,0,0.3263018
0,0,0.13029371
0,0,0.20020247
0,0,0.46180642
0,0,0.32262495
0,0,0.103456445
0,0,0.17054243
0,0,0.30329967
0,0,0.19843107
0,0,0.4547118
0,0,0.38829935
0,0,0.4497765
1,0,0.4457515
0,0,0.15871012
0,0,0.18573608
0,0,0.45466217
0,0,0.3965028
0,0,0.10651498
0,1,0.5514177
0,0,0.25511163
0,0,0.13433053
0,0,0.14080234
0,1,0.54733825
0,0,0.044256117
0,0,0.27067462
0,0,0.35679352
0,0,0.46688002
0,0,0.15344164
0,0,0.21432915
1,1,0.5678047
0,0,0.4220652
0,1,0.6721669
0,0,0.22319207
0,0,0.15458758
1,0,0.42999706
0,0,0.2814335
0,0,0.22026163
0,1,0.7838711
1,0,0.3977732
0,0,0.12983316
1,1,0.7617374
0,1,0.66744494
0,1,0.65651226
0,1,0.70878047
0,0,0.4657229
0,0,0.2929802
0,0,0.15811808
0,0,0.19318503
0,0,0.23824832
0,0,0.46518198
0,0,0.44035456
0,0,0.14348032
0,1,0.67428255
0,0,0.17062116
0,0,0.26641446
0,0,0.22550376
0,0,0.16796795
0,0,0.17540097
0,0,0.38838896
0,0,0.09998586
0,0,0.31135765
0,1,0.5723015
1,1,0.5384414
0,1,0.68178034
0,0,0.44113424
0,0,0.17028892
0,0,0.059328113
0,0,0.1756488
0,0,0.4261756
0,0,0.22583835
0,0,0.47803915
0,0,0.21403979
0,1,0.5117547
0,0,0.26371133
1,1,0.7285286
0,0,0.41800934
1,1,0.8992118
0,1,0.5192843
0,0,0.36009812
0,0,0.14303383
0,0,0.11977563
0,0,0.08664633
0,0,0.4478297
0,0,0.29276362
0,0,0.37300643
0,0,0.44858733
0,0,0.14383322
0,0,0.27268904
0,0,0.40502915
0,0,0.4801867
0,0,0.21168976
0,1,0.6472023
0,1,0.60722035
0,0,0.22238387
0,1,0.61299056
0,0,0.34650928
0,0,0.21276161
0,0,0.49610233
0,0,0.18004987
1,1,0.6875252
0,0,0.20168388
0,0,0.07853198
0,0,0.2706217
0,0,0.19797674
0,0,0.097325385
0,0,0.48673573
0,0,0.21608984
0,1,0.6518688
0,1,0.5139383
0,0,0.22217429
0,0,0.113708586
0,1,0.526707
0,0,0.29802653
0,0,0.19754615
0,0,0.14127101
0,1,0.53169674
0,1,0.73469186
0,0,0.27286094
0,0,0.22485432
0,0,0.24727073
0,0,0.32096103
0,0,0.16825885
0,0,0.37674567
0,0,0.1202875
0,1,0.7291601
0,0,0.47889864
1,1,0.6923348
0,0,0.21318188
0,0,0.2161921
0,0,0.19250607
0,0,0.26317987
1,0,0.34353393
0,0,0.38664058
0,1,0.681764
0,0,0.38115767
0,0,0.22330506
0,0,0.10975352
0,0,0.14300631
0,1,0.90385824
0,0,0.2062436
0,0,0.08708441
0,0,0.4657774
0,0,0.14256531
0,1,0.54615045
0,0,0.12384269
0,0,0.4614235
0,0,0.40855834
0,0,0.114975214
0,0,0.4599204
0,0,0.2713405
0,1,0.5653133
0,1,0.5870106
0,0,0.3576058
0,1,0.7041301
0,0,0.25565448
0,0,0.3989275
0,1,0.6192626
0,1,0.6615484
0,0,0.30322808
1,0,0.3891175
0,0,0.21841057
0,0,0.22362241
0,0,0.37689045
0,0,0.22913228
0,0,0.10729658
0,0,0.23473173
0,0,0.4597615
0,0,0.25962186
0,0,0.0439073
0,0,0.152227
0,0,0.1715854
0,0,0.13125622
0,0,0.34021434
0,0,0.14857252
0,0,0.24146327
0,0,0.26591
0,0,0.11827954
0,0,0.37502456
0,1,0.61121494
0,0,0.41709292
0,1,0.52613336
0,0,0.16203406
0,1,0.7385641
0,0,0.3999989
1,1,0.75332916
0,1,0.65244144
0,0,0.4255017
1,0,0.2647458
0,0,0.32327828
0,1,0.510119
0,0,0.26079813
0,0,0.11950701
0,0,0.3411794
0,0,0.37787387
0,0,0.09428392
0,0,0.16784571
1,1,0.6362087
0,0,0.33384934
0,0,0.23660524
0,0,0.47003335
0,0,0.19900727
0,0,0.3098288
0,0,0.1158867
0,0,0.42754844
0,0,0.40282947
0,0,0.3396221
0,0,0.4177295
0,0,0.49095017
0,0,0.3146955
0,0,0.2714544
0,0,0.3556814
1,0,0.46970162
0,1,0.8006898
0,0,0.18089728
1,1,0.6752376
1,1,0.7483807
0,1,0.55837584
0,0,0.10785489
0,0,0.32154524
0,0,0.22601593
0,0,0.24178244
0,0,0.26993385
0,1,0.5441196
0,0,0.42153436
0,0,0.2990609
0,1,0.5871894
0,1,0.5250553
0,0,0.34999344
0,0,0.39429978
1,0,0.25828227
0,0,0.0903619
0,1,0.5546592
0,1,0.7261087
0,0,0.37628308
1,1,0.54744405
1,1,0.7963868
0,1,0.61407083
0,0,0.11127503
0,0,0.13355668
0,0,0.23258615
0,0,0.3344579
1,0,0.34892595
1,1,0.8488296
0,0,0.34606737
0,0,0.34554175
0,0,0.38502806
0,0,0.33162355
0,0,0.17890859
1,0,0.3412357
0,0,0.13992521
0,1,0.82070196
0,0,0.33441287
0,0,0.056421056
0,0,0.27478775
0,0,0.12657435
0,1,0.55576354
0,0,0.24590805
0,0,0.3025061
0,1,0.5019983
0,0,0.2046571
0,0,0.4846333
1,1,0.7982163
0,0,0.27199408
0,0,0.2596714
1,1,0.6492164
0,0,0.44922248
0,0,0.1845984
0,1,0.7452043
0,0,0.15496892
0,0,0.37476632
0,0,0.42661208
0,1,0.90610033
1,1,0.5114355
0,0,0.10667098
1,0,0.26138765
0,0,0.39229363
0,1,0.58133227
1,1,0.69051814
0,0,0.37221697
0,0,0.29182896
0,0,0.23703356
0,0,0.3848577
1,1,0.57027537
0,0,0.27210218
0,0,0.27304062
1,1,0.86068606
0,0,0.23975009
0,0,0.076342225
0,0,0.1254111
1,1,0.6234791
0,0,0.22881803
0,0,0.30143535
0,0,0.30667514
1,1,0.7710796
0,0,0.13804698
0,0,0.47006515
1,0,0.40674546
0,1,0.7181765
1,1,0.6432158
0,0,0.31910408
0,1,0.598356
0,0,0.25848287
0,0,0.47981754
0,0,0.39602292
0,1,0.6156293
0,0,0.36278614
1,1,0.71814936
0,0,0.0533744
0,0,0.20111677
0,0,0.30605334
0,0,0.37934777
0,1,0.60997885
1,1,0.86231244
0,0,0.17212552
0,0,0.34331942
0,0,0.3969636
0,1,0.58992946
0,0,0.25812173
0,0,0.25949013
0,0,0.34428015
0,1,0.6081475
0,0,0.19636223
1,1,0.8347232
0,0,0.2501992
0,0,0.11009047
0,0,0.29599822
0,1,0.5023875
0,0,0.3795128
0,0,0.48305148
0,0,0.3745599
0,0,0.462356
0,1,0.8167107
0,1,0.65092504
0,0,0.25271976
0,0,0.46024182
0,1,0.6528445
0,1,0.5286574
1,1,0.5493139
0,0,0.24853209
0,0,0.034644928
0,0,0.2480714
0,0,0.054690454
0,1,0.5124177
0,0,0.33308756
0,0,0.13646054
0,0,0.11596857
0,0,0.29569736
0,1,0.50787985
0,0,0.37698334
0,0,0.17699338
0,0,0.3940647
0,1,0.61267084
0,0,0.20505929
0,1,0.6484281
0,0,0.3414693
0,0,0.3288026
1,0,0.327831
0,0,0.36998948
0,1,0.8213957
0,0,0.29032975
0,0,0.35318452
0,0,0.2633752
0,0,0.28618374
0,0,0.15843852
0,0,0.27618274
1,1,0.7628584
0,0,0.16574983
0,1,0.6227055
0,0,0.19975644
0,0,0.14302711
0,0,0.18038578
0,0,0.19469069
0,0,0.16645174
0,0,0.16556136
0,0,0.26299343
1,1,0.8072203
0,0,0.4278478
0,0,0.32574382
0,0,0.0931319
0,0,0.39794925
0,0,0.2842697
0,1,0.529743
0,0,0.33909404
0,0,0.21083792
0,1,0.72309804
0,0,0.15074392
0,0,0.26876187
0,0,0.32629502
0,0,0.05921435
0,0,0.49626732
0,0,0.3024182
0,0,0.13051045
0,0,0.14682075
0,0,0.2049786
0,1,0.6789412
0,0,0.29155084
0,1,0.8104168
0,0,0.34227425
0,0,0.32443312
0,0,0.09187697
1,1,0.65261334
0,0,0.2899141
0,1,0.53584707
1,1,0.7924033
0,0,0.14940853
0,0,0.16038367
0,0,0.3405262
0,0,0.48202422
0,0,0.35772848
0,0,0.23408669
0,0,0.23450212
0,0,0.4825633
0,0,0.2039067
0,0,0.23230083
0,0,0.30304065
1,1,0.8186652
0,1,0.53748584
0,0,0.2152737
1,1,0.6233813
0,0,0.28114355
0,0,0.36990082
0,0,0.24539408
0,1,0.8269765
0,1,0.5980302
0,0,0.30848306
0,0,0.38407338
0,0,0.08719845
1,0,0.42285424
0,1,0.68346095
0,1,0.8023481
0,0,0.43822017
0,1,0.61975133
0,0,0.29771805
0,1,0.52181065
0,1,0.51416016
0,0,0.20414862
0,0,0.23158978
1,0,0.4665666
0,0,0.17216611
0,0,0.099516094
0,0,0.3675903
0,0,0.38670546
0,1,0.78205717
0,0,0.090396315
0,0,0.3241084
0,1,0.63890994
0,0,0.07827185
0,0,0.22760756
0,0,0.1628201
0,1,0.5540704
0,1,0.57694936
0,1,0.6407725
0,1,0.65472716
0,1,0.53702027
0,0,0.47449595
0,0,0.48622563
0,1,0.641567
0,0,0.43892214
0,0,0.2242481
0,0,0.18560548
0,1,0.69969344
0,0,0.49784106
0,0,0.34786755
0,1,0.7408695
0,0,0.12914503
0,0,0.17692602
0,0,0.07901807
0,0,0.45702317
1,0,0.3903599
0,0,0.24247243
0,1,0.58451784
1,0,0.40706575
0,1,0.68601257
0,0,0.12943645
0,0,0.41083145
0,0,0.13458735
0,1,0.6595836
0,0,0.45475388
0,0,0.16271934
0,0,0.2025749
0,1,0.71504074
0,0,0.40424055
0,0,0.2377501
0,0,0.31854028
0,1,0.83151287
0,0,0.26139882
0,0,0.24926355
0,0,0.26948014
0,0,0.31630954
0,0,0.19071217
0,0,0.26910242
0,0,0.2495692
0,0,0.40616584
0,0,0.34731635
0,1,0.51287735
0,0,0.3091489
0,0,0.10849955
0,0,0.16600522
0,0,0.13184279
0,0,0.292951
0,0,0.07890815
0,1,0.54721165
0,0,0.34097686
1,1,0.723749
0,0,0.33509192
0,1,0.5839842
0,0,0.39877126
0,0,0.30794016
0,0,0.4290863
0,0,0.40314403
0,0,0.045560773
0,0,0.3760562
0,0,0.22137932
0,1,0.6716887
0,0,0.15871996
0,0,0.40784603
0,1,0.5681895
1,0,0.30995914
0,0,0.2795566
0,0,0.37316358
0,0,0.46018058
0,0,0.11739054
0,0,0.37831423
0,1,0.738314
0,0,0.2541227
0,0,0.28331715
0,0,0.31218806
1,0,0.17301258
0,0,0.3828657
0,0,0.43126982
0,0,0.18690725
0,1,0.5211054
1,1,0.6776987
1,0,0.44903174
0,0,0.45617473
0,0,0.21873051
0,0,0.25573963
0,0,0.27653253
0,1,0.7611316
0,0,0.29808232
0,1,0.57520354
0,0,0.21843287
0,0,0.21110693
0,0,0.2741507
0,0,0.45262218
0,0,0.21326697
0,0,0.41080076
0,0,0.30171308
0,0,0.2099896
0,0,0.14871156
0,0,0.21265253
0,0,0.33318353
0,0,0.2347669
0,0,0.4980717
1,0,0.47188112
0,0,0.38501546
0,0,0.15237178
0,1,0.74860156
0,1,0.87019575
0,0,0.30605498
0,1,0.5687827
0,0,0.20797879
0,0,0.42750323
0,0,0.3082607
0,1,0.77035415
0,0,0.2329495
0,0,0.25139725
0,1,0.6167881
0,0,0.30765992
0,1,0.60634726
0,0,0.38065985
0,0,0.2971038
0,1,0.50407916
0,1,0.5822905
0,1,0.5814596
0,0,0.28823134
0,0,0.18078889
0,0,0.09037493
0,0,0.2991862
0,0,0.26999784
0,0,0.32324606
0,0,0.27600265
0,0,0.29782444
0,1,0.71305645
0,0,0.33847198
0,0,0.19801651
0,0,0.08582096
0,0,0.066325754
0,0,0.2090063
1,0,0.44467103
0,0,0.35574055
0,1,0.62190384
0,0,0.4057199
0,0,0.2948967
0,0,0.12578925
0,0,0.13857162
0,0,0.14321175
0,1,0.5639466
0,1,0.7248037
0,0,0.2807329
0,0,0.2574586
0,1,0.7146901
0,0,0.17340216
0,0,0.36164564
0,1,0.6435655
0,1,0.7831868
0,0,0.25930467
0,1,0.72690886
0,0,0.37351504
1,0,0.18582113
0,0,0.29531625
0,0,0.22476228
0,0,0.29883942
0,0,0.33292902
0,0,0.21411797
0,1,0.67415154
0,0,0.37632465
1,1,0.74100184
1,0,0.48701367
0,1,0.7812695
0,0,0.15173353
1,1,0.8614607
0,1,0.589881
0,0,0.37278688
0,0,0.483169
0,1,0.78161746
0,0,0.31835777
0,0,0.28868204
0,1,0.51341146
0,0,0.044093456
0,0,0.33046472
0,0,0.2752224
0,0,0.21449536
0,0,0.045142937
0,1,0.56926095
0,1,0.50617445
0,0,0.4659378
0,1,0.51892304
0,0,0.031938348
0,0,0.12438276
1,1,0.5613595
0,0,0.39738643
0,1,0.7157689
0,1,0.6346634
0,0,0.36886582
0,0,0.16097787
0,0,0.37430227
0,0,0.23274869
0,0,0.22579186
0,0,0.32063028
0,0,0.3237881
0,1,0.5181788
0,0,0.46872246
0,0,0.17582202
0,0,0.23793365
0,1,0.55169886
0,0,0.18025132
0,0,0.20802665
0,0,0.1047931
0,0,0.36663246
0,0,0.070262454
0,1,0.63266176
0,0,0.21000047
0,0,0.24146366
0,0,0.25867778
0,1,0.7753
0,1,0.7149285
0,0,0.48151425
0,1,0.62112623
0,0,0.20206495
0,0,0.26202983
1,1,0.56142217
0,1,0.6969392
0,0,0.29431432
1,1,0.5332713
0,0,0.40826237
0,0,0.32179973
0,0,0.13928878
0,0,0.2597362
0,0,0.3635542
0,1,0.6426169
0,0,0.29247978
0,0,0.23673333
0,0,0.29029205
0,0,0.16472808
0,0,0.17008127
0,0,0.38320807
0,1,0.88150907
0,0,0.0887063
0,1,0.8158933
0,0,0.31111187
1,1,0.6355551
0,1,0.5727473
0,0,0.30958655
0,0,0.390259
0,0,0.32118022
0,0,0.36108255
0,1,0.6032938
0,0,0.18862167
0,0,0.20699702
0,0,0.23996373
0,0,0.19408233
0,0,0.18010466
0,1,0.53394425
0,0,0.257937
0,1,0.8150061
0,0,0.36271712
0,1,0.6539853
0,0,0.30399418
0,0,0.3967444
0,0,0.124376416
0,0,0.26028192
1,0,0.18765193
0,0,0.20476003
0,0,0.038566783
0,0,0.39236462
0,0,0.46290556
0,1,0.5259121
0,0,0.415306
0,0,0.42698017
0,0,0.2868249
0,0,0.2087523
0,1,0.5244479
0,0,0.16880405
0,1,0.6179845
0,1,0.5224069
0,1,0.6152268
0,0,0.34826145
0,0,0.3818208
0,1,0.55249524
0,0,0.19875698
0,0,0.42858437
0,1,0.59779495
0,0,0.33661345
0,0,0.29950637
0,0,0.3338817
0,1,0.6827442
0,1,0.73107845
0,0,0.28489965
0,0,0.21661524
0,0,0.09695978
0,1,0.63434523
0,0,0.4240693
0,0,0.2632605
0,0,0.4916475
0,1,0.916788
0,1,0.7533807
0,0,0.47792676
0,1,0.5252542
0,0,0.28113914
0,0,0.4114237
0,1,0.5553851
0,1,0.5306352
0,0,0.47523868
0,0,0.49802846
0,0,0.089904375
0,1,0.77050364
0,1,0.5433762
0,0,0.2606042
0,0,0.39327323
0,1,0.7158308
1,0,0.36295804
0,1,0.5430316
0,0,0.17081325
0,0,0.45012018
0,1,0.7456949
0,1,0.6360821
0,0,0.46498308
0,1,0.85413235
0,0,0.36754665
0,1,0.594281
0,1,0.7211707
0,0,0.15959243
0,0,0.2614801
0,1,0.5756362
0,0,0.25848198
0,1,0.74856853
0,0,0.39134666
0,0,0.37337998
0,0,0.09154654
1,0,0.18737274
0,0,0.1651173
0,0,0.10650654
0,1,0.51285636
0,1,0.5517559
0,0,0.45237762
0,0,0.29087448
0,0,0.20186017
0,0,0.48318067
0,0,0.2291733
0,0,0.37668014
0,0,0.17311448
0,0,0.44152018
0,1,0.56300163
0,1,0.5741855
0,0,0.3479007
0,0,0.37185842
0,0,0.36439446
0,0,0.22456565
0,0,0.16498643
0,1,0.521509
0,1,0.7305507
0,0,0.39479622
0,0,0.14498122
0,0,0.3083703
0,0,0.43786713
0,0,0.15451555
0,0,0.14097518
0,1,0.5067171
0,0,0.14920689
0,0,0.34423044
0,0,0.25354436
0,1,0.8903798
0,0,0.059664994
0,0,0.1292859
0,0,0.43056986
0,1,0.5356587
0,1,0.757372
0,0,0.35352898
0,0,0.26526383
0,0,0.41871226
0,1,0.57893175
0,0,0.3296724
0,0,0.2869792
0,0,0.31625977
0,0,0.118972264
0,0,0.16855998
0,1,0.6267101
0,0,0.28785232
0,1,0.57473224
0,0,0.202921
0,0,0.058241423
0,1,0.7719039
0,0,0.13611269
0,0,0.1655344
0,0,0.23979965
0,1,0.57153594
0,0,0.15509506
0,0,0.29861906
0,0,0.38911435
0,1,0.54901654
0,0,0.27700943
0,0,0.2174049
0,0,0.16692229
0,0,0.3993276
0,1,0.6441079
0,1,0.6287578
0,0,0.065951616
0,0,0.46000192
0,0,0.3020481
0,0,0.43160245
0,1,0.7797913
0,0,0.34236565
0,0,0.19152124
0,0,0.29833883
0,0,0.12427806
0,1,0.6236109
0,0,0.2889694
0,0,0.09788157
0,0,0.41297233
0,0,0.17198843
0,0,0.19949964
0,0,0.4037697
0,1,0.5108205
0,0,0.26271567
0,1,0.7783703
0,1,0.54593027
0,0,0.4347551
0,0,0.11715077
1,1,0.89930844
0,1,0.784893
0,1,0.68071896
0,0,0.12391971
0,1,0.5211561
0,0,0.14097299
0,0,0.21224652
0,0,0.2838903
0,1,0.611733
0,1,0.71742094
0,1,0.73356175
0,1,0.51283574
0,0,0.42385754
0,0,0.44201913
0,0,0.31300908
0,1,0.60346216
0,0,0.2089126
0,0,0.3465667
0,0,0.17448771
0,0,0.47440514
0,1,0.54442906
1,1,0.6904406
0,1,0.67279875
0,0,0.39405856
0,1,0.66779727
0,0,0.15349676
0,1,0.6097186
0,1,0.5846334
0,1,0.6994387
0,1,0.7369099
0,0,0.07845237
0,1,0.5633755
0,0,0.34589517
0,0,0.4763172
0,1,0.54198873
0,0,0.14263178
0,0,0.2731367
1,1,0.7271987
0,0,0.18615006
0,0,0.40806895
1,1,0.82202625
0,0,0.14126053
0,0,0.44862336
0,0,0.38313287
0,0,0.45207256
0,1,0.6119731
0,0,0.4553723
0,0,0.14421986
0,0,0.04973343
0,1,0.5288974
0,0,0.18457355
0,0,0.15966317
1,1,0.80789804
0,1,0.5508757
0,0,0.24977846
0,0,0.13410717
0,1,0.6373851
0,0,0.39162558
0,0,0.1717346
0,1,0.7961598
0,0,0.32845387
0,0,0.13201739
0,0,0.2150058
0,1,0.5404288
1,0,0.4309939
1,1,0.5067747
0,0,0.31763434
1,0,0.24466136
0,0,0.4306787
0,0,0.21646564
0,0,0.07222532
0,0,0.37457705
0,0,0.18003008
0,0,0.3225035
0,1,0.6654887
0,1,0.63149333
0,0,0.26242542
0,1,0.7797531
0,0,0.13564199
0,0,0.44451287
0,0,0.41411254
0,0,0.2966516
0,0,0.09817623
0,0,0.44135362
0,1,0.62323105
0,0,0.22098011
0,0,0.41806942
0,1,0.50038725
0,0,0.26951212
0,0,0.21313259
0,0,0.20058939
0,0,0.19528145
0,0,0.48739037
0,0,0.41697633
0,1,0.7339568
0,0,0.19442959
0,0,0.10982771
0,0,0.05585851
0,1,0.65409523
1,0,0.40389532
0,0,0.38236555
1,1,0.68049276
0,1,0.5726037
0,1,0.7244525
0,0,0.2375121
1,0,0.3212613
0,1,0.53215516
0,0,0.3837494
0,1,0.57709897
0,0,0.41320032
0,1,0.88844377
0,1,0.64459974
0,0,0.44654578
0,0,0.13250755
0,0,0.3987884
1,1,0.8451433
0,0,0.36648446
0,0,0.14859718
0,0,0.22635522
0,0,0.3858596
0,1,0.52248096
0,0,0.22695495
0,1,0.67377883
0,0,0.26538008
0,0,0.45003107
0,0,0.05546522
0,0,0.30053887
0,0,0.30847982
0,0,0.45651463
0,0,0.22714385
0,0,0.16210662
0,0,0.08960098
0,1,0.5679995
0,0,0.40786156
0,0,0.20636114
0,0,0.14134741
0,1,0.65101206
0,0,0.29440182
1,0,0.4137029
0,0,0.33627692
0,0,0.49374193
0,1,0.7332519
0,0,0.32016242
0,0,0.2445955
0,1,0.6420911
0,0,0.32569665
0,0,0.32527375
1,1,0.581655
0,0,0.086953916
0,0,0.17478986
0,0,0.22373077
0,1,0.7144116
0,0,0.048134983
0,0,0.15216944
1,1,0.60124296
0,0,0.20484914
0,0,0.116721965
0,0,0.19151121
1,1,0.5531317
0,0,0.36196232
0,0,0.28753746
0,1,0.50747484
0,0,0.42281428
0,0,0.21991216
0,0,0.41492367
0,0,0.3906054
0,0,0.38651118
0,0,0.4525957
0,1,0.5122375
0,0,0.43013772
0,0,0.23222078
0,1,0.73854864
0,0,0.27840644
0,0,0.2494669
0,0,0.20775835
0,0,0.19197688
1,0,0.48395446
0,0,0.35332856
0,0,0.13884726
0,0,0.22176221
0,0,0.38947892
0,0,0.46561235
0,0,0.09285588
0,0,0.28139243
0,0,0.17336445
0,0,0.3296824
0,0,0.2846036
0,0,0.34851068
0,1,0.66571623
0,0,0.19308147
0,0,0.16203195
0,0,0.18873467
0,0,0.43453807
0,0,0.24837002
0,0,0.46395412
0,0,0.31355277
0,0,0.31449816
0,0,0.17949528
1,1,0.8577444
0,0,0.21806598
0,0,0.19366537
0,0,0.15468393
0,0,0.1900902
0,0,0.12465676
0,0,0.48605347
0,0,0.17807506
0,1,0.73400164
0,0,0.18229988
1,1,0.8279797
0,0,0.46606266
0,0,0.37363017
0,0,0.21983191
0,0,0.37559783
0,0,0.25300843
0,1,0.5316896
0,1,0.5967399
0,0,0.2665846
0,0,0.3194071
0,0,0.38858292
0,0,0.26601297
0,0,0.06893907
0,0,0.3865488
0,0,0.37713566
0,0,0.17440674
0,1,0.637467
0,0,0.23592874
0,0,0.41480705
0,0,0.31194133
0,1,0.5140149
0,0,0.09589673
0,1,0.6364398
0,0,0.1618559
0,1,0.530044
0,0,0.42609665
0,1,0.6808597
0,0,0.09105125
1,0,0.30151087
0,0,0.207711
0,0,0.16613342
0,1,0.7940622
0,1,0.6864634
0,0,0.4194205
1,1,0.7919712
0,0,0.4606159
0,0,0.22071901
0,1,0.5916836
0,1,0.7733307
0,0,0.0772927
0,0,0.41245618
0,0,0.41533512
0,1,0.6521093
0,1,0.82281685
0,0,0.13986556
0,0,0.49919984
0,0,0.23796551
0,0,0.401421
0,0,0.08877911
0,0,0.2538784
0,0,0.25316027
0,0,0.20484048
0,1,0.89458275
0,0,0.25377843
1,0,0.37871528
0,0,0.26631072
0,0,0.3049381
1,0,0.47458065
1,1,0.6548384
0,0,0.311979
0,0,0.2697436
0,1,0.747751
1,0,0.22961722
0,0,0.38259032
0,0,0.4106499
1,1,0.8061398
0,0,0.15062355
1,1,0.6021133
0,0,0.15798183
0,0,0.22016872
1,0,0.44803488
0,0,0.04021611
0,1,0.6042382
0,0,0.45712543
0,0,0.19961467
0,1,0.5277067
0,1,0.5096836
0,0,0.2239129
0,1,0.5557413
0,0,0.31830543
0,0,0.20401098
0,0,0.27965674
0,0,0.3399573
0,0,0.25750923
0,1,0.550814
1,0,0.38371333
0,0,0.16969073
0,1,0.71707064
0,0,0.21767022
0,0,0.3412469
0,0,0.2953051
0,1,0.71557707
0,0,0.35484162
0,0,0.4427622
0,0,0.4662582
0,0,0.10867832
0,0,0.36531967
0,0,0.10204298
0,0,0.38811696
0,0,0.2902697
0,1,0.706856
0,0,0.3732487
0,0,0.3409796
0,1,0.57938665
1,0,0.40608254
1,1,0.57739013
1,1,0.8330846
1,0,0.4468473
0,0,0.21629873
0,1,0.5714259
0,0,0.4394334
0,0,0.3799483
0,0,0.32752597
0,1,0.53070205
0,1,0.7010783
0,1,0.5746588
0,0,0.39872956
0,1,0.7363855
0,1,0.78102666
0,0,0.14703529
0,0,0.41814485
0,0,0.056440294
0,0,0.0662341
1,0,0.38228405
0,1,0.5984912
0,1,0.5778551
0,1,0.52795124
1,1,0.70993423
0,0,0.24381338
0,1,0.5296062
0,0,0.40317798
0,1,0.71694165
0,0,0.23016287
1,1,0.69912004
0,1,0.6977333
0,1,0.76730233
0,1,0.7760297
0,0,0.12700467
1,0,0.43458912
0,0,0.15113315
0,0,0.14879993
0,0,0.371972
0,1,0.6720506
0,1,0.52441967
0,1,0.503441
0,0,0.44042316
0,0,0.17988172
0,0,0.14933446
0,1,0.7367429
0,0,0.1587655
0,1,0.6888522
0,0,0.3587654
0,0,0.45259318
0,1,0.5133954
0,0,0.008023956
0,0,0.33720866
0,1,0.6911352
0,1,0.5743029
1,1,0.7766205
0,0,0.25362495
0,0,0.3626926
0,1,0.5640393
1,1,0.5025511
0,1,0.6801204
0,1,0.50515825
0,0,0.28450626
0,1,0.5948084
0,1,0.51577646
0,1,0.76743716
0,1,0.79104567
0,0,0.24062541
1,1,0.54690945
0,0,0.2662176
0,1,0.5142815
0,0,0.39021334
1,0,0.26787677
0,0,0.28963095
0,0,0.07849001
0,0,0.21232046
0,0,0.031279456
0,0,0.1012504
0,0,0.3414248
0,0,0.28987548
0,0,0.36166966
0,0,0.22683361
0,1,0.6732941
0,1,0.60347605
0,0,0.09791387
0,1,0.8200091
1,0,0.19453873
0,0,0.22577274
0,1,0.6477326
0,0,0.3674118
0,1,0.52330875
0,0,0.11539515
0,1,0.515033
0,0,0.4931761
0,1,0.544473
0,1,0.6825689
0,1,0.61112106
0,0,0.38259715
0,0,0.4917228
0,1,0.59495866
0,0,0.22264892
0,0,0.14124028
0,0,0.3134225
0,0,0.49844003
0,1,0.5050199
0,0,0.3055263
0,0,0.35664776
0,0,0.37164766
0,0,0.21390195
1,1,0.5702489
0,1,0.7788167
0,0,0.15436608
0,1,0.69284236
1,0,0.48165393
0,0,0.3844171
0,0,0.45565543
0,1,0.84894294
0,0,0.17987522
0,1,0.6665791
0,0,0.08590964
0,1,0.6302934
1,0,0.16200076
0,0,0.27602512
0,0,0.29765764
0,0,0.1432535
0,1,0.5313987
0,1,0.7812901
0,0,0.25798827
1,1,0.71495485
0,1,0.83653975
0,0,0.448621
0,0,0.1549672
0,1,0.6906357
0,0,0.29108736
0,0,0.35710675
0,0,0.41145992
0,0,0.34964666
0,0,0.31496957
0,1,0.56202245
0,0,0.1641808
1,1,0.83636236
0,1,0.6588688
0,0,0.3455212
0,1,0.7984291
0,0,0.19272472
0,0,0.3280292
0,0,0.15912567
0,0,0.24576937
0,0,0.3620175
0,0,0.03256549
0,1,0.553563
0,0,0.1309551
0,0,0.3706798
0,0,0.17856173
0,0,0.09103809
0,0,0.22850911
0,1,0.80443406
0,0,0.10283329
0,0,0.10501224
0,0,0.1975614
0,1,0.56680006
1,0,0.27303383
0,0,0.36585963
0,0,0.035376143
0,0,0.2118469
0,1,0.62729603
0,0,0.39747092
0,0,0.1461158
0,1,0.797337
0,0,0.15854158
0,0,0.1983843
0,1,0.6872275
0,0,0.20953287
0,0,0.3851246
0,0,0.13574032
0,0,0.33386335
0,0,0.10896702
0,0,0.3656691
0,0,0.22298163
0,0,0.48927715
0,0,0.31780198
0,0,0.44792196
0,1,0.53295344
0,0,0.32819483
0,0,0.35193923
1,1,0.5842006
0,0,0.23150347
0,1,0.6294003
0,0,0.075639136
0,0,0.4066461
0,1,0.6035147
0,1,0.5095224
0,0,0.4793011
0,0,0.16627185
1,0,0.38148597
1,1,0.55265874
1,0,0.43337032
0,1,0.7780455
0,1,0.6570645
0,0,0.16688696
0,0,0.21969107
0,0,0.18525706
0,1,0.519957
0,0,0.26717502
0,0,0.19317548
1,0,0.47141266
0,1,0.60370237
0,0,0.3438648
0,0,0.25515825
0,0,0.20548424
0,0,0.23409921
0,0,0.27174684
0,0,0.12868465
0,0,0.33715022
0,0,0.11300728
0,0,0.2545318
0,0,0.34850422
1,0,0.289758
0,0,0.10731847
1,1,0.65605116
0,0,0.42063347
0,0,0.09819437
0,0,0.33928722
0,0,0.3461393
0,0,0.38818097
1,0,0.44590086
0,0,0.41969216
0,0,0.22267994
0,0,0.20314123
0,1,0.7685335
0,0,0.3716348
1,1,0.6481187
1,0,0.37448856
0,0,0.16677581
0,0,0.49516523
0,0,0.33449784
0,1,0.7614351
0,0,0.48999658
1,0,0.16357258
0,1,0.5639068
1,1,0.738681
0,1,0.76476145
0,1,0.5941694
0,0,0.4112428
0,1,0.5248547
0,1,0.6094666
0,1,0.8255364
0,0,0.3781131
0,0,0.25995153
0,0,0.38988766
0,1,0.6060966
0,0,0.32537133
0,1,0.82386714
0,1,0.64628685
0,1,0.60746884
0,1,0.51552933
0,0,0.14513059
1,0,0.4166871
1,1,0.7474859
0,0,0.12383329
0,0,0.18736874
0,0,0.19372888
0,1,0.6022808
0,0,0.4591548
1,1,0.7284093
0,0,0.37455732
0,0,0.3162211
0,1,0.5311456
0,0,0.23725736
0,0,0.36303386
0,0,0.24037988
0,0,0.14998803
0,0,0.19878829
0,1,0.6323671
1,1,0.79474753
0,0,0.02990615
0,1,0.52290606
0,0,0.25033632
0,0,0.4870328
0,0,0.117986195
0,0,0.47221926
0,1,0.94140685
0,1,0.532839
1,1,0.64969134
0,0,0.044929955
0,1,0.5698688
0,1,0.779467
0,1,0.5162541
0,0,0.24602564
0,0,0.30322546
0,0,0.23106785
0,1,0.6271254
0,0,0.4178536
0,0,0.27937493
0,0,0.18911512
0,0,0.17642914
0,0,0.43059698
0,1,0.78808165
1,1,0.5438928
0,0,0.122892894
0,0,0.28221557
0,1,0.61474633
0,1,0.5251586
0,1,0.84916836
0,0,0.14798191
1,1,0.68271077
0,0,0.20628431
1,1,0.5774569
0,0,0.3277036
0,0,0.2571596
0,1,0.64407647
0,0,0.19649415
0,0,0.2516754
1,0,0.27580994
0,1,0.5819719
0,1,0.540939
0,0,0.24993475
0,1,0.5002138
0,0,0.09782668
0,0,0.34219432
1,0,0.39858535
0,0,0.11916644
0,1,0.60269845
0,1,0.57936484
0,0,0.24398193
0,0,0.1707436
0,0,0.23246433
0,0,0.2688793
0,0,0.38492715
0,1,0.81691104
0,0,0.418137
0,0,0.418462
0,0,0.17608897
0,0,0.3961716
0,0,0.37422794
0,0,0.28798434
0,0,0.23687677
1,0,0.30249208
0,0,0.319775
0,1,0.7962978
1,1,0.7787374
0,1,0.5899777
0,1,0.5967424
0,1,0.6632763
0,0,0.22610065
0,1,0.64994437
0,0,0.118989356
0,0,0.16414526
0,0,0.45337123
0,1,0.5112156
0,0,0.3084963
0,0,0.4214226
0,0,0.16365957
0,1,0.53062624
0,0,0.12986135
1,1,0.62074584
0,0,0.3900317
0,0,0.4127601
0,1,0.5351368
0,0,0.39978802
0,0,0.28615347
0,0,0.26039985
0,1,0.7572532
0,0,0.329649
0,1,0.5876853
0,0,0.0959744
0,1,0.6685027
0,0,0.29621994
0,1,0.5467835
0,0,0.49054053
0,1,0.6662836
0,0,0.4856887
0,0,0.24925582
0,1,0.5311001
1,1,0.7204815
0,0,0.15884678
0,0,0.47553772
0,0,0.13457973
0,1,0.57631594
0,0,0.18429868
0,0,0.37296486
1,1,0.6610556
0,1,0.6742449
0,1,0.6010374
1,1,0.6009411
0,1,0.5167488
0,0,0.3197844
0,0,0.084136926
0,0,0.34438097
0,0,0.3704904
0,0,0.37731096
0,0,0.42586038
0,0,0.27911803
0,0,0.26529482
1,1,0.5081258
1,1,0.8564662
0,0,0.3086303
0,0,0.35633987
0,0,0.103042796
0,0,0.04879708
0,0,0.15404634
0,1,0.7280147
0,0,0.3250546
0,0,0.2750071
0,0,0.43850887
0,0,0.44050154
0,0,0.16193196
0,0,0.2051189
0,0,0.4829358
0,1,0.5440108
0,0,0.44040805
0,0,0.19697507
0,0,0.25719976
1,1,0.8805533
1,1,0.90524876
0,0,0.2624821
0,0,0.39875868
0,0,0.26247373
0,0,0.27988884
1,1,0.6105399
0,1,0.7378369
0,0,0.20111184
0,1,0.7941529
0,0,0.19939986
0,1,0.50746727
0,0,0.08265855
0,0,0.47055265
0,0,0.30674782
0,0,0.09954888
0,1,0.5451418
0,1,0.75520754
0,0,0.3949313
0,0,0.11705493
1,0,0.49945915
0,1,0.56113994
0,0,0.10243388
0,0,0.18070374
0,0,0.06956104
0,0,0.21708952
1,0,0.462978
0,0,0.2869349
0,0,0.46464902
0,0,0.12774114
0,0,0.119130544
0,0,0.36742598
0,0,0.4136849
0,0,0.32871374
0,0,0.07796117
0,0,0.23951381
0,0,0.4329301
0,1,0.7149575
0,0,0.041838806
0,0,0.474262
0,0,0.14908575
1,0,0.31842095
0,0,0.26907313
0,0,0.32267562
0,0,0.39019874
0,1,0.7179596
0,0,0.20960805
0,1,0.7335948
0,1,0.55800045
0,1,0.7018325
0,0,0.21010242
0,1,0.765017
0,1,0.6918637
0,0,0.33064488
0,0,0.18361044
0,0,0.1526379
0,1,0.8435752
0,0,0.12881278
0,0,0.1270883
0,0,0.12281448
0,0,0.05949058
0,0,0.27396855
1,1,0.79660124
0,0,0.46319577
1,1,0.7242468
0,1,0.92418873
0,0,0.18140574
0,1,0.6445186
0,0,0.36340827
0,0,0.37908554
0,0,0.15719366
0,1,0.6908813
0,0,0.1451172
0,1,0.5086897
0,0,0.20103969
0,1,0.524729
0,0,0.37841246
0,0,0.45805156
0,0,0.14041638
0,0,0.08929347
0,1,0.5729502
0,0,0.2066358
1,1,0.5877822
0,0,0.25587568
0,0,0.36601785
0,0,0.25769016
1,1,0.6337918
0,0,0.47080237
0,0,0.46026036
0,1,0.52404076
0,0,0.2804734
0,0,0.4540037
1,1,0.58752626
0,0,0.33873448
0,0,0.31919658
0,1,0.72093517
0,1,0.5113436
1,1,0.6867028
0,0,0.3646312
0,0,0.2986402
0,0,0.43873474
0,0,0.13909452
0,0,0.294639
0,1,0.79456854
0,0,0.2165259
0,0,0.25440693
0,0,0.32934564
1,1,0.5947974
0,0,0.3850193
0,0,0.25622463
0,0,0.40400305
0,0,0.32401595
0,0,0.32354897
0,0,0.48375502
0,0,0.1805556
0,0,0.26086575
0,0,0.40986565
0,0,0.45450166
0,0,0.30632123
0,1,0.53020227
0,0,0.16899475
1,0,0.40629897
0,1,0.5101847
0,1,0.5518662
0,1,0.7673028
0,0,0.21994673
0,0,0.22256674
0,1,0.6919032
0,0,0.42867818
0,1,0.5220282
0,0,0.25368404
0,0,0.36580154
0,0,0.05265202
0,0,0.3626009
0,0,0.1361363
0,0,0.31030348
0,0,0.244214
0,0,0.46384427
0,1,0.7051909
0,0,0.45734414
0,0,0.34505087
0,0,0.48649037
0,0,0.34494403
0,0,0.2842072
0,0,0.22398978
0,0,0.4440538
0,0,0.2679339
0,0,0.37219632
0,0,0.25390714
1,1,0.7590046
0,1,0.56400895
0,0,0.28639674
0,0,0.43636447
0,0,0.14861731
0,0,0.24232511
1,1,0.7292076
0,0,0.24337795
1,0,0.40904298
0,0,0.36355516
0,0,0.41412318
0,1,0.56978387
1,0,0.3227085
0,0,0.29527733
0,0,0.22094895
0,1,0.54493725
0,0,0.21479401
0,0,0.17940831
0,1,0.7366066
0,0,0.34445173
0,0,0.13296293
0,0,0.18888405
0,1,0.75179523
0,1,0.50916
0,0,0.47459015
0,0,0.23209167
0,0,0.27472267
0,0,0.22137994
1,1,0.5206892
0,0,0.40600812
0,0,0.37759942
0,0,0.19632721
0,0,0.18850432
0,0,0.38232404
0,0,0.4570499
0,0,0.31378216
0,0,0.43357694
0,0,0.3846624
0,0,0.101099
0,1,0.5638482
0,1,0.67931736
0,1,0.58097064
0,0,0.2125882
0,1,0.5629101
0,0,0.2022846
0,0,0.10117963
0,0,0.41342282
0,0,0.29844645
0,0,0.23861362
0,0,0.31414875
0,0,0.28456086
0,1,0.5163781
0,1,0.7247788
0,0,0.22612081
0,0,0.33599812
0,0,0.22565885
0,0,0.19413832
0,0,0.23871078
0,0,0.25967163
0,0,0.22084841
1,0,0.35806036
0,0,0.089342535
0,1,0.6765125
0,0,0.33607766
0,0,0.27948564
0,0,0.21312371
0,0,0.3699322
0,0,0.3799963
0,1,0.50439566
0,0,0.20793128
0,0,0.30964166
0,1,0.8192202
0,0,0.2670907
0,0,0.05521493
0,1,0.60646456
0,1,0.5546928
0,1,0.5545556
0,0,0.18242626
0,0,0.39108956
1,1,0.54365116
0,1,0.5381971
1,0,0.47243816
1,0,0.49072015
1,1,0.56479055
0,1,0.680281
0,1,0.61027926
0,0,0.28471562
0,0,0.35019702
0,0,0.32392958
1,1,0.586742
0,0,0.4849355
0,0,0.17308898
0,0,0.34462586
0,0,0.21332152
0,0,0.2457237
0,0,0.27297732
0,0,0.19850743
0,1,0.73166794
0,0,0.25233683
0,1,0.5500193
0,1,0.5841191
0,0,0.3026082
0,0,0.29531503
0,1,0.50949734
0,0,0.43796086
0,0,0.3009834
0,1,0.54346603
0,0,0.49643302
0,0,0.16058254
0,1,0.5214884
0,1,0.6407336
0,1,0.8663851
0,0,0.09311549
0,0,0.2487205
0,0,0.38105482
0,0,0.2948818
0,0,0.31909928
0,0,0.21668957
0,1,0.61574996
0,1,0.83061564
0,0,0.48134294
0,0,0.17201294
0,1,0.69832766
1,1,0.8334366
0,0,0.08817745
0,0,0.34091645
0,0,0.13514182
0,0,0.48032895
0,0,0.41774747
0,0,0.24662088
0,0,0.20323075
0,1,0.6300573
1,0,0.39432833
1,1,0.5336417
0,0,0.3951894
0,0,0.24878564
1,1,0.6279246
0,0,0.3684062
0,0,0.18035862
0,0,0.10417283
0,1,0.60816956
0,1,0.7072031
0,0,0.18065874
0,0,0.41693735
0,1,0.59507954
0,0,0.14271119
0,1,0.56228685
1,0,0.4407
1,0,0.4097367
0,1,0.6687027
0,0,0.07473777
1,1,0.5373049
0,0,0.29976872
0,1,0.9097721
0,0,0.19963676
0,1,0.5132271
0,0,0.40626135
0,0,0.13911867
0,1,0.8961402
0,0,0.22813949
0,1,0.79879475
0,0,0.20572533
0,0,0.14737767
0,0,0.44647262
0,1,0.5022524
0,0,0.27133146
0,1,0.7223037
0,0,0.3400643
1,1,0.5715338
0,0,0.262176
0,1,0.7376405
0,1,0.50737655
0,1,0.5718146
0,0,0.16866687
0,1,0.6215307
0,0,0.12742785
0,0,0.17941335
0,0,0.26706997
0,0,0.33375883
0,0,0.20545827
0,0,0.15582408
0,0,0.36007702
0,1,0.60488003
1,1,0.56863767
0,1,0.7405489
0,0,0.17865437
1,1,0.72025883
0,0,0.4698311
0,1,0.7188403
0,1,0.5095759
0,0,0.3184566
0,1,0.60660803
0,0,0.1950789
1,1,0.73795444
0,0,0.26550716
0,0,0.28359592
0,0,0.10733123
0,0,0.4541602
0,0,0.023960356
0,0,0.4597849
0,0,0.059376296
0,0,0.2411238
0,0,0.33591145
0,1,0.5715841
0,0,0.12328374
0,1,0.81771165
0,1,0.57475364
0,0,0.093682624
0,0,0.4106217
0,0,0.35897878
0,1,0.5326055
0,0,0.33534804
0,0,0.19653973
0,1,0.8484282
0,1,0.6700678
0,1,0.6504028
0,1,0.81221914
0,0,0.43416643
0,0,0.18005134
0,0,0.26274318
0,1,0.80249816
0,1,0.67722076
0,0,0.40525833
1,0,0.43954968
0,0,0.12841463
0,0,0.43832564
0,1,0.7551462
0,0,0.26103142
0,0,0.4600448
0,1,0.7130138
0,0,0.14479943
0,1,0.6548385
0,0,0.19177932
1,0,0.34022728
0,0,0.29575333
0,0,0.19187905
0,1,0.81878734
0,1,0.60833347
0,0,0.28773645
0,0,0.28240207
0,0,0.15535076
0,1,0.7334628
0,0,0.44820037
0,1,0.8290378
0,1,0.60825676
0,0,0.13591792
0,0,0.2562
0,0,0.33522823
0,0,0.48299673
0,0,0.19086933
0,0,0.1797308
0,0,0.25764814
0,1,0.61317307
1,1,0.788408
0,1,0.5781969
0,0,0.47000828
0,0,0.4382164
0,0,0.29037353
0,0,0.24068859
0,0,0.25989428
0,1,0.58683795
0,1,0.68563807
0,0,0.35870805
0,1,0.6415782
1,1,0.5960272
0,0,0.13771392
0,0,0.23726252
0,0,0.18618998
0,1,0.5388707
0,0,0.29760942
0,1,0.54352325
0,0,0.10486538
0,0,0.27893355
1,1,0.66248524
0,0,0.093993954
0,1,0.8529904
0,0,0.40495276
0,1,0.6299574
0,0,0.17921127
0,1,0.82399535
0,0,0.2608149
0,1,0.84163016
0,0,0.3077743
1,1,0.5257638
0,0,0.39013982
0,0,0.2791499
0,1,0.67470944
0,0,0.34496248
0,0,0.3991244
0,0,0.4325208
0,0,0.05778711
0,0,0.32639402
0,0,0.1514055
1,1,0.7646519
0,0,0.18454501
1,0,0.399448
0,0,0.24802065
0,1,0.5457465
0,0,0.3595716
0,1,0.54092395
0,0,0.17255802
0,0,0.17230152
0,1,0.5555516
1,1,0.54654104
0,0,0.16427672
0,1,0.5946777
0,0,0.19522592
0,1,0.64352643
0,0,0.14749359
0,0,0.31270847
0,1,0.7815406
0,0,0.22088602
0,1,0.76205975
0,1,0.60030353
0,0,0.33168727
0,1,0.55559725
1,1,0.69748974
1,1,0.71814436
0,1,0.764517
0,1,0.6006633
0,0,0.053397235
0,0,0.39031082
0,0,0.49995553
0,0,0.31855458
0,1,0.59840065
0,0,0.17453909
0,1,0.51047224
0,0,0.35874146
0,1,0.5101089
0,0,0.4991642
0,1,0.5948252
0,1,0.5186415
0,1,0.5732574
0,0,0.22581734
0,1,0.6430087
0,1,0.5335337
0,0,0.27294788
0,0,0.20854588
0,0,0.25221288
0,0,0.30120918
0,0,0.07419751
0,0,0.22797757
0,1,0.50641364
0,1,0.54854673
0,0,0.28959367
0,0,0.045570254
0,0,0.24731755
0,0,0.2288058
0,0,0.28781337
0,0,0.12769304
0,0,0.31052262
0,1,0.55059534
0,0,0.29208332
0,0,0.32579717
0,0,0.089800544
0,1,0.8017531
0,0,0.27672583
0,0,0.09767099
1,0,0.4500639
0,0,0.3765214
1,1,0.67093736
0,1,0.6898139
0,0,0.2953782
0,1,0.5428392
0,0,0.44475794
1,1,0.7911904
0,0,0.33956972
0,0,0.07639999
0,1,0.5459973
0,0,0.21269213
0,1,0.7489481
0,1,0.53784746
0,1,0.6521342
0,0,0.42080677
0,1,0.62779677
0,0,0.22409876
0,0,0.4542524
0,0,0.15210928
0,1,0.797981
0,1,0.5274372
0,0,0.32434043
0,0,0.16703722
0,1,0.6565021
0,1,0.5619777
0,0,0.1443448
0,0,0.12341395
0,0,0.21446735
0,0,0.42412254
0,1,0.5187506
0,0,0.24404621
0,0,0.34931144
0,0,0.28909448
0,1,0.6192869
0,0,0.36361226
0,1,0.6131236
0,1,0.6862306
0,0,0.3632281
0,0,0.1420735
0,0,0.37091509
0,0,0.3478082
0,0,0.29568455
0,0,0.32685855
0,0,0.4999252
0,0,0.081953526
0,0,0.44052973
0,0,0.4168197
0,0,0.16383404
0,0,0.21206506
0,1,0.85451746
0,0,0.43825376
0,1,0.6437884
0,0,0.100744516
0,1,0.60063607
1,1,0.62862605
0,0,0.17260706
0,0,0.3206853
0,1,0.54853785
0,0,0.38271758
0,0,0.19428775
1,1,0.57875043
1,0,0.3513075
0,0,0.14691593
0,1,0.61936593
0,0,0.48874328
0,0,0.30105007
0,0,0.294619
0,1,0.51774275
0,0,0.24009374
1,1,0.64684474
0,0,0.41482288
0,0,0.36329532
0,0,0.46605948
0,1,0.6055713
0,1,0.6606303
0,0,0.1754288
0,0,0.32674384
0,0,0.044418383
0,0,0.31588286
0,0,0.22705272
1,1,0.62283236
0,1,0.5081394
1,0,0.47816175
0,0,0.36370978
0,1,0.7162323
1,0,0.46609804
0,1,0.70005804
0,0,0.10669875
1,1,0.6313903
0,0,0.16587937
0,0,0.1794124
0,0,0.113208346
0,0,0.07605407
0,1,0.62590045
0,0,0.3404627
0,1,0.5831916
0,1,0.5681683
0,0,0.20795189
1,1,0.8589617
0,1,0.6013474
0,0,0.22757304
0,1,0.5328844
0,1,0.54559565
0,0,0.29783136
0,0,0.114988856
0,0,0.34890768
0,1,0.6275317
1,0,0.30453578
0,0,0.10329726
0,1,0.65165114
0,0,0.4578102
0,0,0.26388136
0,1,0.5177728
0,0,0.15179743
0,1,0.6558985
0,0,0.38782617
0,0,0.15056397
0,0,0.218832
0,1,0.5943304
0,0,0.39109254
0,0,0.37158674
0,1,0.64554346
0,0,0.26418704
0,1,0.7444469
0,0,0.42972067
0,0,0.294509
0,0,0.40463886
0,0,0.1445885
0,0,0.19076
0,0,0.35016724
0,0,0.42856702
0,0,0.07320989
1,1,0.66971475
0,1,0.65885025
1,0,0.468649
0,0,0.48673466
1,1,0.53347206
0,0,0.14878365
0,1,0.52071124
0,0,0.250193
0,0,0.3274721
0,1,0.73333466
0,0,0.38789177
0,0,0.062224947
0,0,0.38558492
0,0,0.17375681
0,0,0.29568988
0,0,0.18523723
0,0,0.2120549
0,0,0.19988957
0,1,0.5160993
0,0,0.47699106
0,0,0.277518
0,0,0.12900893
0,0,0.34726033
0,0,0.3176561
0,0,0.19164714
0,0,0.13008507
0,0,0.25005895
0,0,0.31433508
0,0,0.21949692
0,0,0.265767
0,0,0.4909813
0,0,0.15625381
0,1,0.5193788
0,1,0.6375601
0,1,0.5616545
0,0,0.26597768
0,1,0.5181257
0,0,0.31126204
0,1,0.85614204
0,1,0.85638595
0,0,0.32154354
0,0,0.24233387
0,1,0.50887173
0,0,0.33748412
0,0,0.2473752
0,0,0.33833298
0,0,0.26865894
0,0,0.3129714
0,0,0.20973693
0,0,0.36998463
0,0,0.14010295
0,0,0.31401092
0,1,0.7408465
0,0,0.2728201
0,0,0.22126749
0,0,0.13407163
0,0,0.2568981
0,0,0.45497218
0,0,0.45658004
0,0,0.3126898
1,1,0.6010414
0,1,0.6827783
0,1,0.6595841
0,0,0.2193659
0,0,0.3386701
0,1,0.5198117
0,1,0.8230803
0,0,0.45615646
0,0,0.40929493
0,0,0.060148664
1,1,0.61041397
0,1,0.79500335
0,0,0.33651295
0,0,0.25321707
1,0,0.49234214
0,0,0.13560727
0,0,0.2908112
0,1,0.6177363
0,0,0.33716312
0,0,0.25539446
0,0,0.23134921
0,0,0.49578694
0,1,0.50252455
0,1,0.50529426
0,1,0.6979041
1,1,0.84986055
0,0,0.4022902
0,1,0.61661
0,0,0.034715276
1,0,0.358523
1,0,0.37679318
0,0,0.17493273
0,0,0.24429762
0,1,0.583395
1,1,0.5854013
0,1,0.5941481
0,1,0.7038073
0,0,0.3117084
0,1,0.5054483
0,1,0.54788494
0,0,0.46990597
0,0,0.3232042
0,0,0.33731443
0,1,0.55453885
0,0,0.15800798
0,0,0.34004235
0,0,0.34363103
0,0,0.31398878
1,1,0.64120954
0,1,0.82193327
1,1,0.62698424
0,0,0.18784834
0,0,0.22096628
0,0,0.4240555
1,0,0.45154354
0,0,0.14567393
0,0,0.47911108
0,0,0.17155974
0,0,0.4564615
0,1,0.5363761
0,1,0.6517596
0,0,0.21578269
0,0,0.42059857
1,1,0.73084885
0,0,0.03740976
0,0,0.030604992
0,0,0.22295375
0,0,0.39788336
0,0,0.19883907
0,0,0.2052248
0,0,0.18860736
0,1,0.5595357
0,0,0.37704307
0,1,0.55820256
0,0,0.34990892
0,0,0.14470673
0,0,0.22190678
0,0,0.35014194
0,1,0.7763168
0,0,0.21218477
0,0,0.257101
0,0,0.094842315
0,0,0.26060104
0,1,0.5744802
0,0,0.15090644
0,0,0.092744336
0,0,0.2721164
0,0,0.14154187
1,0,0.46893743
0,0,0.10728971
0,1,0.5008484
0,0,0.36634696
0,0,0.3691267
1,1,0.5536428
0,0,0.3725175
1,1,0.9041098
0,0,0.34118685
0,1,0.7544522
0,1,0.7264147
1,1,0.63302857
0,0,0.21825197
0,0,0.36372256
0,0,0.21389076
0,1,0.65356666
0,1,0.61618346
0,0,0.37076056
0,0,0.15403506
0,0,0.4756868
0,0,0.28729367
0,1,0.6133297
0,0,0.22951287
0,0,0.1744717
1,1,0.85372525
0,0,0.40169805
0,0,0.29390055
0,0,0.4788132
0,1,0.6233658
0,0,0.27461973
0,1,0.64620775
0,1,0.5738876
0,0,0.33107138
0,1,0.8242489
0,1,0.53513455
0,0,0.35423926
0,0,0.22425318
0,0,0.19436534
1,1,0.61246413
0,0,0.35455793
0,0,0.24542382
0,1,0.5954831
0,0,0.16182423
0,1,0.6241
1,0,0.46800393
0,1,0.5291377
0,0,0.16412541
0,0,0.38283825
0,0,0.33014482
0,1,0.65395224
0,0,0.08806916
0,0,0.18308687
0,1,0.5199421
0,0,0.44710207
0,0,0.25115734
1,1,0.7869349
0,0,0.3687123
0,0,0.06734859
0,0,0.45096776
1,0,0.096360475
0,0,0.118754946
0,1,0.5323276
0,0,0.33448586
0,0,0.25084016
0,0,0.29462272
0,0,0.18597014
0,1,0.5043634
0,0,0.18178676
0,0,0.1344878
0,0,0.3533192
0,0,0.26385775
0,0,0.47645858
0,0,0.4489125
0,1,0.63307315
0,1,0.818705
1,0,0.35763928
1,1,0.51871437
0,0,0.34492564
0,0,0.43911886
0,0,0.13262479
0,0,0.25473765
0,1,0.5189083
0,0,0.084941946
0,0,0.25764486
0,0,0.3919411
0,0,0.2113822
0,0,0.2209891
0,1,0.68551874
0,1,0.70036095
0,0,0.16800217
0,0,0.1776856
0,0,0.20179577
0,0,0.37158245
0,0,0.39248997
0,0,0.4877161
0,0,0.17030773
0,1,0.5012337
0,0,0.17140932
0,1,0.60126156
0,1,0.58214194
0,0,0.115489416
0,0,0.21840353
0,0,0.27274388
0,1,0.57069856
1,1,0.67760164
0,0,0.26368737
0,0,0.16747198
0,1,0.84621936
0,1,0.5388108
0,0,0.18729381
0,1,0.64560276
0,1,0.60222125
1,0,0.18359482
0,0,0.22436735
0,0,0.21216786
0,1,0.63340837
0,0,0.21832184
0,0,0.25755778
0,0,0.44997942
0,1,0.5895842
1,1,0.7783884
0,1,0.6343789
0,0,0.1712427
0,0,0.25144303
0,0,0.16438232
0,1,0.5054803
0,0,0.2423854
0,1,0.5646597
0,0,0.19824564
0,1,0.6175187
1,1,0.72747356
0,0,0.19949761
0,0,0.34327823
0,1,0.69422257
0,0,0.497527
0,0,0.33429962
0,0,0.29203907
0,1,0.6988212
0,0,0.33780316
0,1,0.7912587
0,1,0.52888876
0,0,0.37027285
0,0,0.36840278
0,1,0.722961
0,0,0.12766294
0,1,0.55859095
0,0,0.35971862
0,1,0.50765413
0,1,0.8103212
1,0,0.0835764
0,0,0.4114199
0,0,0.4227662
0,1,0.6936984
0,0,0.2310111
0,0,0.1436011
0,1,0.5241547
0,0,0.33916396
0,0,0.16980127
0,1,0.8137989
0,0,0.16403808
0,1,0.73042625
1,1,0.6808252
0,0,0.19648117
0,0,0.33785746
0,0,0.162528
0,0,0.07759407
0,1,0.85422343
0,0,0.17599274
0,1,0.61387414
0,0,0.3678298
0,0,0.39355186
0,1,0.6323304
0,0,0.14892983
0,0,0.31266245
0,1,0.64526224
0,0,0.07724483
0,1,0.567635
0,0,0.07876951
0,1,0.5048462
0,0,0.13713618
0,0,0.46232522
0,0,0.36732048
0,0,0.29689404
0,1,0.5420051
0,0,0.43919054
0,0,0.48860523
0,0,0.11302733
0,0,0.09379438
0,0,0.18119481
0,0,0.36806017
1,0,0.2758826
0,1,0.69515115
0,0,0.095401615
0,0,0.21520248
0,0,0.3929493
1,0,0.37906995
0,0,0.3594828
0,0,0.32727185
0,0,0.25161272
0,0,0.37566036
0,0,0.08021256
1,0,0.42556906
0,1,0.65126073
0,0,0.43330285
0,1,0.680681
0,0,0.42767224
0,0,0.13107628
0,0,0.32515174
0,0,0.262936
0,0,0.37065154
0,0,0.07919379
0,0,0.22174835
0,0,0.47874686
0,1,0.71220994
0,0,0.07135557
0,0,0.26012897
0,1,0.50371104
0,0,0.38409385
0,0,0.16266721
1,1,0.739661
0,1,0.5911986
0,1,0.8738945
0,0,0.38590044
0,0,0.25975442
0,0,0.27861378
0,0,0.34635246
0,0,0.18839453
0,0,0.14892882
0,0,0.3609884
0,0,0.387911
1,1,0.6581812
0,0,0.4250767
0,0,0.39162567
1,0,0.23832583
0,0,0.26280823
0,0,0.13729441
0,1,0.52905506
0,0,0.203609
1,1,0.6806563
0,0,0.3365132
0,1,0.7220102
0,0,0.17206343
0,0,0.33719727
1,1,0.67446494
0,0,0.4713736
0,0,0.24344723
0,0,0.37841088
0,1,0.51354223
0,1,0.60278255
0,0,0.20092513
0,0,0.07365992
0,0,0.070540085
1,1,0.7113917
0,0,0.42484483
1,1,0.75661725
0,0,0.44137838
0,0,0.2115248
0,1,0.52905726
0,0,0.21681862
0,1,0.53022665
0,0,0.2307253
0,0,0.46720397
0,0,0.27796718
0,0,0.4117105
0,0,0.12941672
1,1,0.872635
0,0,0.19869967
0,0,0.39036152
0,0,0.19338812
0,1,0.5200492
0,0,0.2566221
0,0,0.2855837
0,1,0.71866786
0,0,0.39248377
0,1,0.7553735
0,0,0.2577317
0,1,0.5073506
0,1,0.5167114
1,1,0.8696261
0,1,0.64778394
0,0,0.418456
0,0,0.46081236
0,0,0.3560696
0,0,0.24742657
0,1,0.5795683
0,0,0.081236295
0,1,0.73412496
0,0,0.111998335
0,0,0.0434566
0,0,0.42672753
0,0,0.15175939
0,1,0.7102946
0,0,0.28710493
0,1,0.5239526
0,1,0.700125
0,0,0.11256166
0,0,0.07219233
0,0,0.44093466
0,1,0.5786543
0,0,0.10413966
0,1,0.5618882
0,0,0.4992037
0,1,0.8226586
0,1,0.6397055
0,1,0.7093861
0,0,0.21340562
0,0,0.31688058
1,1,0.76912576
0,1,0.68768764
0,0,0.3623277
0,0,0.49732998
0,0,0.40262824
0,0,0.22251478
0,0,0.40721208
0,0,0.4781852
0,0,0.17043394
0,0,0.22669686
0,0,0.401116
0,0,0.4220907
0,1,0.6440811
0,0,0.49820775
0,0,0.41631496
1,0,0.4575932
0,0,0.37261352
0,0,0.2610507
0,0,0.262404
0,0,0.32386062
0,0,0.103264935
0,1,0.52543837
0,1,0.6062482
0,1,0.5905342
0,0,0.13423799
0,1,0.52724993
1,1,0.72154087
0,1,0.5281646
0,0,0.3320481
0,1,0.710896
0,0,0.12810364
0,1,0.6915217
0,0,0.22600913
0,1,0.50901383
0,1,0.6203822
0,0,0.35118327
0,0,0.20018388
0,0,0.043473724
0,0,0.25665107
0,0,0.19429539
0,1,0.6924754
0,0,0.33738318
0,0,0.44592422
0,1,0.69776714
0,0,0.4085519
0,0,0.13450791
0,0,0.48025587
0,0,0.44497052
0,0,0.2566941
0,1,0.5265496
0,0,0.38289768
0,0,0.35649154
0,0,0.33759463
0,0,0.38366127
0,0,0.1688299
0,0,0.44702432
0,0,0.13257363
0,0,0.36326095
0,0,0.17957406
0,0,0.263843
0,0,0.4265633
0,1,0.87078416
0,0,0.4878541
0,0,0.3330541
0,0,0.31431955
0,0,0.25408044
0,0,0.085325375
0,0,0.20975111
0,0,0.16915861
0,0,0.11455216
0,0,0.10559733
1,0,0.11772674
0,0,0.2141123
0,0,0.31521928
0,0,0.24320073
0,0,0.2765961
0,0,0.44851622
0,0,0.47361633
0,0,0.36254317
0,0,0.1504924
0,0,0.2774207
0,0,0.35721657
1,1,0.5047252
0,0,0.25046465
1,1,0.7076472
0,1,0.54909474
0,0,0.12563151
0,0,0.2943234
0,0,0.16148765
0,1,0.62502986
0,0,0.1313262
0,0,0.17210951
0,0,0.3889935
0,0,0.12238059
0,0,0.15611914
0,1,0.614865
0,0,0.32436135
0,0,0.3392053
0,1,0.5362153
0,1,0.7702651
1,1,0.60487163
0,1,0.51884073
0,0,0.18964206
0,0,0.21544775
0,0,0.04652965
1,0,0.13680229
0,0,0.23721279
0,0,0.2937256
0,0,0.20342271
0,0,0.314355
0,0,0.45558015
0,0,0.20332092
0,1,0.57847273
0,0,0.32781798
0,0,0.22132343
0,0,0.050102204
0,0,0.48356783
0,0,0.4077158
0,0,0.37816304
0,1,0.50449836
0,0,0.41381347
0,1,0.60496724
0,0,0.3994474
0,1,0.69260424
0,0,0.25488448
0,1,0.7621753
0,0,0.29884478
0,0,0.39087507
0,0,0.12602277
0,0,0.16512032
0,0,0.4253617
0,0,0.4322825
0,1,0.64679736
0,0,0.077757634
0,0,0.12998672
0,1,0.78027254
0,0,0.25220084
1,1,0.6230769
0,1,0.6296714
0,0,0.31887478
0,0,0.19693744
0,0,0.4192906
0,1,0.52439016
0,0,0.32543054
0,0,0.28136787
0,1,0.67116094
0,0,0.36642352
0,0,0.25385565
0,1,0.5586336
0,1,0.5494985
0,1,0.5536426
0,0,0.48598576
0,0,0.09974428
0,1,0.6298468
1,1,0.73964477
0,0,0.18959233
0,0,0.3324519
0,0,0.28169063
0,1,0.74405503
0,0,0.38713673
0,0,0.22199804
0,0,0.34677568
0,0,0.3869865
0,0,0.272668
0,0,0.10739733
0,1,0.7639151
0,1,0.5977265
0,1,0.52280194
1,1,0.91379887
0,0,0.3807447
0,0,0.09120874
1,0,0.45665777
0,0,0.26357165
0,0,0.32710207
0,0,0.12207143
0,1,0.62338716
0,1,0.53005034
0,0,0.29881695
0,0,0.2082665
0,0,0.23893766
0,0,0.1906776
1,0,0.45232725
0,1,0.8814033
0,0,0.08384323
0,0,0.19522654
0,1,0.5918213
0,0,0.4217709
1,1,0.7783074
0,0,0.09607382
0,0,0.43485957
0,0,0.39843842
0,0,0.19002138
0,1,0.5947975
0,0,0.27125695
0,0,0.4622815
0,1,0.76993775
0,1,0.72047323
0,0,0.44406894
0,1,0.50155187
0,0,0.29699463
0,0,0.092666976
0,0,0.30098665
0,0,0.06691269
0,1,0.8418156
0,0,0.20329443
0,0,0.3340319
0,1,0.5916003
0,1,0.5633482
0,0,0.31024465
0,0,0.4259635
0,0,0.20077312
0,0,0.3587141
0,0,0.14275606
0,0,0.1468491
0,0,0.08149261
0,0,0.38824743
0,0,0.41222373
0,0,0.35642645
0,0,0.40928617
0,0,0.2883814
0,1,0.63706994
0,1,0.54586154
0,0,0.2931726
0,0,0.38036144
0,0,0.27174395
0,0,0.20956783
1,1,0.5768522
0,1,0.51171434
0,0,0.12615216
0,0,0.4121349
1,1,0.88936067
1,1,0.8842393
0,0,0.13142471
0,1,0.56979585
1,1,0.50841856
0,0,0.2181555
0,0,0.2208808
0,0,0.49639782
0,0,0.43059716
0,0,0.12966076
0,1,0.7068283
0,1,0.54011947
0,1,0.6314116
0,0,0.3072879
0,0,0.36231193
0,0,0.4923804
0,0,0.26988563
0,1,0.5706119
0,0,0.12730935
0,0,0.22583659
0,1,0.587057
0,0,0.2808734
0,1,0.6787385
1,1,0.81748945
0,0,0.42660746
0,0,0.11398085
0,0,0.4213605
1,1,0.6922452
0,0,0.26536813
0,0,0.26793933
0,1,0.5765082
0,0,0.3791961
0,1,0.50470483
0,0,0.41545224
0,1,0.58955616
0,1,0.5703979
0,0,0.33751032
0,0,0.29638982
0,0,0.4774348
0,0,0.26609924
0,1,0.71708685
0,0,0.025941387
0,0,0.46109936
0,0,0.11243078
0,0,0.16277395
1,1,0.7486166
0,0,0.2886904
0,0,0.40597895
0,0,0.47724792
0,1,0.61570615
0,1,0.59123224
0,0,0.33187163
0,0,0.46634093
0,0,0.40211493
0,0,0.29123583
1,0,0.23651122
0,0,0.16949038
0,0,0.42045006
0,0,0.288254
0,0,0.31659538
0,0,0.2908371
0,1,0.5221425
0,1,0.56774306
0,0,0.26517335
1,0,0.34084597
0,1,0.7885072
0,0,0.4387496
0,1,0.8500735
1,1,0.7585313
0,0,0.24586433
0,0,0.33656663
1,1,0.85717076
0,0,0.2314654
0,0,0.27795485
0,0,0.15044832
1,0,0.30448392
0,0,0.14130895
0,0,0.40575287
0,0,0.1036338
0,1,0.5186867
0,1,0.5628637
0,1,0.72713405
0,0,0.20510535
1,0,0.16548164
0,0,0.27826074
0,0,0.24718189
0,1,0.56027
0,1,0.80803376
0,1,0.72504425
0,0,0.22640516
0,0,0.33064964
0,0,0.34865615
0,0,0.19544888
0,0,0.46569216
0,0,0.080590546
0,1,0.77270937
0,0,0.25650316
1,1,0.8597156
0,0,0.41629124
0,0,0.49560335
0,0,0.31568286
0,1,0.72668016
0,0,0.27105263
0,0,0.3465037
1,1,0.91414493
0,0,0.27017108
0,0,0.2809259
0,0,0.3839296
0,0,0.0620018
0,0,0.34539682
0,0,0.18888648
0,0,0.38119683
0,1,0.5124634
0,0,0.18489957
0,0,0.13123344
0,0,0.08869954
0,0,0.4125344
0,0,0.45236737
0,0,0.21767546
0,0,0.24379893
0,0,0.3741709
0,0,0.36186147
0,1,0.7583934
0,1,0.87724876
0,0,0.20314242
0,0,0.28617632
1,0,0.21915674
0,0,0.4667221
0,1,0.799269
0,1,0.61132795
0,0,0.14555354
0,1,0.67028856
0,0,0.16054413
0,0,0.31253147
0,1,0.6799133
0,0,0.49204075
0,1,0.52073604
0,0,0.37247276
0,1,0.5486282
0,0,0.33507052
0,0,0.3464776
0,0,0.23360987
0,1,0.8834613
0,0,0.2320035
0,1,0.63527507
0,1,0.54626864
0,1,0.7320268
0,0,0.10717509
0,1,0.7049782
0,1,0.7168563
0,1,0.6954007
0,0,0.47058687
1,1,0.8559639
0,0,0.34625548
0,1,0.7804055
0,1,0.62985736
0,1,0.7453686
0,1,0.5712115
0,0,0.21923688
0,0,0.24559881
0,0,0.2558589
1,0,0.36668485
0,1,0.6111767
0,0,0.24358515
0,0,0.3152063
0,0,0.28270054
0,0,0.3418053
0,1,0.70056427
0,1,0.5430655
0,0,0.08193734
0,0,0.43376404
0,0,0.281697
0,0,0.40173164
0,1,0.8032509
0,1,0.507597
0,0,0.3000119
0,0,0.2705527
0,0,0.093999095
0,1,0.8178562
0,0,0.26790503
0,0,0.16692796
0,0,0.3681583
0,1,0.60118186
0,1,0.53074914
0,0,0.32916
1,1,0.5909223
0,1,0.55843705
0,1,0.6075823
0,0,0.48554155
0,1,0.8782867
0,0,0.165461
0,0,0.416129
0,1,0.65712106
0,0,0.33951256
0,1,0.7709629
0,1,0.6315648
0,0,0.4211371
0,0,0.083367266
0,0,0.3191743
0,0,0.22543423
0,0,0.45585108
0,0,0.4336113
0,0,0.4073327
0,0,0.40474504
1,1,0.7389974
0,0,0.21146917
0,1,0.80100703
0,1,0.5908649
0,0,0.34893948
0,1,0.6367847
0,0,0.2759475
0,0,0.17125537
0,1,0.739716
0,0,0.08491509
0,0,0.20287915
0,0,0.15496013
0,0,0.13068864
0,0,0.36007315
0,1,0.5702829
1,0,0.19754493
0,0,0.2931676
0,0,0.1319726
0,0,0.0743607
1,1,0.8108265
0,0,0.41116235
0,1,0.75318193
0,1,0.66931564
0,0,0.27973697
0,1,0.7836254
0,0,0.34281808
0,0,0.48956808
0,0,0.26237243
0,0,0.28230405
0,0,0.47124454
0,0,0.24261938
0,0,0.22328784
0,0,0.24228376
0,0,0.35766476
0,1,0.5428949
0,1,0.56665057
0,0,0.48610955
0,0,0.335146
1,1,0.80019367
0,1,0.5128144
0,0,0.117725864
0,0,0.29664892
1,0,0.37206563
0,0,0.27911112
0,0,0.35515043
1,1,0.85432065
0,1,0.5202694
0,0,0.27339116
0,0,0.33261582
0,0,0.3037336
0,1,0.74268097
0,0,0.4209066
0,0,0.33679888
0,1,0.5663375
0,0,0.38606662
0,0,0.1207422
0,1,0.54640126
0,0,0.33165032
0,0,0.3145414
0,0,0.49751103
1,1,0.6177819
0,0,0.35008368
0,0,0.18838973
0,0,0.41171274
0,1,0.51286936
0,0,0.46101597
0,0,0.17194796
1,0,0.3826706
0,0,0.47831738
0,0,0.46676192
0,0,0.10582461
0,0,0.4843079
0,1,0.8174071
1,1,0.6120512
0,0,0.45784387
0,1,0.74558115
0,0,0.30537286
1,1,0.66393507
1,0,0.35066366
0,0,0.17719206
0,0,0.42124492
0,0,0.44797808
0,0,0.3000123
0,0,0.2770313
0,1,0.5655479
0,0,0.27273718
0,0,0.18787438
0,1,0.5070828
1,0,0.31979996
0,0,0.13995527
1,1,0.6147002
0,1,0.62109315
0,0,0.47816634
1,0,0.25318328
0,0,0.1940955
0,0,0.117490984
0,0,0.29560244
0,0,0.330425
0,1,0.63999885
0,0,0.3100632
0,0,0.28189588
0,0,0.4658552
0,0,0.19029889
0,0,0.12920363
0,0,0.2326788
0,0,0.30840474
0,1,0.5821678
1,1,0.7980112
0,0,0.19943641
0,0,0.32616076
0,0,0.31239155
0,1,0.89782685
0,0,0.37709466
0,0,0.1062123
0,1,0.5043087
0,0,0.48774266
0,1,0.81943655
0,0,0.15501934
0,1,0.6101644
0,0,0.37764055
1,1,0.62291074
0,0,0.26638886
0,0,0.23282792
0,1,0.648804
0,1,0.6919689
0,0,0.17572156
0,1,0.8017794
0,0,0.3024133
0,0,0.08236223
0,0,0.37009522
0,1,0.5955442
0,0,0.20250107
0,0,0.39651388
0,0,0.3240678
0,0,0.16248444
0,1,0.57928693
0,0,0.13845553
0,1,0.828315
0,1,0.68636894
0,0,0.28263494
0,0,0.34681815
0,0,0.19170214
0,0,0.14703852
0,0,0.21139614
0,0,0.32768837
0,0,0.16181964
0,0,0.41820964
0,0,0.2583325
0,0,0.29538062
0,1,0.55070955
0,1,0.56453025
0,0,0.3453381
0,0,0.35670924
0,0,0.17592952
0,0,0.4015229
0,1,0.539979
0,0,0.38079798
0,1,0.62290233
0,1,0.54430133
0,0,0.4683255
0,0,0.24287148
0,0,0.3161684
0,0,0.3448812
0,0,0.4005286
0,0,0.20029289
0,0,0.3402052
0,0,0.2248495
0,0,0.4376378
0,1,0.50303006
1,1,0.7704867
0,0,0.32894614
0,0,0.25003052
0,0,0.122783214
0,0,0.21578124
0,0,0.4064707
0,0,0.22340105
0,0,0.4004043
0,0,0.34777275
0,0,0.25825682
0,0,0.4422827
0,1,0.60529757
0,0,0.41933763
0,0,0.23257482
0,0,0.37947613
0,0,0.34575117
1,1,0.81927687
0,0,0.3105035
0,1,0.83959705
0,0,0.44593424
0,0,0.48981288
0,0,0.44890246
1,1,0.75313705
0,0,0.11985625
0,0,0.1568385
0,1,0.5186922
0,1,0.76119363
0,0,0.22883968
0,1,0.5134886
0,1,0.50553805
0,0,0.34470484
1,1,0.6992091
0,0,0.3021377
0,1,0.60903585
0,0,0.4496201
0,0,0.44759008
0,0,0.239514
1,1,0.5299852
1,1,0.8276346
0,0,0.31183216
0,0,0.2646748
0,0,0.4142186
0,0,0.3202488
0,0,0.32510057
0,0,0.10404725
0,1,0.5188223
0,1,0.69969213
0,0,0.41460186
0,0,0.13084501
0,0,0.26102215
0,0,0.2990814
0,0,0.19039124
0,0,0.41062665
0,0,0.122230686
0,1,0.52303696
0,1,0.62482554
0,0,0.26301026
0,1,0.69194233
0,0,0.13510121
0,1,0.58897305
0,0,0.24402525
0,0,0.41308752
0,0,0.4367386
0,1,0.63057697
0,0,0.36818033
0,0,0.23636681
0,1,0.6525525
0,0,0.24639742
0,0,0.39208773
0,0,0.3400904
0,0,0.3006822
0,0,0.3475578
0,1,0.65813243
0,0,0.48988107
1,1,0.52385527
0,0,0.30241844
0,0,0.4086351
0,1,0.512839
0,1,0.63740635
0,1,0.56769186
0,0,0.101881996
0,1,0.66124934
0,1,0.61687183
0,0,0.3688559
0,0,0.2582353
0,0,0.10428767
0,0,0.099861406
0,0,0.39733177
0,1,0.6132697
0,1,0.74475163
1,1,0.77647066
0,1,0.7180984
0,1,0.80725366
0,0,0.33225778
0,1,0.63777727
0,0,0.1545206
0,0,0.148845
1,0,0.3957724
0,0,0.36222222
0,0,0.2595764
0,0,0.24442719
0,0,0.1885553
0,1,0.7397205
0,0,0.42821586
0,0,0.4655807
0,0,0.47734973
0,1,0.52022266
0,0,0.19197127
0,1,0.5401397
1,0,0.4172257
0,0,0.26092598
0,0,0.45284453
0,0,0.15534164
0,0,0.22591765
0,1,0.5828556
0,0,0.2615074
0,0,0.38749626
0,0,0.28988266
0,1,0.6582343
0,0,0.434492
0,1,0.5945068
1,1,0.603014
0,1,0.63701785
0,0,0.4231959
0,1,0.80867803
0,1,0.5884261
0,0,0.15935835
0,0,0.14415024
0,0,0.21690972
0,0,0.3711439
0,0,0.17322049
0,0,0.15534173
0,1,0.83243835
0,0,0.10446409
0,0,0.22518887
0,0,0.14825065
0,0,0.26392424
0,0,0.15686722
0,0,0.14781637
0,1,0.6573907
0,0,0.23434788
0,0,0.15972562
0,0,0.39428702
0,0,0.13442756
0,0,0.09360671
0,0,0.3721298
0,1,0.6869498
0,1,0.6630763
0,0,0.13713972
0,0,0.12524295
0,0,0.26673064
1,0,0.4477187
0,0,0.06337217
0,0,0.3912945
0,1,0.70750177
0,0,0.47704846
0,1,0.77598685
1,1,0.6677554
0,1,0.6399536
0,0,0.121260285
0,0,0.14283173
0,0,0.09714376
0,1,0.71781707
0,0,0.45609805
0,0,0.43507528
0,0,0.15982896
0,1,0.5335735
0,0,0.3026778
0,0,0.15860195
0,0,0.25621918
0,0,0.16241093
0,0,0.19213259
0,0,0.2602496
0,0,0.07359617
0,0,0.41451395
1,1,0.6176493
0,0,0.326066
0,0,0.45489007
0,0,0.3686483
0,0,0.4540642
0,1,0.6218341
1,1,0.53884363
0,1,0.6198203
0,0,0.11905611
0,0,0.39206198
0,0,0.41666862
0,0,0.37246138
0,0,0.39280862
0,1,0.6596749
1,1,0.5042279
0,0,0.096748516
0,1,0.7364965
0,1,0.66842306
0,1,0.55864817
0,0,0.319341
0,0,0.3656402
0,0,0.13285062
0,0,0.48951495
0,0,0.29199076
0,0,0.27905273
0,0,0.25996196
1,1,0.73187464
0,0,0.21709041
0,0,0.113785855
0,0,0.09442536
0,0,0.35859376
0,0,0.41012442
0,0,0.113292746
0,0,0.3277016
0,0,0.40077597
0,0,0.13444856
0,0,0.22030185
1,0,0.46611738
0,0,0.16805409
0,0,0.27078348
0,0,0.19713962
0,0,0.19004777
0,1,0.5225388
0,0,0.37182152
0,0,0.4356462
0,1,0.6135487
0,0,0.41138437
0,0,0.452249
0,0,0.107370235
0,0,0.29813966
0,0,0.37928835
0,0,0.29590446
0,0,0.25066805
0,0,0.16378608
0,0,0.4127857
0,1,0.84256977
0,1,0.5838815
0,0,0.3430052
0,1,0.67960775
1,1,0.7507713
0,0,0.22064044
0,1,0.51292574
0,0,0.25716567
1,1,0.8934525
0,0,0.12635432
0,0,0.44045702
0,0,0.34479445
0,1,0.6450375
0,1,0.770664
0,1,0.5835612
0,0,0.35860276
0,0,0.295976
0,0,0.113566294
1,1,0.6784633
0,0,0.48550776
0,1,0.83997333
0,0,0.36766434
0,0,0.16091067
0,1,0.8617862
0,1,0.7402649
0,0,0.20267558
0,1,0.58395123
0,0,0.4989385
0,0,0.47966293
0,0,0.4359254
0,0,0.37557656
0,0,0.21471633
0,1,0.5451542
0,1,0.8147754
0,0,0.30023745
0,0,0.24814156
0,0,0.48069796
0,0,0.44574007
0,0,0.2856534
0,0,0.21611358
0,0,0.104910284
0,0,0.47646818
0,0,0.31945565
0,0,0.12572868
0,0,0.48456812
0,1,0.7979608
0,0,0.2760795
0,0,0.15726669
0,0,0.35108003
0,0,0.43346334
0,1,0.58712316
0,0,0.36861303
0,0,0.19380915
0,0,0.27932417
0,0,0.46092612
0,0,0.13813527
0,0,0.27111563
0,0,0.2908187
0,0,0.2011858
0,0,0.13876742
0,0,0.26149264
0,0,0.4687365
0,0,0.28210625
1,1,0.6444393
0,0,0.15516153
0,0,0.33644745
0,1,0.5793007
0,0,0.114016175
0,0,0.172829
0,0,0.34277305
0,0,0.16673258
0,0,0.36183336
0,0,0.20880826
0,1,0.55618066
0,0,0.23999092
1,0,0.38341078
0,0,0.26893228
0,0,0.21651669
1,0,0.11667285
0,0,0.24896201
0,0,0.16524288
0,1,0.64946413
0,0,0.3146209
0,1,0.5707346
0,1,0.69768184
0,0,0.06288944
0,1,0.7518276
1,1,0.7314335
0,0,0.32850024
0,0,0.381403
0,0,0.2504579
0,1,0.75223774
0,0,0.20537962
0,0,0.45641688
0,0,0.46069312
1,1,0.8123359
0,0,0.4596487
0,1,0.61593324
0,0,0.15193082
0,0,0.43964934
0,0,0.44058788
0,0,0.46578604
0,1,0.6880792
0,1,0.682521
1,1,0.8512215
0,0,0.48632047
0,0,0.36603552
0,0,0.21883507
0,1,0.5554603
0,1,0.67118454
0,0,0.22809902
0,0,0.35964718
0,1,0.63233835
0,0,0.29030228
0,0,0.19923523
0,0,0.3711562
0,0,0.224918
0,0,0.43575373
0,1,0.5076676
0,1,0.6091421
0,0,0.32941592
0,1,0.55397063
0,0,0.24412626
0,1,0.5150388
0,0,0.35141164
0,0,0.40397444
0,1,0.69275904
0,0,0.19662637
0,0,0.21286215
0,0,0.25313538
0,1,0.58783907
0,0,0.13039996
0,0,0.18371947
0,0,0.42186743
0,1,0.60941887
0,0,0.21519306
0,0,0.2363067
0,1,0.6420055
0,0,0.17615159
1,0,0.4070075
0,0,0.44958588
0,0,0.33729985
0,0,0.31027403
0,1,0.785189
0,1,0.67598766
0,0,0.3974829
1,0,0.38474584
0,0,0.30787495
0,0,0.17020917
0,1,0.62209713
0,0,0.24994554
0,0,0.22669227
0,0,0.42476907
0,0,0.28597617
0,0,0.21945386
0,0,0.20812088
0,0,0.14973947
0,0,0.48304412
0,0,0.13739924
0,1,0.51334244
0,0,0.24835064
0,0,0.18382418
0,0,0.36476308
0,0,0.35402063
0,0,0.26659688
0,0,0.18113615
0,0,0.15384802
0,1,0.53153557
0,0,0.36163318
0,0,0.23382191
0,1,0.578818
0,0,0.25495616
0,0,0.4330425
0,0,0.2018763
0,0,0.4942086
0,0,0.36095622
0,0,0.24214078
0,1,0.5883904
0,0,0.4209428
0,1,0.5386887
0,0,0.23601836
0,0,0.15901604
0,0,0.458124
0,1,0.6939335
0,0,0.29891446
1,1,0.72039217
0,1,0.6714161
1,1,0.72851765
0,1,0.6198016
0,0,0.2153004
0,0,0.2482332
0,0,0.27236342
0,0,0.11906356
1,1,0.8064378
0,0,0.45889068
0,1,0.51463807
0,0,0.2225806
0,0,0.34706536
0,1,0.7103364
0,1,0.6587588
0,0,0.40149444
0,0,0.22754715
0,1,0.5342102
1,1,0.69067234
0,1,0.56583136
0,0,0.2914166
0,0,0.47574943
0,0,0.26030347
0,0,0.4076205
1,1,0.7739967
0,1,0.66277146
0,0,0.29098442
0,0,0.25156212
0,0,0.06876454
0,0,0.42939073
0,0,0.17200643
0,0,0.16125475
0,0,0.48430008
0,0,0.32619935
0,0,0.3683899
0,0,0.15620437
0,1,0.64595366
0,1,0.5418593
0,0,0.23128605
0,0,0.3418629
1,1,0.7935427
0,0,0.15655401
1,1,0.83313084
0,0,0.10144312
0,0,0.116080046
0,1,0.65524983
0,0,0.39527953
0,1,0.60775685
0,0,0.2036486
1,0,0.4011889
0,0,0.22079402
1,1,0.8208539
0,1,0.70386887
0,0,0.2111213
0,0,0.22474155
0,0,0.083918974
0,0,0.17717077
0,0,0.4305297
0,0,0.24699372
0,0,0.371842
1,1,0.69279224
0,0,0.3328028
0,0,0.19165497
0,1,0.51429176
0,1,0.79184544
0,1,0.7957286
1,1,0.7472021
0,0,0.4594394
0,0,0.12571856
0,1,0.70977306
0,0,0.29854766
0,0,0.13357918
0,0,0.3974326
0,1,0.82147413
0,1,0.83214533
0,0,0.19248314
0,1,0.68745154
0,0,0.120457165
0,0,0.37724814
0,0,0.3884666
0,0,0.3181779
0,0,0.18874516
0,1,0.7902344
0,0,0.25146398
0,0,0.27461463
0,0,0.42364943
0,1,0.51446515
0,0,0.24700958
0,1,0.51063377
1,1,0.6018784
0,0,0.20207301
0,1,0.5861525
0,1,0.64252293
0,0,0.36525923
0,0,0.18618505
0,1,0.6668177
0,0,0.18681492
0,0,0.3629531
1,1,0.6146219
0,0,0.31444898
0,0,0.46730188
0,0,0.38813138
0,1,0.74875265
1,0,0.40900117
1,1,0.5355927
0,0,0.15769613
0,0,0.1401607
0,0,0.26557466
0,1,0.5369474
0,1,0.6227379
0,0,0.24056005
0,0,0.14881605
0,1,0.7015023
0,0,0.1886182
1,0,0.49883875
0,1,0.81544095
0,0,0.16648455
1,1,0.6809774
0,0,0.34648097
0,0,0.3535721
0,0,0.3979396
0,0,0.17688651
0,0,0.091143385
0,0,0.06875415
0,0,0.09376608
0,0,0.28753322
0,1,0.69300467
0,0,0.13401756
0,0,0.15910323
0,1,0.86132395
0,0,0.40655363
0,0,0.43286395
0,0,0.18900543
0,0,0.33080482
0,0,0.30991957
0,0,0.19561423
0,0,0.30953765
0,0,0.22065155
0,0,0.111447774
1,1,0.89401996
0,0,0.37636432
1,0,0.33840314
0,0,0.17150882
0,0,0.20821795
1,0,0.23113051
0,1,0.5527052
0,0,0.1919143
0,0,0.34275618
1,0,0.4093384
1,1,0.67305446
0,0,0.34352937
0,0,0.43501428
0,0,0.40645757
0,0,0.3510715
0,0,0.26621243
0,0,0.3600026
0,0,0.46219388
0,0,0.10048249
0,0,0.25248447
0,0,0.18610565
0,0,0.27471355
0,0,0.066659644
0,1,0.65247303
0,0,0.46625614
0,1,0.7990319
0,1,0.5984622
0,0,0.4658849
1,1,0.76878566
0,0,0.328299
0,0,0.1498851
0,0,0.43641433
0,0,0.078104496
0,0,0.40556714
0,1,0.60675764
0,0,0.43272805
0,0,0.24703363
0,0,0.26109326
0,0,0.118189104
0,1,0.5194571
0,0,0.29467356
0,0,0.39203662
0,0,0.16450076
1,1,0.86063504
0,1,0.59731114
0,0,0.1647341
0,1,0.5087309
0,0,0.21361093
0,0,0.4183346
0,0,0.30610776
0,1,0.53392744
0,1,0.6024337
0,0,0.16526744
0,0,0.33043653
0,1,0.74762815
1,1,0.91341186
0,0,0.35311753
0,1,0.6047734
0,0,0.38811842
0,1,0.87644714
0,0,0.10759355
0,0,0.45616013
0,0,0.23190175
0,0,0.31381884
0,1,0.85173833
0,0,0.39839488
0,0,0.23445131
0,0,0.087867595
0,1,0.6462438
0,1,0.68785423
0,0,0.23456337
0,0,0.3898299
0,0,0.17921057
0,0,0.14219192
0,0,0.38333735
0,0,0.2971137
0,0,0.13067995
0,0,0.3529273
0,1,0.5225159
0,0,0.46773383
0,0,0.21439599
0,0,0.2280908
0,0,0.16233188
0,0,0.12850687
0,0,0.24381869
0,0,0.046166353
0,0,0.32717082
0,1,0.5994617
0,1,0.6168878
0,0,0.2491431
0,0,0.30897042
0,1,0.55934906
0,1,0.57852036
0,0,0.2826374
0,1,0.691989
0,0,0.23563574
0,0,0.48277447
0,0,0.37767366
0,0,0.45301166
0,0,0.18633969
0,0,0.47246534
0,0,0.19770244
0,1,0.51811606
0,0,0.069178455
0,0,0.2493045
0,0,0.13534723
0,0,0.44024527
0,0,0.2634373
0,0,0.15770116
0,1,0.6189672
0,0,0.48616838
0,0,0.1888239
0,1,0.81842035
0,0,0.21605618
0,0,0.25607035
0,1,0.6609672
0,0,0.1270874
0,0,0.32187963
0,0,0.15113351
0,0,0.22257788
0,0,0.11104654
0,0,0.38113979
0,0,0.25048342
0,0,0.44603497
0,0,0.13653758
0,0,0.08373283
0,0,0.24575417
0,0,0.20517793
0,1,0.70298994
1,1,0.89406824
0,0,0.26712093
0,0,0.29789075
0,1,0.80179906
0,1,0.57444566
0,0,0.4935934
0,0,0.1312493
0,1,0.58535135
0,0,0.044654
0,0,0.088312015
0,0,0.11675576
0,1,0.5535307
0,1,0.5738682
0,0,0.33154923
0,0,0.16653158
0,1,0.57401085
1,1,0.8456928
0,1,0.6003598
0,0,0.22138028
0,0,0.33407396
0,1,0.54097706
0,0,0.35173258
0,0,0.105380975
0,0,0.3657173
0,0,0.21588042
0,0,0.19709158
0,0,0.18773465
0,0,0.3422533
1,1,0.7798113
0,1,0.6424171
0,1,0.5389606
0,1,0.7404109
0,0,0.24020356
0,1,0.77636266
0,0,0.46746776
0,1,0.6473694
0,0,0.15192224
0,0,0.16844726
0,0,0.11683699
0,0,0.4445509
1,0,0.1465391
0,0,0.38866913
1,0,0.41954285
0,0,0.17682669
0,0,0.29579788
0,0,0.45010322
0,0,0.21656373
0,1,0.7426882
0,0,0.3257046
0,0,0.31472334
0,1,0.68101114
0,0,0.32755473
1,1,0.5718273
0,1,0.8272692
0,0,0.15061884
0,1,0.77828676
0,0,0.2094898
0,0,0.38270816
0,1,0.59100014
0,0,0.1251615
0,1,0.73925745
0,0,0.21265459
1,1,0.85283643
0,1,0.56521606
0,0,0.233468
0,0,0.42129683
0,0,0.45017773
0,0,0.26963
0,0,0.31188878
0,1,0.555494
0,0,0.33481058
0,0,0.39873472
0,0,0.40732673
1,1,0.52027357
0,0,0.40008718
0,0,0.4148093
0,0,0.3560749
0,1,0.72609943
0,0,0.27848577
0,0,0.3940593
0,0,0.26032203
0,1,0.6594298
0,0,0.45177096
0,0,0.25556886
0,0,0.48837718
0,0,0.37811518
0,0,0.46506396
0,1,0.59865534
0,0,0.3586344
0,1,0.66076696
0,0,0.26848358
0,0,0.40434584
0,0,0.1768533
0,0,0.2331137
1,1,0.51331055
0,1,0.572563
0,0,0.38525406
0,0,0.24494268
0,0,0.18898155
0,0,0.23368283
0,0,0.18473129
0,0,0.16987532
0,0,0.32650718
0,0,0.31731403
0,0,0.16549036
0,1,0.60471153
0,0,0.12811223
1,0,0.32624644
0,0,0.2650876
0,0,0.18017653
0,0,0.10434427
0,0,0.42144135
1,1,0.60845673
0,0,0.36583632
0,0,0.20654503
0,0,0.09615653
0,0,0.17147197
0,0,0.25437227
0,0,0.19587933
0,1,0.5691247
0,0,0.3542107
0,0,0.27640155
0,0,0.31964743
1,0,0.41825035
0,0,0.13901342
0,0,0.17356719
0,1,0.55830026
1,0,0.49892876
0,1,0.5193471
0,0,0.4701804
1,1,0.6585299
0,0,0.14641042
0,1,0.55469596
0,0,0.20924336
0,0,0.0908218
0,0,0.43994504
0,0,0.23067048
0,0,0.13098627
0,0,0.3911854
0,1,0.7598899
0,1,0.750138
1,1,0.5760198
0,0,0.39985648
0,1,0.5916121
0,0,0.26641256
0,1,0.6403573
0,0,0.13155895
0,1,0.58412653
0,0,0.19148298
0,0,0.30699393
0,0,0.08537512
0,0,0.26191565
0,0,0.488119
0,0,0.07531081
0,1,0.6860796
0,0,0.4007147
0,0,0.052154887
1,1,0.6026523
0,1,0.6536827
0,0,0.46784526
0,1,0.71358335
0,0,0.14033143
0,0,0.37895492
0,0,0.368954
1,1,0.52189356
1,1,0.65802634
0,0,0.27405253
0,0,0.31224418
0,0,0.32267168
0,0,0.45787087
0,0,0.36746213
0,1,0.73606765
0,0,0.2114862
0,0,0.17254281
0,0,0.31199363
0,0,0.13270079
1,1,0.7279685
0,1,0.55636543
0,0,0.3809618
0,0,0.2354503
0,0,0.30209896
0,0,0.49878725
0,0,0.30689904
0,0,0.14558597
0,0,0.43530577
0,0,0.21182027
1,0,0.082323834
0,0,0.124997705
0,0,0.20986572
0,0,0.045666005
0,0,0.32722363
0,0,0.27197513
0,0,0.40302494
0,0,0.23979011
0,0,0.2850442
1,1,0.5926958
0,0,0.31174827
0,0,0.15480767
1,0,0.2638427
0,1,0.82968926
0,1,0.9065695
1,0,0.37442952
0,0,0.15514795
0,1,0.51412666
0,0,0.21580838
0,0,0.47026375
0,1,0.6951489
0,0,0.29542652
0,0,0.3550176
0,0,0.4463618
0,1,0.5102738
0,1,0.5230229
0,1,0.76781136
0,0,0.20680043
0,1,0.55804765
1,1,0.78702337
0,1,0.5078765
0,0,0.15875638
0,1,0.60993737
0,1,0.6441316
0,0,0.31218162
0,0,0.17062885
0,0,0.07276762
0,0,0.122575924
1,0,0.26403692
0,0,0.44965264
0,1,0.6159168
0,0,0.1315648
0,0,0.35972583
0,1,0.7391537
1,1,0.8747039
0,0,0.35270995
1,0,0.32702458
0,0,0.15027694
0,0,0.3437296
0,0,0.3949514
0,0,0.22427633
0,0,0.20600097
0,0,0.1612753
0,0,0.17794013
0,0,0.09054322
0,0,0.43251592
0,0,0.44795567
1,0,0.42909583
0,1,0.58831215
0,1,0.5955523
0,1,0.50379854
0,0,0.27922273
1,1,0.7131883
0,0,0.36998546
1,1,0.92410004
0,1,0.6039092
0,0,0.2215596
0,0,0.17626478
0,0,0.24880849
0,0,0.3131016
0,1,0.6367125
0,0,0.14120746
0,1,0.8270574
0,0,0.42805582
0,1,0.644659
0,0,0.21364328
1,1,0.5669845
0,0,0.45106536
0,1,0.688809
0,0,0.39694408
0,0,0.24996415
0,0,0.09501281
0,0,0.182752
0,0,0.3919246
0,0,0.2419818
0,1,0.75303376
0,0,0.12938312
0,0,0.1318434
0,0,0.28209138
0,1,0.51507795
0,0,0.30243015
0,0,0.15834677
0,0,0.46429536
0,0,0.14331241
0,0,0.085870564
0,1,0.7591719
0,1,0.5919278
0,1,0.6253806
0,0,0.15446702
0,0,0.33857518
0,1,0.6859344
0,0,0.4596433
0,0,0.047317065
0,0,0.21975608
0,0,0.33894658
0,0,0.29588968
0,0,0.32287145
0,0,0.097086966
0,0,0.17566158
0,0,0.49094486
0,0,0.44546166
1,0,0.30783096
0,1,0.517701
0,0,0.10819121
0,0,0.47427595
0,1,0.55875915
0,0,0.46297884
0,0,0.3085787
0,0,0.1756167
0,0,0.36804146
0,0,0.055451043
0,1,0.8237262
0,1,0.5514521
0,0,0.27301338
0,0,0.31267282
0,0,0.14182717
0,1,0.59466916
0,0,0.29589304
0,0,0.37971509
1,1,0.71409017
0,0,0.22150011
1,1,0.79267144
0,0,0.23303498
0,1,0.76072246
0,0,0.43625656
0,0,0.12381576
0,0,0.20990014
0,0,0.21905546
0,0,0.20282428
0,0,0.21470357
0,0,0.13322374
0,1,0.5571869
0,0,0.15323488
0,0,0.3868737
0,1,0.51095945
0,1,0.71504664
0,0,0.22622003
0,0,0.054618537
0,0,0.24567896
0,0,0.26279002
0,0,0.41957587
0,1,0.50144905
1,1,0.6020976
0,0,0.37699386
0,1,0.6761557
0,1,0.5630029
0,0,0.1943531
0,0,0.37781444
0,0,0.20497796
0,1,0.5783234
0,1,0.7366001
0,0,0.32190076
0,0,0.4018492
0,1,0.54828244
0,0,0.32353702
1,1,0.75476915
0,1,0.52523917
0,1,0.5345288
0,1,0.58973455
0,0,0.19289336
0,0,0.37893328
0,1,0.540623
0,0,0.3009047
0,1,0.5042875
0,0,0.16680054
0,0,0.15935783
0,0,0.25849667
1,1,0.7906623
1,1,0.8272582
0,0,0.3182146
0,0,0.29095384
0,1,0.62040854
0,1,0.6678699
0,0,0.13828738
0,0,0.3410635
0,1,0.589962
0,0,0.14375405
0,0,0.29078624
0,1,0.6661452
0,0,0.34749174
0,1,0.5623144
0,0,0.044837296
0,0,0.4685902
0,0,0.31319845
0,0,0.14045395
0,0,0.17248936
0,1,0.50005776
0,1,0.5066168
0,0,0.12724979
0,0,0.24084325
0,0,0.30037406
0,0,0.15442085
0,0,0.44916388
0,0,0.12527612
0,0,0.3322261
0,1,0.59623337
0,1,0.62852985
0,1,0.54346955
0,1,0.5699433
0,1,0.530356
0,1,0.60038674
0,1,0.56911546
1,1,0.85786563
0,1,0.7482667
0,0,0.43599316
0,0,0.32074484
0,0,0.22840045
0,0,0.1969266
0,0,0.3562142
0,0,0.14491394
0,0,0.34924075
0,0,0.18139991
0,0,0.24172565
0,0,0.15828085
0,1,0.5439707
0,1,0.577601
0,0,0.48307806
0,0,0.27504936
0,0,0.4972532
0,0,0.19161083
0,1,0.6036423
0,0,0.4466586
0,1,0.6509683
1,1,0.55221826
0,0,0.29847467
0,0,0.22469772
0,0,0.42608204
0,0,0.34887636
0,0,0.31859732
0,1,0.5260751
0,0,0.3313921
0,0,0.49960703
0,0,0.24965952
0,0,0.30950674
0,0,0.25434196
0,0,0.24730459
0,0,0.27999118
0,0,0.38112754
0,0,0.36457
0,0,0.1907563
0,0,0.4585577
0,0,0.36277962
0,1,0.81254524
0,0,0.34971562
0,0,0.08161701
0,1,0.55872893
0,0,0.16937248
0,0,0.45263702
0,0,0.37180778
0,0,0.24012882
1,1,0.5492031
0,0,0.25193748
0,1,0.6490645
0,0,0.2963464
0,0,0.2555947
0,0,0.46582115
0,1,0.65141165
0,0,0.30492827
0,0,0.43800882
0,0,0.07974771
0,0,0.37913057
0,0,0.073365085
0,0,0.36803833
0,1,0.62710446
0,0,0.42973498
0,0,0.21127623
0,1,0.50242156
0,1,0.55065686
0,0,0.15992059
0,1,0.633225
0,0,0.2888912
0,0,0.2106723
0,1,0.66584814
0,0,0.4453129
0,1,0.55767053
0,0,0.16385145
0,0,0.36696216
0,0,0.12518509
0,0,0.21534576
0,0,0.27562118
0,0,0.2831973
0,0,0.17525513
1,1,0.7597054
0,0,0.32933828
0,0,0.44751635
0,0,0.10344875
0,0,0.32921976
0,0,0.19310287
0,0,0.32729024
0,0,0.19415297
0,0,0.3765593
1,0,0.47630394
0,1,0.60664487
0,0,0.37853295
1,1,0.8792594
0,1,0.6873479
1,1,0.721054
1,1,0.88109547
0,1,0.5153593
0,1,0.8849073
1,1,0.8473609
0,1,0.5057169
0,0,0.106430605
0,0,0.22558312
0,1,0.6328114
0,1,0.80694485
0,0,0.2095271
0,0,0.24054483
0,0,0.4669144
0,0,0.26266974
0,0,0.32425758
0,1,0.7466683
0,0,0.32557213
0,1,0.6508359
1,1,0.90582687
1,0,0.3533489
0,1,0.56141543
0,0,0.17671956
0,0,0.2966838
1,1,0.59070283
0,0,0.30674648
0,0,0.19105752
0,0,0.4390598
1,1,0.8220165
1,1,0.55739295
0,0,0.22487275
0,0,0.43064755
0,0,0.38357928
0,0,0.28365618
0,0,0.48295596
0,0,0.18795039
0,0,0.061421376
0,0,0.45255527
0,0,0.09992538
0,0,0.24612097
0,1,0.63035035
0,0,0.11803251
0,0,0.38231775
0,0,0.29780003
0,0,0.18685417
0,0,0.44366
0,0,0.13629761
0,0,0.35770878
0,0,0.3691196
0,0,0.328989
0,0,0.13751534
0,0,0.497788
0,0,0.41706836
0,1,0.73232293
0,0,0.008420408
0,0,0.3360626
0,1,0.56405
0,1,0.5424392
0,0,0.22788833
0,1,0.8285601
0,0,0.2848365
0,0,0.2295061
0,1,0.5489872
0,1,0.7742654
0,1,0.5357089
0,0,0.203079
0,0,0.32968664
0,1,0.86228913
0,0,0.18463866
0,0,0.38759646
0,0,0.1483724
0,0,0.46473628
0,1,0.5116416
0,0,0.35395214
0,0,0.3628093
0,1,0.9022177
0,1,0.55091465
0,0,0.34753668
0,0,0.0934997
0,0,0.28639832
0,0,0.19972977
0,1,0.8177548
0,0,0.47803992
0,0,0.22986266
0,1,0.5564598
0,0,0.040522195
0,1,0.5726804
0,0,0.0999205
0,1,0.7994493
0,0,0.23064831
0,0,0.39079943
0,0,0.19180092
0,0,0.40472037
0,0,0.4121531
0,0,0.21564327
0,0,0.38696748
1,1,0.72196794
0,0,0.054445006
0,1,0.526364
0,1,0.8473012
1,1,0.75731796
0,0,0.254236
0,0,0.17167802
1,0,0.32884914
0,0,0.34819216
0,0,0.21073884
0,0,0.23100764
0,0,0.31689158
0,0,0.32187012
0,0,0.4151327
0,0,0.27073073
0,0,0.17767045
0,1,0.5415907
0,0,0.22305003
0,1,0.68949175
0,0,0.22822747
0,1,0.58665174
0,0,0.30839488
0,0,0.19911061
0,0,0.40239903
0,0,0.13609827
0,1,0.75871265
0,0,0.26422533
0,1,0.543308
0,0,0.14111409
1,1,0.8041565
1,1,0.852473
0,0,0.27811834
0,1,0.60520035
0,0,0.2384101
0,1,0.5767027
0,1,0.8150083
0,0,0.2917874
0,1,0.62528056
0,0,0.20463546
0,0,0.29824182
1,1,0.8441256
0,0,0.25625437
1,1,0.5274907
1,0,0.16342193
0,0,0.38099232
0,0,0.068763606
0,0,0.2590205
0,0,0.19459373
0,0,0.06783783
0,0,0.08484623
0,1,0.58329606
1,1,0.7884614
1,0,0.37334678
0,0,0.25461987
0,0,0.3622527
0,1,0.7482612
1,1,0.90080947
0,0,0.07594559
0,0,0.3045643
0,1,0.6292128
0,0,0.19276297
0,1,0.75569105
0,0,0.29890513
0,0,0.23060289
0,0,0.38359737
0,1,0.7783489
0,1,0.7214893
0,0,0.18597221
1,1,0.52505124
0,0,0.22879437
0,0,0.29037943
0,1,0.53022105
0,0,0.13608108
0,0,0.4684319
0,1,0.5284801
0,0,0.23367088
0,0,0.1368396
0,1,0.83185655
0,1,0.6014959
1,0,0.3670313
0,0,0.39231893
0,0,0.13068144
0,0,0.2968368
0,0,0.08543982
1,0,0.4111639
0,0,0.29912588
0,0,0.18422513
0,0,0.4978087
0,0,0.17279807
0,0,0.25157282
0,0,0.2638885
0,0,0.31602773
0,1,0.57598186
0,0,0.33430833
0,0,0.20513009
0,0,0.4277271
0,0,0.30942518
0,0,0.36323264
0,1,0.651986
0,0,0.3015134
0,0,0.19433478
0,0,0.24405913
0,1,0.500911
0,0,0.24401982
0,0,0.2747361
0,0,0.49113792
0,0,0.18698221
0,0,0.28242856
0,0,0.37030938
0,1,0.8552778
0,0,0.21710232
0,0,0.101914085
0,1,0.6676741
0,0,0.3954982
0,0,0.23979165
0,0,0.29337683
0,1,0.7179112
1,1,0.66360724
0,0,0.15259063
0,0,0.34494516
0,0,0.038138118
0,0,0.34559768
0,0,0.45461914
0,0,0.46215338
0,0,0.34876347
0,0,0.09489708
0,0,0.45888773
0,1,0.6218446
0,0,0.069646195
0,0,0.26840192
0,0,0.20638274
0,0,0.36312434
0,0,0.24336259
1,1,0.7142173
0,0,0.0547456
0,1,0.5309405
0,1,0.63151026
0,1,0.5558916
0,1,0.85214984
0,1,0.59456617
0,0,0.3199639
0,0,0.12566057
1,1,0.70261514
0,1,0.7175091
0,1,0.84032804
0,1,0.62652284
1,1,0.5529915
0,0,0.36151975
0,0,0.40933573
0,1,0.7398677
0,0,0.42444986
0,0,0.46108764
0,0,0.27021587
0,0,0.23921658
1,1,0.56092966
0,1,0.7294168
0,0,0.43348807
0,0,0.12303943
0,0,0.25269243
0,0,0.25479683
0,0,0.14871499
0,0,0.4959429
0,1,0.6058331
0,1,0.8093081
1,1,0.7375934
0,0,0.39055035
0,1,0.79946506
0,1,0.57673126
0,0,0.40989885
0,0,0.3793757
0,0,0.4176531
0,0,0.34720662
0,1,0.7590547
0,0,0.37369087
0,0,0.43573698
0,0,0.27943555
0,1,0.69712
0,0,0.15617996
0,0,0.14875166
0,1,0.5203264
0,1,0.6270489
0,0,0.44770393
0,0,0.25314403
1,0,0.2519987
1,0,0.32648826
0,0,0.3138622
0,0,0.20449665
0,0,0.22787578
0,1,0.7062172
0,0,0.43915147
0,0,0.46249983
0,1,0.6452322
0,1,0.50051713
0,0,0.30727872
0,0,0.119995214
0,0,0.36920944
0,0,0.18433544
0,0,0.16762371
0,0,0.22871202
0,1,0.76579714
0,0,0.3251236
0,0,0.4002857
0,0,0.08279593
0,0,0.12690303
0,0,0.14612813
0,0,0.21363223
0,0,0.28619933
0,0,0.31320223
0,0,0.4376387
0,0,0.37772685
0,0,0.403979
0,0,0.34527913
0,0,0.29061824
0,0,0.33336297
0,0,0.26248726
0,0,0.25651282
0,0,0.4142458
0,1,0.61654913
0,0,0.3730653
1,0,0.29286638
0,1,0.7984895
0,0,0.25110373
0,1,0.51828146
1,1,0.7925761
0,0,0.12103041
0,0,0.19839273
0,0,0.28823623
0,0,0.37797397
0,1,0.55315137
1,0,0.35831198
0,0,0.15573207
0,0,0.07220594
0,0,0.30445093
0,0,0.45998296
0,0,0.3118535
1,1,0.5592963
0,0,0.30650002
0,0,0.42806923
0,0,0.33426583
0,1,0.53883815
0,0,0.031904567
0,0,0.40745783
0,1,0.50491863
0,0,0.3406088
1,1,0.9398293
0,0,0.4629025
0,0,0.12071689
0,0,0.15095866
0,0,0.31785575
0,0,0.31458572
0,1,0.611309
1,1,0.9078863
1,0,0.3312884
0,1,0.52852327
0,1,0.6397297
0,1,0.80887914
0,0,0.198132
1,1,0.8465645
0,0,0.3772782
0,0,0.21743001
0,0,0.4275604
0,1,0.5179428
0,0,0.42054433
0,0,0.45857757
0,0,0.25547457
0,0,0.30229506
0,0,0.4481362
0,1,0.75887454
0,1,0.6432654
0,0,0.11975819
0,0,0.22985359
0,1,0.71762097
0,0,0.12394755
0,0,0.15284942
0,1,0.7721038
0,0,0.08288411
0,1,0.7709882
0,1,0.56263334
0,1,0.54780775
0,1,0.58320016
0,0,0.14479478
0,1,0.59083474
0,0,0.21334736
0,1,0.59502655
0,0,0.08598861
0,1,0.5695627
0,0,0.49772692
0,0,0.2775795
0,1,0.5449971
0,1,0.6502132
0,0,0.29156795
0,0,0.30679414
0,0,0.12284872
0,0,0.20784204
0,1,0.79843783
0,0,0.25638312
0,1,0.76705706
0,0,0.078730635
0,1,0.6204091
0,0,0.4533863
0,0,0.23607245
0,0,0.14464504
0,1,0.7054051
0,0,0.20846684
0,0,0.288371
0,0,0.42969602
0,0,0.15189417
0,1,0.5631297
0,1,0.73943406
0,0,0.20357868
0,0,0.47073576
0,0,0.30010098
0,0,0.40656546
0,0,0.3068791
0,0,0.17718248
1,1,0.68725944
0,0,0.27881414
0,0,0.2098579
0,0,0.36795184
0,0,0.3646472
0,0,0.14246368
0,0,0.43143073
0,1,0.5435792
0,1,0.7689736
0,0,0.2249343
0,1,0.625394
0,0,0.16002426
0,0,0.22281006
0,0,0.30974635
0,0,0.2140108
0,0,0.33764848
0,0,0.4968895
0,0,0.32444668
0,0,0.24166529
0,0,0.1410195
0,0,0.45167112
0,0,0.22166891
1,1,0.5904319
0,0,0.2263284
0,0,0.44681317
0,0,0.4184577
0,0,0.23586461
0,0,0.4070971
0,0,0.31837928
0,0,0.25433117
0,0,0.20275182
0,0,0.028691959
0,0,0.3780974
0,0,0.24122241
0,0,0.028073963
0,0,0.25689733
0,0,0.13870032
0,0,0.2247209
0,0,0.38386756
0,0,0.37208107
0,0,0.1115692
0,0,0.16360757
0,0,0.40236905
0,0,0.1738659
0,1,0.73457664
0,1,0.6263172
0,0,0.17987801
0,0,0.34438765
0,0,0.23935479
0,0,0.41091928
0,1,0.69192296
0,1,0.759601
0,0,0.32989368
0,0,0.47380856
0,1,0.5221102
0,1,0.5354077
0,0,0.08158397
0,0,0.42709088
0,1,0.7919926
1,1,0.9092883
0,0,0.1820085
0,1,0.7370123
0,0,0.49845198
0,0,0.059913255
0,0,0.17520937
0,0,0.2892544
1,0,0.28808498
0,1,0.5947509
0,0,0.051808476
0,0,0.19811942
0,0,0.31897298
0,0,0.45461243
0,1,0.60493445
0,0,0.41192845
0,0,0.2054452
0,1,0.53173476
0,0,0.45658252
0,0,0.304042
0,1,0.5076453
0,0,0.17792921
0,1,0.6051566
0,1,0.57630736
0,1,0.5427317
0,0,0.395891
0,0,0.4682487
0,0,0.35540432
0,0,0.22656955
0,0,0.14152832
0,0,0.17816888
0,0,0.29264823
1,1,0.7687705
1,0,0.41648403
0,0,0.37995023
1,1,0.63623947
0,0,0.39441833
0,0,0.4830339
0,0,0.19625452
0,1,0.6627745
0,1,0.78407294
0,0,0.37168086
0,1,0.61344695
0,0,0.2730568
0,1,0.8302452
0,1,0.5618583
0,0,0.4756261
0,1,0.59538376
0,1,0.60605156
0,0,0.27335426
0,1,0.5244651
0,0,0.41901252
0,0,0.14466599
1,1,0.8272064
0,0,0.21278429
0,0,0.16348833
0,0,0.14739965
1,0,0.26885295
0,1,0.57085484
1,0,0.45903966
0,0,0.23618093
0,0,0.12275485
1,1,0.7060685
0,1,0.7313735
0,0,0.32460716
0,0,0.19249824
0,0,0.13084552
0,1,0.6690038
0,0,0.484085
0,1,0.78209704
0,0,0.18748862
0,0,0.08875348
0,1,0.76746935
1,1,0.5385015
1,1,0.521932
0,1,0.71637267
0,0,0.4927543
0,0,0.44826543
0,0,0.19240923
0,0,0.2420189
1,0,0.27653605
0,0,0.22799076
0,0,0.039407182
0,0,0.26803404
0,1,0.5702178
0,0,0.38381553
0,0,0.47732082
0,1,0.54641855
0,0,0.24484657
1,0,0.25427216
0,0,0.3365856
0,1,0.66633356
0,0,0.40104306
0,1,0.86122286
0,1,0.70767075
0,0,0.26809636
1,1,0.8174318
0,0,0.22605611
0,0,0.41586956
0,0,0.47856277
1,0,0.32673162
0,0,0.3826107
0,0,0.3099334
0,0,0.44991705
0,0,0.28970924
0,0,0.16624227
0,1,0.7284438
0,1,0.7057997
0,0,0.26656273
0,0,0.32819498
0,0,0.025560433
0,0,0.16862893
0,0,0.2487681
0,1,0.6008432
0,0,0.23790693
0,0,0.12126048
0,0,0.23901935
0,0,0.27412283
1,0,0.3653589
0,1,0.5676806
1,1,0.8829355
1,1,0.6337345
0,0,0.23754123
0,1,0.79374856
0,1,0.7888898
0,0,0.23293278
0,1,0.7681093
0,0,0.3045421
0,0,0.2678775
0,0,0.23976116
1,0,0.32803383
0,1,0.59144926
0,1,0.61331207
0,0,0.17984207
0,1,0.85692066
0,0,0.4791529
0,1,0.63804716
0,0,0.23755646
0,1,0.51125324
0,0,0.37170392
0,1,0.72281003
0,0,0.31952223
0,0,0.36074084
0,0,0.23795544
0,1,0.63172954
0,0,0.32933077
1,1,0.6857106
0,0,0.11628817
0,1,0.65102166
0,1,0.5227844
0,1,0.76030475
0,0,0.13750316
0,0,0.44391093
0,1,0.5465656
1,1,0.8457364
0,0,0.4846152
0,0,0.05891232
0,1,0.6547006
0,0,0.13712214
0,1,0.6022433
0,1,0.5873168
0,0,0.49648002
0,0,0.47278047
0,1,0.7977526
0,0,0.06029109
0,1,0.56665474
0,1,0.5296255
0,0,0.3438823
0,0,0.37110403
0,1,0.52959776
0,0,0.35722837
0,0,0.28640485
0,0,0.19964898
0,0,0.15641606
0,0,0.17047623
0,1,0.5588443
0,1,0.6140313
1,0,0.07162951
0,0,0.0641489
0,0,0.113070264
0,0,0.46695283
0,0,0.28303573
0,0,0.47264653
0,0,0.37949157
1,0,0.3938234
0,0,0.11999067
0,0,0.20431744
0,0,0.38111717
0,0,0.2103094
0,1,0.5282743
1,0,0.21369646
0,0,0.26667377
0,0,0.3827938
0,1,0.6508583
0,0,0.43199807
0,1,0.58726853
0,0,0.35014522
0,0,0.18511167
0,0,0.48152485
0,0,0.15117884
0,0,0.34903535
0,0,0.36103213
0,1,0.65703225
0,0,0.42263082
0,1,0.7445906
0,0,0.18269019
0,1,0.52004653
0,1,0.50921446
0,0,0.3064274
0,0,0.3311218
0,0,0.28025752
0,1,0.550752
0,1,0.86445206
0,0,0.41059464
0,0,0.3867705
0,0,0.35076064
0,0,0.46724936
0,1,0.623884
0,0,0.21367964
0,1,0.61289
0,1,0.6878191
0,0,0.34914634
0,0,0.1966675
0,1,0.58115536
1,0,0.17551455
0,1,0.5765969
0,0,0.4552784
0,1,0.89683694
0,0,0.28785038
0,1,0.63068724
0,0,0.3822909
0,0,0.37257612
0,0,0.13896091
0,1,0.53167045
0,0,0.4788062
0,0,0.12750782
0,0,0.33101204
0,0,0.07729225
0,0,0.27059624
0,1,0.51840377
0,0,0.1307569
0,0,0.3304054
0,0,0.4453346
0,0,0.25553375
0,0,0.16148823
0,1,0.5329537
0,0,0.11336102
0,0,0.17827679
1,0,0.21194199
0,0,0.4239982
0,0,0.2932056
0,1,0.5779599
0,1,0.9165666
0,0,0.050618242
0,0,0.13723306
0,0,0.37963378
0,0,0.3006404
0,1,0.5801568
0,0,0.39429972
0,0,0.31922752
0,0,0.12270457
0,0,0.31946075
0,1,0.78681266
0,0,0.090694465
0,0,0.42830294
0,0,0.16960864
0,0,0.4069245
1,0,0.35438922
0,1,0.61311305
0,1,0.5467955
0,1,0.55304724
0,1,0.5478684
0,0,0.3843377
0,1,0.55498964
0,0,0.39604953
0,0,0.30541688
1,1,0.70755
0,0,0.35524568
1,0,0.39165804
0,0,0.46849954
0,0,0.24704783
0,0,0.34743914
0,0,0.30681264
0,0,0.49205565
1,0,0.4633438
0,1,0.6725958
0,0,0.19565304
1,0,0.34406868
1,1,0.7510359
0,0,0.13954791
0,0,0.2903724
0,0,0.16197479
1,0,0.2720043
0,0,0.32120568
0,0,0.3008034
1,0,0.44702303
0,1,0.51735336
0,0,0.47483528
1,1,0.7075444
0,0,0.10375949
1,0,0.24050187
0,0,0.3685175
0,1,0.576895
0,0,0.45024952
0,0,0.37604752
0,1,0.56219405
0,0,0.22874352
1,0,0.42049435
0,0,0.38143706
0,0,0.21474311
1,0,0.32297882
1,1,0.7443764
0,0,0.24957167
0,0,0.258284
0,1,0.63231206
0,1,0.5869242
0,0,0.20178886
0,0,0.4536765
0,0,0.47326836
0,0,0.2883242
0,0,0.4875338
0,0,0.24686864
0,0,0.22483553
1,0,0.46220618
0,0,0.30423856
0,0,0.47708443
1,1,0.8698798
0,0,0.47263768
1,1,0.59385544
0,0,0.24781615
0,0,0.34032595
0,1,0.72536445
0,0,0.29295555
1,0,0.36334035
0,1,0.81108016
0,0,0.20057876
1,1,0.67479974
0,1,0.5215261
0,1,0.73692644
0,0,0.46889278
0,0,0.39997977
0,0,0.1562783
0,0,0.4628023
0,0,0.10017987
0,0,0.46247733
0,0,0.19468048
0,1,0.70697564
0,0,0.23338714
0,0,0.312564
0,1,0.7277972
0,0,0.2122401
0,0,0.42381597
0,0,0.17035384
1,0,0.107022464
0,0,0.19787121
0,1,0.6056512
0,1,0.83399665
0,0,0.18644747
0,1,0.6353437
0,1,0.88550496
0,0,0.41353303
0,0,0.13194609
0,0,0.31945089
0,0,0.2818718
0,1,0.52327675
0,0,0.1168269
0,0,0.28434306
1,1,0.82888645
0,1,0.6104874
0,0,0.32739183
0,1,0.7621194
0,1,0.50007874
0,0,0.21797785
0,1,0.7357089
0,0,0.075427786
0,0,0.37385234
0,0,0.20491719
0,1,0.64891356
0,0,0.38107663
0,1,0.577065
0,1,0.55177486
0,1,0.56221026
0,0,0.41202614
0,0,0.15686195
0,1,0.6607904
0,0,0.18885344
0,0,0.1850004
0,0,0.28800514
0,0,0.1834944
0,0,0.26708743
0,0,0.19611819
0,0,0.40346226
0,0,0.2748932
0,0,0.31938812
0,0,0.20469205
1,1,0.6505621
0,0,0.46121144
0,1,0.5884149
0,0,0.11819637
0,0,0.17074284
0,0,0.14849566
0,1,0.53071165
1,1,0.53528166
0,0,0.43584102
0,0,0.42961195
0,0,0.2050463
0,1,0.60407126
0,0,0.1721997
0,0,0.43778324
0,0,0.21301718
1,1,0.5186808
1,1,0.639243
0,1,0.7529721
0,0,0.40451932
0,0,0.3105168
0,0,0.10566634
0,0,0.15260941
0,0,0.33856672
0,0,0.40145302
0,1,0.7165392
0,1,0.7323803
0,0,0.40099788
0,0,0.3436816
0,0,0.20463458
0,0,0.20190896
0,1,0.8125883
0,1,0.58492994
0,0,0.4026446
0,1,0.530384
0,0,0.16357465
0,1,0.501569
0,1,0.53946614
0,0,0.41806233
0,1,0.8730001
0,1,0.50206226
0,0,0.12701161
0,0,0.39452884
0,0,0.1115625
0,0,0.40709975
0,0,0.20163858
0,0,0.26447743
0,0,0.4165733
1,1,0.6785282
0,0,0.15871124
0,1,0.63119394
0,0,0.22891603
0,0,0.35655063
0,0,0.17622504
0,0,0.15271643
0,0,0.34329528
0,0,0.48876625
0,1,0.5239232
0,0,0.19198449
0,1,0.5424608
0,0,0.3709948
0,0,0.4752094
0,0,0.4318784
0,0,0.4211509
0,0,0.4861125
0,1,0.5289366
0,0,0.30070192
0,0,0.21247818
0,0,0.3747287
0,1,0.56397766
0,0,0.08466189
1,1,0.5139687
0,1,0.6033604
0,1,0.7808073
0,0,0.30048555
0,0,0.07872739
0,0,0.2408617
0,0,0.49756467
0,0,0.17309289
0,0,0.4631772
0,0,0.22575039
0,0,0.15461335
0,0,0.38017574
0,0,0.11406038
0,0,0.24081838
0,1,0.74223423
0,0,0.30666366
0,0,0.4016662
0,0,0.4548698
0,0,0.33789024
1,1,0.5079267
1,0,0.099386685
0,0,0.14587136
0,0,0.37649906
0,0,0.44786584
0,0,0.13212854
0,0,0.13375159
0,0,0.32759622
0,0,0.09765954
0,0,0.20822218
0,0,0.33696312
0,1,0.6328848
0,0,0.3143387
1,0,0.46418643
0,0,0.2197378
0,0,0.26245037
0,1,0.6068538
0,1,0.71199703
1,1,0.58119893
0,0,0.047889408
0,0,0.2193597
0,0,0.45689338
0,0,0.24169283
0,0,0.081541434
0,0,0.278125
0,1,0.75597274
0,0,0.1381177
0,0,0.28621894
0,1,0.6636513
0,1,0.6702944
0,0,0.20376517
0,0,0.26932955
0,0,0.22009958
0,0,0.278699
0,1,0.5642644
0,0,0.30789116
0,0,0.13989608
0,0,0.32720658
0,0,0.29242963
0,0,0.12932508
0,0,0.3632422
0,1,0.6034394
0,0,0.2942249
0,0,0.326116
0,1,0.60970676
0,0,0.42233837
0,0,0.19686398
0,0,0.2968619
0,0,0.3936751
0,0,0.2215676
0,1,0.71153575
0,0,0.124145515
0,0,0.10168484
0,0,0.15690348
0,0,0.2411038
0,0,0.09301479
0,0,0.2440444
0,0,0.26620248
0,0,0.16702558
0,0,0.14235277
0,0,0.4705695
0,0,0.28488258
0,0,0.3482328
0,0,0.09844234
0,1,0.68713766
0,1,0.75086045
0,0,0.18895572
0,1,0.8157301
0,0,0.2834812
0,0,0.40517998
0,0,0.3346479
0,0,0.057155315
0,0,0.31145135
0,1,0.54624826
0,0,0.37550583
0,0,0.20427567
0,1,0.64464265
0,0,0.47568262
0,0,0.31712735
0,0,0.34471354
0,1,0.6016271
1,1,0.6160217
0,0,0.25865424
0,0,0.123258576
0,1,0.60718167
1,1,0.6633828
0,0,0.19139753
0,1,0.64887583
1,1,0.73504734
0,0,0.31271052
0,0,0.46193376
1,0,0.43102533
0,0,0.30669126
0,0,0.3946028
0,0,0.36256048
0,0,0.49009895
0,0,0.33304828
0,0,0.34437224
0,0,0.031417076
0,1,0.6283395
0,0,0.3089699
0,0,0.23024613
1,1,0.5795642
0,0,0.10238099
0,0,0.17145662
1,1,0.6657669
0,0,0.37273088
0,1,0.595381
0,0,0.38939714
0,0,0.28540346
0,1,0.54867554
0,0,0.38280472
0,0,0.21643203
1,1,0.6442928
0,1,0.66218215
1,1,0.8930823
0,0,0.21081714
0,0,0.18697089
0,0,0.27253968
1,1,0.75600046
0,0,0.14761585
0,1,0.7966694
0,0,0.36063963
0,0,0.44940537
0,0,0.26964554
0,0,0.4972115
0,1,0.6508251
0,0,0.24414086
0,1,0.59498435
0,1,0.5119135
0,0,0.14421968
0,0,0.14241354
0,0,0.38883868
0,0,0.36861625
0,1,0.6090488
0,0,0.1612513
0,0,0.20321475
0,0,0.124597535
0,0,0.27415594
0,1,0.7291559
0,0,0.31835985
0,0,0.25550795
1,0,0.30017328
0,0,0.24633178
0,0,0.33954436
0,0,0.1791933
0,1,0.5191762
0,0,0.17882775
0,0,0.1778412
0,1,0.77684253
0,1,0.584621
0,0,0.34804502
0,0,0.3380215
0,0,0.15751427
0,0,0.14020039
0,0,0.38826862
0,1,0.62613815
0,1,0.6665592
0,0,0.33731773
0,0,0.2992985
0,0,0.09606095
0,0,0.42737216
0,0,0.40833813
0,0,0.18797784
0,0,0.35957533
0,0,0.13398065
0,0,0.13171999
0,1,0.8522029
0,0,0.4747429
0,0,0.19944838
0,0,0.32767043
0,1,0.7047715
0,0,0.29492277
0,0,0.26525292
0,0,0.39740118
0,0,0.44396153
0,0,0.27039403
0,0,0.38525036
0,0,0.47766063
0,1,0.60168004
0,1,0.6235726
0,0,0.04168452
0,0,0.38541526
0,0,0.34866837
0,0,0.19711392
1,1,0.6794452
0,1,0.63041145
0,1,0.62554264
1,1,0.50857216
0,1,0.59171736
0,0,0.30864662
0,1,0.53997886
0,0,0.38788575
0,0,0.1450965
1,1,0.88742036
1,1,0.65185064
1,0,0.2422958
0,0,0.13305192
0,1,0.679722
0,1,0.5698516
0,0,0.2589691
0,0,0.1306185
0,0,0.18258119
0,0,0.2311182
0,0,0.3142682
0,1,0.50271004
0,0,0.3666054
0,0,0.33304664
0,0,0.20628375
1,0,0.15251586
0,0,0.1565673
1,0,0.4412297
0,0,0.08110198
0,0,0.28776544
0,0,0.1085317
1,1,0.6353464
0,0,0.29300788
0,0,0.4437802
0,0,0.22103922
0,1,0.78574663
0,1,0.51340705
0,1,0.7912479
0,0,0.13698596
0,0,0.098040275
0,1,0.77775866
0,0,0.15742153
0,0,0.2419672
0,0,0.27691957
1,1,0.56377476
0,1,0.6822124
1,0,0.43430382
0,0,0.13447727
0,0,0.15962398
0,1,0.7413733
0,1,0.6399826
0,0,0.43250442
0,0,0.2026639
0,0,0.14931343
0,0,0.27212444
0,0,0.33278525
0,0,0.09613784
0,1,0.5209561
0,0,0.19425464
0,0,0.12386754
0,1,0.6620218
0,0,0.19415587
0,1,0.77652746
0,1,0.6923441
0,0,0.46324843
0,0,0.4265669
1,1,0.88419294
0,0,0.23592392
0,0,0.2921085
0,0,0.20578465
0,0,0.11591775
0,0,0.23331293
0,0,0.49131855
0,0,0.3215866
0,0,0.26401386
0,0,0.15706556
0,0,0.18298139
0,1,0.5466667
0,0,0.30383676
0,0,0.40004838
0,0,0.34756806
1,1,0.59045637
0,0,0.17176647
0,0,0.17601983
0,0,0.32085982
0,0,0.21037823
0,0,0.46379238
0,1,0.5191435
1,0,0.4474054
0,1,0.90109533
0,0,0.10216192
0,0,0.0966761
0,1,0.5124289
0,0,0.10624603
0,0,0.17896184
0,0,0.38582373
0,1,0.6611933
0,0,0.20863816
0,0,0.46970037
0,0,0.44657558
1,1,0.6911424
0,0,0.22825593
0,1,0.61866105
0,0,0.05262982
0,0,0.315705
0,1,0.80364966
0,0,0.41006714
0,0,0.4065582
0,1,0.81765896
0,0,0.3550707
1,0,0.18268523
1,1,0.6477382
0,1,0.6006697
0,1,0.5358393
1,1,0.8452055
0,0,0.16044083
0,0,0.2558216
0,0,0.2737439
1,1,0.71603
0,0,0.35228103
0,0,0.11286899
0,1,0.7629287
0,0,0.32556856
0,0,0.31287178
0,0,0.4550218
0,1,0.57260156
0,0,0.37143633
0,0,0.1326368
0,0,0.13595566
1,1,0.9123807
0,0,0.38753217
0,0,0.30360514
0,0,0.46400633
0,0,0.16195786
0,0,0.42897773
0,0,0.49403235
1,1,0.81911737
0,0,0.37759593
0,0,0.49834278
1,0,0.3562092
0,0,0.45310372
0,0,0.29942587
0,1,0.50259364
0,1,0.5552836
0,1,0.51037765
0,1,0.5059465
0,0,0.4834334
0,0,0.13225424
0,0,0.42422912
0,1,0.6279446
0,1,0.7537979
0,0,0.31875265
0,0,0.14233506
0,0,0.45168504
0,0,0.24014206
0,0,0.32994255
0,0,0.49478987
1,0,0.4999808
0,1,0.57696784
0,1,0.51568633
0,0,0.2616415
0,1,0.58055335
0,0,0.41909596
0,0,0.10395882
0,0,0.108597234
0,0,0.37289205
0,0,0.14708726
0,0,0.06214243
0,0,0.32061395
0,0,0.10199573
0,0,0.3903291
0,0,0.44206846
0,0,0.44097495
0,0,0.116000876
0,0,0.4069819
0,1,0.5143324
0,1,0.6271691
0,0,0.22819607
0,1,0.7067995
0,0,0.18167463
0,0,0.27856535
0,1,0.5925646
0,0,0.45704895
1,1,0.546758
0,0,0.20894226
0,0,0.2578774
0,1,0.51791716
0,1,0.6973858
0,0,0.36882937
0,0,0.1162043
0,0,0.11171337
0,1,0.6768765
0,0,0.25559404
0,0,0.3655369
0,0,0.2590915
0,0,0.28962383
0,1,0.6950019
0,0,0.27497557
1,0,0.48051688
0,1,0.5412985
0,0,0.3065643
0,0,0.3805143
0,0,0.13289894
0,1,0.73081833
0,0,0.38357875
0,1,0.77436966
0,1,0.5609997
1,1,0.70945793
0,0,0.22383727
0,1,0.71628803
0,1,0.686731
1,1,0.7051128
0,0,0.48083428
1,1,0.7786392
0,1,0.7652502
0,1,0.6385204
0,0,0.21197644
0,0,0.19033755
0,1,0.512423
0,0,0.25491372
0,0,0.28702575
0,0,0.42712957
0,0,0.20144534
0,0,0.22195506
0,0,0.19044857
0,0,0.26383486
0,0,0.13191892
0,0,0.06415138
1,0,0.39380285
0,0,0.23561457
0,0,0.13920934
0,1,0.6841463
0,1,0.50768954
0,0,0.12648287
0,1,0.5000911
0,0,0.08344623
0,1,0.77409965
0,0,0.11453916
0,0,0.056200128
0,0,0.3168192
0,0,0.25862613
0,0,0.34831408
0,0,0.19908428
0,1,0.5810714
1,0,0.28786942
0,0,0.22496311
1,0,0.29304263
0,0,0.20362115
0,0,0.21555673
0,0,0.47742406
0,1,0.6764128
0,1,0.788191
0,0,0.40746376
0,0,0.32406542
0,1,0.5885265
0,0,0.20186274
0,0,0.2945097
0,0,0.39008653
0,0,0.36071467
0,0,0.2604395
0,0,0.13435088
1,1,0.70157146
0,1,0.76777506
0,0,0.19883284
0,0,0.14686951
0,0,0.15650292
0,0,0.24441072
0,0,0.19518891
0,0,0.23242462
0,0,0.109248824
0,1,0.5012922
0,0,0.1800251
0,0,0.4118398
0,0,0.37624866
0,0,0.3799859
0,0,0.24754877
0,0,0.20349896
0,0,0.35576952
0,0,0.20488726
1,0,0.42840117
0,0,0.11925209
0,1,0.60867
0,0,0.3053539
0,0,0.19142811
0,0,0.35487497
0,0,0.3232767
0,0,0.24289809
0,1,0.59731454
0,0,0.19246715
0,0,0.16920035
0,0,0.20465268
0,0,0.29972672
0,0,0.26607385
0,0,0.19489096
0,1,0.82412577
0,0,0.38269833
0,0,0.08708327
1,1,0.8283641
0,1,0.565215
0,0,0.22504069
0,1,0.6089398
0,0,0.07428703
0,0,0.11305731
0,1,0.54958487
0,0,0.088327356
1,1,0.65749234
0,1,0.5745813
0,0,0.3358668
0,0,0.42593485
0,0,0.46427983
0,1,0.70893186
0,1,0.65032494
0,0,0.2015901
0,1,0.7756683
0,0,0.4155742
0,0,0.08927497
0,0,0.24278563
0,1,0.5904687
0,0,0.23835282
1,0,0.4281251
0,0,0.18944228
0,1,0.78310376
0,0,0.14644445
0,0,0.16616476
0,0,0.27453703
0,0,0.35151327
0,0,0.42310423
1,1,0.67120624
0,0,0.30518255
0,0,0.29271004
0,0,0.37699455
0,1,0.69650286
0,0,0.3819304
0,1,0.5067227
0,0,0.45378652
0,0,0.2458248
0,0,0.16134398
0,0,0.1331492
0,0,0.3149358
0,0,0.3225569
0,1,0.7533542
0,0,0.28312424
0,1,0.65973896
0,0,0.43901
0,0,0.3136792
0,1,0.50170004
0,0,0.27576768
0,0,0.2960031
0,0,0.48662415
0,0,0.19744727
0,1,0.726331
0,0,0.26487765
0,0,0.39221817
0,0,0.11579699
0,0,0.41084987
0,0,0.361379
0,1,0.74089557
0,0,0.22616118
1,0,0.2506225
0,0,0.21416508
0,1,0.5256264
0,0,0.4604801
1,1,0.93616194
0,1,0.5715674
0,1,0.7334852
0,0,0.35348925
0,1,0.52755255
0,0,0.20697743
0,0,0.2934193
0,0,0.4244005
0,0,0.48928538
0,0,0.134742
0,1,0.5726181
0,1,0.52380335
0,0,0.35805693
0,0,0.3455446
1,0,0.35537487
0,1,0.5344953
0,0,0.33477697
0,1,0.5150567
0,1,0.7516659
0,1,0.62468827
0,0,0.14900109
0,1,0.50579524
0,1,0.5169805
0,0,0.38395107
0,0,0.39723754
0,0,0.33465445
0,0,0.338409
1,1,0.88575685
0,1,0.6089703
0,0,0.27873233
0,0,0.45764974
0,1,0.5890962
0,0,0.21166758
0,0,0.12869564
0,0,0.4885305
0,0,0.22394651
0,0,0.06882867
0,0,0.29429752
0,0,0.1280761
0,0,0.07310436
0,0,0.4932
0,0,0.15983965
0,0,0.38581133
0,0,0.27432606
0,0,0.1254026
0,1,0.543067
0,0,0.10739733
0,1,0.76809156
0,1,0.5149069
0,0,0.4096805
0,0,0.3263585
0,1,0.5542773
0,1,0.52129453
0,0,0.30703205
0,0,0.1806945
1,1,0.6617238
0,0,0.10109005
0,1,0.89692914
0,0,0.118621394
0,0,0.17023727
0,0,0.18431275
0,0,0.10989316
1,0,0.38404617
0,0,0.24162541
0,0,0.30051568
0,0,0.1835381
0,0,0.48000523
0,0,0.24626595
0,0,0.11656725
0,0,0.40932953
1,1,0.50527066
0,0,0.38811982
0,0,0.14779793
0,0,0.3737045
0,0,0.20327346
0,0,0.33766177
0,1,0.56492686
0,0,0.23195705
0,1,0.62570125
0,0,0.44638565
0,0,0.3245454
0,1,0.6086099
0,0,0.044522848
0,0,0.3326436
0,1,0.64327496
0,1,0.5978378
0,0,0.24169542
0,0,0.079442695
0,0,0.30843934
0,0,0.4450263
0,0,0.46521857
0,0,0.3940616
0,1,0.81932664
0,0,0.36360207
0,0,0.13011046
0,0,0.09950279
0,0,0.41409972
0,1,0.58248925
0,0,0.21072914
0,0,0.08315178
1,0,0.26879516
0,1,0.65294826
0,0,0.3389633
0,0,0.09839165
0,0,0.08558006
1,0,0.392715
0,0,0.16106726
0,1,0.6224337
0,0,0.34260902
0,0,0.3017562
0,0,0.34307677
0,0,0.2250876
0,1,0.5208224
0,1,0.6248856
0,0,0.09407625
1,1,0.7725552
0,0,0.29585186
0,0,0.31494346
1,0,0.46359184
0,0,0.18975896
0,0,0.22756732
0,1,0.6783879
0,1,0.6956567
0,0,0.2532615
0,0,0.16335422
1,1,0.63056993
0,0,0.44692233
0,0,0.48717523
0,0,0.17610219
0,0,0.3855205
0,0,0.35776624
0,0,0.34937975
0,0,0.112525344
0,0,0.25043675
0,0,0.17736767
0,0,0.22169653
0,0,0.42184734
0,0,0.2816298
0,0,0.21593544
0,0,0.19518717
0,0,0.43764678
0,1,0.58289534
0,0,0.16746624
0,1,0.57625514
0,0,0.20066004
0,1,0.6125783
0,0,0.35212985
0,1,0.56765443
0,0,0.37283263
0,0,0.3007177
0,0,0.1945616
0,0,0.12546097
0,0,0.19226706
0,0,0.19708233
0,0,0.37917078
0,0,0.15232623
0,0,0.26199365
0,0,0.15216085
0,0,0.36276793
0,0,0.4083356
0,0,0.106443666
0,0,0.036819555
0,1,0.8548402
0,0,0.46771017
0,0,0.26341465
0,0,0.28064823
0,0,0.28347576
0,0,0.36616266
0,0,0.16472393
0,0,0.494319
0,0,0.4691464
0,0,0.30334303
0,1,0.5447675
0,1,0.72489834
0,1,0.68935
0,0,0.37398866
1,1,0.5001357
0,0,0.2326331
0,1,0.63066804
0,1,0.62737185
0,1,0.54272425
0,0,0.46817985
0,0,0.08959703
0,1,0.80941975
1,1,0.73681605
0,0,0.31150264
0,0,0.35943562
0,0,0.48819613
0,1,0.634252
0,0,0.15181282
0,0,0.1307911
0,0,0.10321373
0,1,0.56244284
0,0,0.32321405
0,0,0.29039976
0,0,0.29398128
0,0,0.3969349
0,0,0.33185527
0,0,0.31938234
0,0,0.30356207
0,0,0.30221236
0,0,0.11525891
0,0,0.08331359
0,0,0.42038
0,1,0.50251037
0,0,0.3688884
0,0,0.11311035
0,0,0.14377484
0,0,0.3531873
0,0,0.41572687
0,1,0.7745457
0,0,0.45600304
0,0,0.19088733
0,0,0.28064626
0,0,0.20740332
0,0,0.44528213
0,0,0.41381192
0,0,0.05575842
0,0,0.28904754
0,0,0.13876241
0,0,0.10108869
0,0,0.34175423
0,1,0.5923376
1,1,0.7074354
0,0,0.17466281
0,0,0.15456358
0,0,0.3342115
0,1,0.67865866
1,1,0.5770502
0,0,0.35216233
0,0,0.35559705
0,0,0.4592154
0,0,0.4583816
0,0,0.44602174
0,0,0.18232298
0,0,0.37534672
0,0,0.12651758
0,0,0.29372284
1,0,0.40794083
0,1,0.7317046
0,0,0.43458417
0,1,0.5845065
0,1,0.5387234
0,0,0.21600752
0,1,0.53966254
0,0,0.3649535
0,1,0.72822326
0,0,0.19601512
0,0,0.051679946
0,0,0.4044967
0,0,0.04602713
0,1,0.5567441
0,0,0.18922505
0,0,0.098428674
1,1,0.7063511
0,1,0.6608626
0,0,0.30245337
0,1,0.6428476
0,0,0.42452875
0,1,0.7204919
0,0,0.31296977
0,0,0.3593635
0,0,0.2010902
0,0,0.14220555
1,1,0.5143745
1,1,0.5435115
0,0,0.2528692
0,0,0.12564927
0,0,0.45784593
1,0,0.24553525
0,0,0.23169792
0,0,0.24778177
0,1,0.577876
0,0,0.46203196
0,1,0.6900435
0,0,0.48298183
0,0,0.28150994
0,0,0.17532949
0,1,0.52046233
0,0,0.08432996
0,1,0.57665664
0,1,0.59612864
0,1,0.6324361
0,0,0.4180162
0,0,0.3576907
0,0,0.45244998
0,0,0.3531224
0,1,0.7862682
0,0,0.16972372
0,0,0.22073565
1,0,0.41860408
0,1,0.63943857
1,0,0.36783764
0,0,0.13533272
0,1,0.6317855
0,0,0.11043416
0,0,0.3703412
0,0,0.48581666
0,1,0.5178004
0,0,0.13124587
0,0,0.19266166
0,1,0.5517808
0,0,0.41473085
0,0,0.20748027
0,1,0.6290026
0,0,0.36502355
0,0,0.15271272
0,0,0.036023676
0,1,0.581812
0,1,0.6493336
0,1,0.6631527
0,0,0.4333231
1,1,0.8518704
0,0,0.14160214
0,1,0.6018921
0,0,0.13250096
1,0,0.46768758
0,0,0.19623195
0,0,0.14514902
0,1,0.5833958
0,0,0.3308893
0,0,0.24336939
0,0,0.07833452
0,1,0.70286965
0,0,0.19860062
0,0,0.20355313
0,0,0.4796129
0,0,0.34892112
0,0,0.20643394
0,1,0.6813446
0,1,0.5068638
0,0,0.47984368
0,0,0.48832983
0,0,0.2966191
0,0,0.3332791
0,1,0.6178271
0,1,0.8519916
1,1,0.901127
0,0,0.14297235
1,0,0.31127825
0,0,0.49953598
0,0,0.34594342
0,0,0.47507215
0,1,0.7072668
0,1,0.84636444
0,0,0.35717267
0,0,0.12335103
0,0,0.0579926
0,0,0.4583592
0,1,0.6094167
0,0,0.22749059
0,1,0.77206326
0,1,0.86753184
0,0,0.15618815
0,0,0.2946733
0,0,0.07710324
0,0,0.23513678
0,1,0.57678866
0,0,0.33162692
0,0,0.2984906
0,1,0.8380269
0,0,0.40941146
0,0,0.18801667
0,0,0.14530566
0,0,0.24881604
0,0,0.3373114
1,1,0.67410517
0,1,0.66707057
1,0,0.24365804
0,0,0.31774443
0,0,0.35864335
0,0,0.18660744
0,0,0.18135989
0,0,0.31853697
0,0,0.09865333
0,0,0.341292
0,0,0.2241826
0,1,0.559171
0,0,0.204681
0,0,0.383371
0,1,0.61205703
0,1,0.58528143
0,0,0.08997283
0,0,0.20803684
0,0,0.47777516
0,1,0.69889814
0,0,0.3464229
0,0,0.3067971
0,0,0.1983798
0,0,0.08780646
0,0,0.18982399
0,0,0.12940222
0,0,0.35305318
0,0,0.46963945
0,0,0.076045185
0,0,0.433964
0,1,0.65976536
0,0,0.21223198
0,1,0.6197384
0,0,0.3005155
0,1,0.5196159
0,0,0.22107859
0,0,0.43792954
0,1,0.6244042
0,0,0.36351693
0,0,0.45253107
0,0,0.2848988
0,1,0.80151117
0,0,0.39499122
0,0,0.36007845
0,0,0.116947494
1,1,0.6008158
0,1,0.5113959
0,0,0.073349185
0,1,0.5680253
0,0,0.28701195
0,0,0.2584735
0,0,0.47223943
0,0,0.334167
0,0,0.40511775
0,0,0.1507732
0,0,0.3646583
0,0,0.14096679
0,0,0.1117661
0,1,0.51281494
0,0,0.4619011
0,0,0.23658074
0,0,0.1094833
0,0,0.2831831
0,0,0.18159188
0,0,0.41843602
0,0,0.07158388
0,0,0.47558343
0,0,0.43690762
0,1,0.53216255
0,0,0.49730426
0,1,0.5510146
0,1,0.59241545
0,0,0.342435
0,0,0.24875672
0,0,0.34333184
0,0,0.15206404
0,0,0.46128276
1,1,0.6940154
0,0,0.39640078
0,0,0.35953185
0,0,0.18639855
0,0,0.3277381
0,0,0.16706008
0,0,0.1844056
0,0,0.21635969
0,0,0.32656956
0,1,0.6697709
1,0,0.44054785
0,0,0.3633902
0,0,0.40288642
0,0,0.29183355
0,0,0.3000715
0,1,0.52889866
0,0,0.35655084
0,0,0.45460147
0,0,0.43737385
0,0,0.45628926
0,1,0.6798005
0,0,0.17920743
0,1,0.6794675
1,1,0.7069079
0,0,0.32572827
0,1,0.7977062
0,0,0.4735602
0,0,0.1315496
0,1,0.58866155
0,1,0.59538025
0,1,0.5019884
0,0,0.11828314
0,0,0.3910708
0,0,0.49064997
0,0,0.43646201
0,0,0.1662288
0,0,0.3201803
1,0,0.44282812
0,0,0.1886268
0,0,0.19486432
0,0,0.19712552
0,1,0.6739951
0,1,0.71922374
0,0,0.3428274
0,1,0.6594793
0,0,0.4453892
0,0,0.16928175
0,0,0.37728393
0,1,0.6083895
0,0,0.18954486
0,0,0.41549015
0,0,0.32063589
1,1,0.7348451
0,0,0.1811975
0,0,0.18883164
0,0,0.12002469
0,0,0.2146964
0,0,0.28834078
0,0,0.14884101
0,0,0.23803174
0,0,0.47229004
1,1,0.57037187
0,0,0.25985986
0,0,0.29266068
1,1,0.65086323
0,0,0.18414536
0,0,0.06874378
0,1,0.61127573
0,1,0.5693876
0,0,0.15225671
0,0,0.43943626
0,0,0.10169843
0,1,0.8064581
0,0,0.261011
0,0,0.42118704
0,0,0.3517751
0,0,0.20075056
0,1,0.5203498
0,0,0.45627686
0,0,0.30378076
0,1,0.55497974
0,0,0.44047952
0,0,0.4494189
0,0,0.3075753
0,0,0.4298149
0,1,0.5868558
0,1,0.68686634
0,0,0.109427944
0,0,0.42275426
0,0,0.4468225
0,1,0.59992176
0,0,0.19759679
0,0,0.23690778
0,0,0.26561126
0,0,0.08057085
0,0,0.34390518
0,0,0.33879697
0,1,0.77745134
0,0,0.39468294
0,0,0.22682306
0,1,0.5605612
0,1,0.5516366
0,0,0.3646804
0,0,0.30910474
0,0,0.20718555
0,1,0.6709001
0,1,0.9190346
0,0,0.17476636
0,0,0.22604261
0,0,0.12667277
0,1,0.782347
1,0,0.25115713
0,0,0.47071737
0,0,0.20516455
0,0,0.2003694
0,0,0.49782014
0,0,0.38357905
0,1,0.634245
0,0,0.24806571
0,1,0.62439024
0,1,0.6121
0,0,0.3184811
0,0,0.41387784
0,0,0.22329637
0,0,0.3662877
0,0,0.2353127
0,0,0.380337
0,0,0.1787824
0,0,0.27653497
0,0,0.124412745
0,0,0.34284207
0,0,0.23722245
0,0,0.24217476
0,0,0.34368712
0,1,0.772888
0,0,0.33672574
0,0,0.147175
0,0,0.27986825
0,0,0.17854902
0,0,0.37620214
0,0,0.19367395
0,0,0.3761798
0,0,0.28398386
0,1,0.85519016
0,0,0.3203093
0,0,0.13694184
0,0,0.33056423
0,0,0.22061385
0,0,0.3714198
0,1,0.5542561
0,1,0.5192992
0,0,0.32935014
0,1,0.5736811
0,0,0.3204686
0,0,0.27786627
0,1,0.543547
0,1,0.6454342
1,0,0.39078912
0,1,0.55840963
0,0,0.23393422
0,0,0.46249962
0,0,0.11968376
0,0,0.40768468
0,1,0.68401873
1,1,0.65877014
0,0,0.28049144
0,0,0.21140291
0,0,0.49799156
0,0,0.19901061
0,0,0.16793641
0,0,0.22976667
0,0,0.16581343
0,0,0.23239611
0,1,0.56355095
0,0,0.26218057
0,0,0.38300353
0,1,0.5384418
0,1,0.7740282
0,0,0.309131
0,1,0.69483596
0,0,0.4338991
0,0,0.31654665
0,0,0.42920652
0,0,0.44213873
0,0,0.15146534
1,1,0.78924835
0,0,0.418559
0,0,0.41197023
1,1,0.9247221
0,0,0.25587887
0,0,0.113019325
0,1,0.7093824
0,0,0.3501088
0,1,0.6037781
0,0,0.32578778
0,1,0.6342867
0,0,0.19035736
0,0,0.34066156
0,1,0.9247915
0,0,0.43967
0,0,0.18847643
0,0,0.11281462
0,0,0.40369454
0,0,0.43240786
0,0,0.09202419
0,0,0.08733087
0,0,0.3330802
0,0,0.13436289
0,0,0.44976446
0,0,0.45445418
0,0,0.09152563
0,0,0.06554625
0,1,0.57484424
0,1,0.7034744
0,0,0.16335198
0,0,0.16327675
0,0,0.4355491
0,0,0.32515952
0,0,0.42801413
0,0,0.16875966
0,1,0.5913967
0,1,0.54814506
0,0,0.35983744
0,0,0.46549702
0,0,0.39431462
0,0,0.28960916
0,1,0.55486614
0,0,0.35786465
0,0,0.29601324
0,0,0.2624074
0,1,0.5112679
1,1,0.73668015
0,0,0.48988858
0,1,0.7842311
0,1,0.6374189
0,1,0.6681761
0,1,0.5446731
0,0,0.38546267
0,0,0.16446187
0,1,0.53096825
0,1,0.6577773
0,0,0.18404181
0,0,0.42083523
0,0,0.39259923
0,1,0.7581346
0,0,0.22851345
0,1,0.5683269
0,1,0.7379732
0,0,0.2566509
0,1,0.5785752
0,0,0.028178673
0,0,0.18777357
0,0,0.1678547
1,0,0.12273474
0,1,0.74472356
0,0,0.4050424
0,0,0.25128743
0,1,0.80106336
0,0,0.4912799
0,0,0.18354224
0,0,0.12330032
0,0,0.28597844
0,0,0.22092074
0,0,0.098395
0,0,0.14441913
0,0,0.07221194
0,0,0.11750156
0,0,0.19814502
0,0,0.38356352
0,1,0.5386197
0,1,0.5353017
0,0,0.026108878
0,0,0.40321422
0,0,0.1889633
0,0,0.22053556
0,0,0.24675338
0,0,0.4340146
0,0,0.27133727
0,0,0.32733896
0,0,0.34141752
0,0,0.39369243
0,0,0.3750866
0,0,0.43028623
0,0,0.23600386
1,1,0.6381477
0,0,0.32037607
0,1,0.6614967
0,0,0.2530993
0,0,0.44900683
0,0,0.28187105
0,1,0.66779685
0,1,0.6068489
0,1,0.5994007
0,0,0.27179918
0,1,0.7250496
0,0,0.46738258
0,0,0.23337741
0,0,0.26892602
0,1,0.5698777
0,0,0.27368647
0,0,0.41164154
0,0,0.2418499
0,0,0.34940234
0,0,0.14341266
0,0,0.16927843
0,0,0.24895711
0,0,0.15836076
0,0,0.19703202
0,0,0.32639453
0,0,0.21225505
0,0,0.3396164
0,0,0.32965818
0,1,0.64278907
0,1,0.5340413
0,0,0.41491315
0,0,0.21850741
0,1,0.752861
0,1,0.8271636
0,0,0.2195329
0,1,0.80383503
0,0,0.16935135
0,0,0.14524782
0,1,0.6552224
1,1,0.5475745
0,0,0.22799511
0,0,0.20612873
0,0,0.24556194
0,0,0.39841726
0,0,0.21298434
0,1,0.66060877
0,0,0.43455094
0,0,0.3578689
0,0,0.3220173
0,0,0.39365342
0,1,0.7169526
0,0,0.40403527
0,0,0.3294148
0,1,0.50609267
0,0,0.063293874
0,1,0.7529124
0,0,0.26815683
0,0,0.1663124
0,1,0.52026176
0,0,0.24369472
1,1,0.85238785
0,0,0.14603607
0,1,0.601303
0,0,0.099909894
0,0,0.1585224
0,0,0.23930602
0,0,0.27527973
0,0,0.26452875
0,1,0.53857446
0,0,0.19682273
0,1,0.5132635
0,1,0.53638184
0,0,0.20481636
0,0,0.029393815
0,0,0.46212807
0,0,0.04856794
0,0,0.3961896
1,1,0.64633733
0,0,0.27987936
0,0,0.3784594
0,0,0.19317034
0,0,0.30617297
0,0,0.24616945
0,0,0.34394738
0,0,0.05352502
0,1,0.77977955
0,1,0.51518
1,0,0.10689685
0,0,0.092779465
0,0,0.15463276
0,0,0.3223271
0,0,0.28967443
0,0,0.20560938
0,0,0.4363255
1,1,0.7554297
0,0,0.12668583
0,0,0.37745258
0,0,0.07942142
0,1,0.5946203
0,0,0.17611305
0,1,0.58185023
0,0,0.18002993
0,0,0.100150794
0,0,0.29673776
0,0,0.13449836
0,0,0.09857035
0,0,0.08464281
0,1,0.59238094
0,0,0.27226755
0,0,0.46758142
0,1,0.59077543
0,1,0.53142
0,0,0.16445765
0,0,0.4804573
0,0,0.25997484
0,0,0.27032068
0,0,0.21172144
1,0,0.35121384
0,0,0.41829532
0,0,0.31824932
0,0,0.29247865
0,0,0.19742505
0,0,0.17760882
0,0,0.42730686
0,0,0.15409608
0,0,0.38915002
0,0,0.13662824
0,1,0.61143816
0,0,0.25805667
0,0,0.48017636
0,0,0.43438867
0,0,0.25164866
0,0,0.15264279
1,1,0.78286827
0,1,0.7440241
0,0,0.3038635
0,0,0.27909034
0,1,0.66813093
1,0,0.30771837
0,0,0.18656486
0,0,0.34628937
0,0,0.3115677
0,1,0.5450814
0,0,0.13279031
0,0,0.31827974
0,1,0.6261788
0,0,0.20904368
0,0,0.4528258
0,0,0.4978849
0,0,0.4861113
0,0,0.19815153
0,0,0.19227296
0,0,0.4594752
0,0,0.3054489
0,0,0.17738418
0,0,0.24726956
1,1,0.6326247
0,0,0.33413857
0,0,0.3095185
0,0,0.32457414
0,1,0.7603012
0,1,0.5072983
1,1,0.5404457
0,1,0.5384414
0,0,0.05606362
0,0,0.43227324
0,0,0.09129586
0,1,0.73594105
1,1,0.8615585
0,0,0.4405256
0,0,0.21743827
0,0,0.42348665
0,0,0.49191767
0,0,0.053811856
0,0,0.3854143
0,0,0.22488762
0,0,0.20750256
0,0,0.1463314
0,0,0.44839934
0,0,0.15184513
0,0,0.4490384
0,0,0.31367582
0,1,0.6198539
0,0,0.15348686
0,0,0.49378434
0,0,0.35293522
0,0,0.2147049
0,1,0.5420184
0,0,0.43319464
1,1,0.6978132
0,1,0.54659367
0,0,0.2724604
0,0,0.20094188
0,0,0.35560113
0,1,0.6900881
0,1,0.57053345
0,1,0.59303564
0,0,0.41236445
0,0,0.25381637
0,0,0.45356983
0,0,0.49799794
0,0,0.49389157
0,0,0.4253137
1,1,0.74968034
0,0,0.072013296
0,0,0.20049597
0,0,0.09061816
0,1,0.73685527
0,0,0.368485
0,1,0.71211165
0,0,0.2239622
1,1,0.7529937
0,0,0.17013611
0,0,0.14091207
0,1,0.6141981
0,0,0.22930364
1,0,0.3295512
0,0,0.20664449
0,0,0.12880225
0,0,0.24718113
0,1,0.6494621
1,1,0.90846246
0,0,0.17501551
0,1,0.57566583
1,1,0.7370677
0,0,0.20008804
1,1,0.6708066
0,0,0.31164977
0,0,0.4453528
0,0,0.11643308
0,0,0.08829735
0,0,0.2266225
0,0,0.47586364
0,0,0.26941454
1,1,0.5359281
0,0,0.13447464
0,0,0.095312715
0,0,0.20090047
0,0,0.26972613
0,0,0.36816674
0,0,0.3115716
1,1,0.6169109
0,0,0.43245214
0,0,0.18521492
0,0,0.26683608
0,1,0.8240881
0,0,0.40096146
0,0,0.12832744
0,0,0.23581842
0,0,0.078072645
0,1,0.5699115
0,1,0.73041487
0,0,0.34922162
0,0,0.3459023
0,0,0.33043247
0,0,0.4473464
0,0,0.1260703
0,0,0.49087614
0,1,0.667941
0,1,0.66320807
0,1,0.5392623
0,0,0.3579925
0,1,0.5071137
0,0,0.16895103
0,0,0.19956072
0,0,0.43375888
0,0,0.34581947
0,0,0.32177737
0,0,0.42289534
0,0,0.28686786
0,0,0.30230287
0,0,0.34742314
0,0,0.4956727
0,0,0.2863961
0,0,0.23868811
0,1,0.77008384
0,0,0.45685312
0,1,0.6451706
0,0,0.23595458
0,0,0.2243391
0,0,0.31802374
0,1,0.59263164
0,1,0.64220357
0,0,0.26291353
0,0,0.21993634
0,1,0.6688004
0,0,0.05553504
1,1,0.8356174
0,0,0.3528993
0,0,0.36373636
0,0,0.1347064
0,0,0.41671306
0,0,0.3134541
0,0,0.23598902
0,0,0.38071656
0,0,0.20507662
0,0,0.27544266
0,0,0.27953118
0,0,0.1749977
0,0,0.22649391
0,1,0.65078324
0,0,0.13273692
0,0,0.34933165
0,0,0.4193358
0,0,0.4035176
0,0,0.29662228
1,0,0.18301304
0,0,0.2421092
0,0,0.48548016
0,0,0.31016293
0,0,0.2929687
0,0,0.25214696
0,0,0.12661415
0,0,0.28775248
0,0,0.099541165
0,0,0.4254895
0,0,0.24763462
0,1,0.6051883
0,0,0.1493749
1,1,0.52395064
0,0,0.36140856
0,0,0.2808887
0,1,0.71516114
0,0,0.29280552
0,0,0.44490317
0,0,0.24864607
0,0,0.20428048
0,1,0.62494326
0,1,0.501489
0,0,0.32830676
0,1,0.80002075
0,0,0.20254406
0,0,0.23846377
0,1,0.52220446
0,0,0.33384237
0,0,0.34373584
0,0,0.4634335
1,0,0.44422895
0,0,0.4051857
0,0,0.2856149
0,0,0.26107436
0,0,0.34326252
0,0,0.4228244
0,0,0.45645264
0,0,0.2871235
0,1,0.56296116
0,0,0.24454632
0,0,0.46523893
0,0,0.41380212
0,0,0.22162046
0,0,0.3008794
0,1,0.7351561
0,0,0.16139318
0,1,0.5069253
0,0,0.17862692
0,0,0.18323188
0,0,0.103539355
0,1,0.52723193
0,1,0.745791
0,0,0.27541208
0,0,0.46139503
0,1,0.84290445
0,0,0.21291804
0,0,0.30116385
0,0,0.37502396
0,0,0.08128371
0,0,0.18719655
0,0,0.4822427
0,0,0.46036252
0,1,0.6195778
0,0,0.43198198
0,1,0.5000804
0,0,0.2973447
1,0,0.44600156
0,1,0.62039953
0,0,0.19959468
0,0,0.27886674
0,1,0.7578179
0,0,0.2928286
0,0,0.20552108
0,0,0.21577792
0,1,0.7310859
1,1,0.8432451
0,0,0.23438466
0,0,0.38958108
0,0,0.21476972
0,1,0.63349396
0,0,0.23658831
0,0,0.4725133
0,0,0.4637309
0,1,0.6317288
0,0,0.1505934
0,0,0.30722812
0,0,0.16858122
0,0,0.3481684
0,0,0.39071038
0,0,0.43392292
0,0,0.18513477
0,1,0.5349504
0,0,0.1928342
0,1,0.5288625
0,0,0.3084012
0,0,0.0786552
0,1,0.66289157
0,1,0.62420297
0,0,0.39285284
0,0,0.44086373
0,0,0.10597672
0,0,0.45372695
0,0,0.34824154
0,0,0.43003833
0,0,0.22159329
0,0,0.36799178
0,0,0.2259417
0,0,0.37774366
0,1,0.51786816
0,0,0.45587695
0,0,0.48828304
0,1,0.61024845
1,0,0.4500253
0,0,0.23661992
1,1,0.5997873
0,0,0.10011345
0,0,0.38229802
0,0,0.40594727
0,0,0.36488283
0,0,0.20878942
0,1,0.5358723
0,0,0.3779428
0,1,0.6924458
0,1,0.73017496
0,0,0.35348955
0,0,0.18070905
0,0,0.12007763
0,0,0.3840635
0,0,0.4661071
0,0,0.11704798
0,1,0.52080584
1,0,0.3940565
0,0,0.37027535
0,1,0.56888175
0,1,0.7743129
0,1,0.5687634
0,0,0.24948853
0,0,0.2657265
0,0,0.35255146
0,1,0.7612418
0,0,0.1694552
0,0,0.36419037
0,1,0.5902379
0,0,0.12571321
0,0,0.16076407
0,0,0.42846012
0,1,0.519081
0,0,0.4845129
0,1,0.5639395
1,0,0.49798918
0,0,0.19639266
0,0,0.24925467
0,0,0.3622135
0,0,0.37259737
0,0,0.37313613
0,0,0.20371316
0,0,0.14268799
0,0,0.25593328
0,0,0.35112593
0,0,0.23268746
0,0,0.07517091
0,0,0.339656
1,0,0.2698739
0,0,0.30036807
0,0,0.34152135
0,0,0.38748398
0,0,0.2227021
0,1,0.7157586
0,1,0.6092882
0,0,0.2293122
0,0,0.38013422
0,1,0.6548521
0,0,0.42718723
0,0,0.2587505
0,0,0.28527606
0,0,0.32252696
0,0,0.3741408
0,0,0.3435687
1,1,0.82845026
0,0,0.3589409
0,0,0.36473185
0,0,0.16317794
0,1,0.5410182
1,0,0.36201373
0,0,0.13117363
0,0,0.15051226
0,0,0.48077956
0,0,0.38870987
0,0,0.2837277
0,0,0.19761157
0,0,0.35078046
0,0,0.12950954
0,0,0.2361246
1,1,0.7438221
1,1,0.7850531
0,0,0.35507768
0,0,0.1331798
0,0,0.12025892
0,1,0.59107345
0,0,0.14851399
0,1,0.5099788
0,0,0.07702642
0,0,0.20875779
1,1,0.90757054
0,0,0.13679196
0,1,0.6515229
0,0,0.21577518
0,0,0.44566154
0,0,0.1375922
1,1,0.55609447
0,0,0.38690978
0,0,0.13790123
0,0,0.4100827
0,1,0.72874343
0,1,0.7296623
0,0,0.12719497
0,0,0.45517036
0,0,0.23093602
0,0,0.17120156
0,1,0.6488094
0,0,0.38473195
0,0,0.4778875
0,0,0.46945783
0,0,0.21517013
0,0,0.35246456
0,1,0.62385505
0,0,0.4000486
0,0,0.36551738
0,0,0.2639188
0,0,0.32849103
0,0,0.08456387
0,0,0.15504244
0,0,0.3758332
0,0,0.25474882
1,1,0.5429942
0,0,0.12881356
0,0,0.12672691
0,0,0.19579563
0,1,0.7778244
0,0,0.36949155
0,0,0.26699635
0,0,0.3684103
0,0,0.13886096
0,1,0.56988794
0,0,0.38605982
0,1,0.5842759
0,1,0.50798315
1,1,0.61957747
0,0,0.166391
0,0,0.2781225
0,1,0.58020467
0,0,0.4837929
0,0,0.4397066
0,0,0.31608853
0,0,0.24157648
0,1,0.6220065
0,0,0.11267156
0,1,0.6250307
0,1,0.5564966
0,1,0.51460874
0,0,0.19961219
1,1,0.9148846
0,0,0.49333012
0,1,0.7221701
0,0,0.33537287
0,0,0.21645981
0,0,0.10435004
0,0,0.08806932
0,1,0.7412111
0,1,0.522246
0,0,0.3793783
0,1,0.5275646
1,0,0.27798307
0,0,0.17864056
0,0,0.2828682
0,0,0.29569915
0,1,0.5855832
0,1,0.7082599
0,1,0.83494
0,0,0.2957369
1,0,0.2687051
0,0,0.38240176
0,0,0.11644776
0,0,0.33678883
0,0,0.46143878
0,0,0.19437528
0,1,0.6066396
0,1,0.6895395
1,0,0.42903283
0,0,0.25572133
0,0,0.26168317
0,0,0.3329237
0,0,0.2826564
0,0,0.10719404
0,0,0.16987775
0,0,0.23953214
0,0,0.4639485
0,1,0.5468541
0,0,0.29172027
0,1,0.697136
0,1,0.5600096
0,0,0.19221409
0,0,0.10993074
0,0,0.37936863
0,0,0.35010552
0,0,0.39660805
0,1,0.6178327
0,0,0.18380837
0,0,0.3399189
0,0,0.19854327
0,0,0.34205335
0,0,0.22748382
1,1,0.63871866
0,1,0.709933
0,0,0.47096017
0,0,0.47404894
0,0,0.29583693
0,0,0.47431737
0,0,0.19407889
0,0,0.2470034
0,0,0.18052143
0,1,0.69448334
0,1,0.65311176
0,1,0.607856
0,1,0.6462658
0,1,0.73455375
0,0,0.21768466
0,0,0.20656525
0,0,0.18934041
0,0,0.21702607
0,0,0.11492626
0,0,0.43095687
0,0,0.29213402
0,0,0.08469045
0,0,0.15260889
0,0,0.28221312
0,0,0.44377106
0,0,0.437515
0,0,0.11225142
0,0,0.0911739
0,0,0.11190662
0,0,0.37953928
0,1,0.50365454
0,0,0.08659157
0,0,0.17793046
0,0,0.1306322
0,0,0.10209319
0,0,0.44557315
0,0,0.32470122
0,0,0.23921303
0,0,0.24202004
0,1,0.7725431
0,1,0.67917246
0,1,0.5377742
0,1,0.57954055
0,0,0.06546007
0,0,0.13168572
0,0,0.49089736
0,0,0.2755525
0,1,0.52615255
0,0,0.32401112
0,0,0.19239856
0,0,0.2708349
0,0,0.38046354
0,0,0.4586443
0,0,0.3006105
0,0,0.13901603
0,1,0.55578434
0,0,0.19250487
0,0,0.14982347
0,0,0.12742631
0,0,0.24184415
0,0,0.077232584
0,0,0.044634905
0,1,0.5201132
0,0,0.38428846
0,0,0.39200056
0,0,0.409442
0,0,0.3078148
0,0,0.21663907
0,0,0.16345368
0,0,0.18926667
0,0,0.109843865
0,1,0.5266068
0,0,0.31381264
0,0,0.28260958
0,0,0.22593932
0,1,0.53769666
1,1,0.73998946
0,0,0.4098733
0,0,0.46078372
0,1,0.76080555
0,0,0.31616506
0,0,0.32710063
0,0,0.25061935
0,0,0.469394
1,0,0.38351393
0,0,0.17755145
0,0,0.21807146
0,0,0.21906711
0,1,0.50473136
0,0,0.35861355
0,0,0.38765517
0,0,0.34879327
0,1,0.63450265
0,1,0.5383882
0,1,0.60009867
0,1,0.55956405
0,1,0.5426815
0,0,0.4418022
0,0,0.33003238
0,1,0.6398338
1,0,0.19776411
0,0,0.41553336
0,0,0.22988614
0,0,0.465315
0,0,0.37129477
0,1,0.7568454
0,0,0.23734345
0,0,0.31296825
0,0,0.45999274
0,0,0.2900753
0,0,0.16198184
0,1,0.6288991
0,0,0.23264244
0,0,0.44632587
1,0,0.40031877
0,1,0.5450979
0,0,0.21364483
0,1,0.5574017
0,1,0.67080647
0,0,0.14206366
0,0,0.031570893
0,0,0.46945506
0,0,0.33762422
0,0,0.36386082
0,1,0.64334494
0,0,0.37085244
0,0,0.38339594
0,0,0.16247231
1,1,0.60803723
0,0,0.28677827
0,1,0.69945776
0,0,0.28572524
0,1,0.5920689
0,0,0.22092861
0,0,0.48165575
0,1,0.5758635
0,1,0.64322966
0,1,0.6991118
0,0,0.4146374
0,0,0.30941078
0,0,0.25082195
0,0,0.1073993
0,0,0.1693251
0,0,0.4769591
0,0,0.18658386
0,0,0.29543027
0,0,0.106310286
0,0,0.3935196
0,0,0.18908848
0,1,0.5754316
0,0,0.21908565
0,0,0.30176517
0,1,0.6932709
0,0,0.2822245
0,0,0.3292893
0,0,0.4395069
0,0,0.08241275
0,0,0.3987162
0,0,0.25870904
0,0,0.24501017
0,0,0.17669646
0,1,0.78167605
0,0,0.409475
0,1,0.5041144
0,0,0.0942669
0,0,0.0842144
0,0,0.26000392
0,0,0.37535092
0,0,0.15505783
0,0,0.42774814
0,1,0.7291692
0,0,0.2164512
0,0,0.21218431
0,0,0.22874182
0,0,0.22120535
0,0,0.22620927
1,1,0.7331301
0,0,0.3692133
0,0,0.2611043
0,0,0.24224412
0,0,0.2848108
0,0,0.39239413
0,1,0.54658604
0,0,0.28988698
0,0,0.2473049
0,0,0.2324566
0,0,0.40282118
0,0,0.118312635
0,0,0.28460634
0,0,0.16788727
1,0,0.35954452
0,0,0.32741702
0,0,0.35856235
0,0,0.39561015
0,0,0.26177585
0,1,0.6887979
0,1,0.75356776
0,0,0.3329687
0,0,0.4787541
0,1,0.5380389
0,1,0.7064278
0,0,0.4910411
0,0,0.2218152
0,1,0.6850813
0,0,0.12243392
0,0,0.121511534
0,0,0.18437804
0,0,0.3149315
1,1,0.81323355
0,1,0.65323114
0,0,0.070051305
0,0,0.2103351
0,0,0.3440753
0,1,0.73252165
0,0,0.42085162
0,1,0.58448595
0,1,0.58418435
0,1,0.5769737
0,0,0.367033
0,1,0.67294717
0,0,0.29602695
0,1,0.61119515
0,0,0.4469804
0,0,0.49398777
0,0,0.113089666
0,1,0.50150806
0,1,0.82761085
0,1,0.724494
1,1,0.82330674
0,0,0.07120399
0,0,0.3695592
0,0,0.31286934
1,0,0.49047503
0,0,0.39771998
0,0,0.25553137
0,0,0.037388276
0,0,0.3382008
0,1,0.55143553
0,0,0.2705822
0,1,0.78908616
0,0,0.13272204
0,0,0.2641744
0,0,0.21767913
0,0,0.46937284
1,1,0.72255105
0,0,0.22655144
0,0,0.26431498
1,1,0.6944354
1,0,0.21469022
0,0,0.27569044
0,1,0.6128874
0,0,0.41124433
0,1,0.6076768
0,0,0.45089784
1,0,0.38984913
0,0,0.28268707
0,0,0.13771804
0,0,0.1283236
0,0,0.3189523
0,0,0.07831108
0,0,0.40593183
0,0,0.24670357
0,0,0.3179726
1,1,0.5336393
0,0,0.3615204
0,0,0.30796707
0,0,0.27623767
0,0,0.123631254
0,1,0.6478155
0,1,0.5210227
0,0,0.17120004
0,0,0.35637876
0,0,0.14435871
0,0,0.32859492
0,0,0.38230312
0,1,0.74889386
0,0,0.29152587
1,1,0.56813496
1,0,0.41605875
0,0,0.3617399
0,1,0.7943684
0,1,0.7280168
0,0,0.14119788
0,0,0.26914397
0,0,0.20772132
0,1,0.5341448
0,0,0.49190181
0,0,0.19495837
0,0,0.107035995
0,0,0.20105284
0,0,0.42300048
0,0,0.46245927
0,0,0.46485645
0,1,0.6309777
1,1,0.6523816
0,1,0.71100366
0,0,0.30515465
1,1,0.6340316
0,1,0.6486185
0,0,0.3422669
0,1,0.6462506
0,0,0.14924386
0,0,0.23333955
0,0,0.35165066
1,0,0.34207588
0,1,0.6554329
0,0,0.4296461
1,0,0.32341495
0,0,0.039132312
0,0,0.2651091
0,0,0.19983707
0,0,0.3880783
0,0,0.14955936
0,0,0.14691532
0,0,0.32427615
1,0,0.22121154
0,0,0.20737074
0,0,0.058232307
0,0,0.25776538
0,1,0.53506047
0,0,0.4827976
0,1,0.8085133
1,1,0.91993433
0,0,0.3477706
0,1,0.6715198
0,1,0.86231405
0,0,0.44361946
0,0,0.47544408
0,0,0.15725228
0,0,0.31632692
0,1,0.5428325
1,1,0.50439864
0,0,0.10189065
0,0,0.16158615
0,0,0.4214051
0,0,0.2855653
0,0,0.44696304
1,0,0.24723531
0,0,0.49191687
0,0,0.27086046
0,0,0.11411244
0,0,0.49420443
0,0,0.2767837
0,1,0.56704605
0,0,0.22393627
0,0,0.033631943
1,1,0.52002454
0,0,0.18361086
0,0,0.10056628
0,0,0.40349373
0,0,0.2509019
0,0,0.21953592
0,0,0.043913465
1,1,0.76153916
0,0,0.3496891
0,0,0.25148237
0,0,0.31996933
0,1,0.53979295
0,0,0.10145957
0,0,0.36061004
0,1,0.5971744
0,0,0.1502481
0,0,0.15036955
0,0,0.21741499
0,0,0.36965364
0,1,0.5963076
0,1,0.8135614
0,1,0.73387915
0,1,0.71497995
0,1,0.59709907
0,0,0.46605822
0,1,0.5851859
1,1,0.5926087
0,0,0.3009822
0,0,0.36812142
0,1,0.7667885
0,0,0.3739052
0,1,0.73499846
0,1,0.5614613
0,1,0.50172216
0,0,0.42971218
0,0,0.39956218
0,1,0.58345604
0,0,0.42708787
0,0,0.30580994
0,1,0.5185463
0,0,0.3593049
0,0,0.3164705
0,0,0.39822182
0,0,0.17850606
0,0,0.4060715
1,1,0.72922605
0,0,0.40738326
0,0,0.086909205
0,0,0.2121679
0,0,0.22001365
0,0,0.26648653
0,0,0.2487923
0,1,0.5802329
0,0,0.22841628
0,0,0.37028205
0,0,0.12320384
0,1,0.81471384
0,0,0.38076553
0,0,0.23273012
0,0,0.26463845
0,0,0.040941622
0,1,0.5477393
0,1,0.5175792
0,0,0.24994577
0,0,0.44114363
1,0,0.3155889
0,0,0.2870126
0,0,0.30582526
0,0,0.1975078
0,0,0.12258922
0,0,0.22835326
0,1,0.5137361
0,0,0.32230338
0,1,0.5106474
0,0,0.084679216
0,0,0.398998
0,0,0.44246006
0,0,0.49843824
0,1,0.6038881
0,0,0.12994044
0,0,0.3050363
0,0,0.36344042
0,0,0.17123435
0,0,0.21709985
1,0,0.1817088
0,0,0.22179641
0,1,0.6234776
0,0,0.25915983
0,1,0.73471004
0,0,0.19438584
0,0,0.27423257
0,1,0.53761834
0,0,0.47369373
0,0,0.09435816
0,1,0.52968043
0,1,0.69984686
0,0,0.07930372
1,1,0.5295937
0,1,0.57186544
0,1,0.51362514
0,0,0.15259668
0,0,0.12397632
0,0,0.10566321
0,0,0.11700206
0,0,0.20092414
0,0,0.1025657
0,1,0.6567297
0,0,0.1009459
0,1,0.6038093
0,0,0.4438199
0,0,0.32758665
0,0,0.3797602
0,0,0.46488634
0,0,0.20369683
0,0,0.07061816
0,0,0.3227852
0,1,0.7403997
0,0,0.49511123
0,0,0.37521043
0,0,0.100458495
0,0,0.25738543
0,0,0.39795145
0,0,0.122435346
0,0,0.49784833
0,0,0.38502467
0,1,0.5287305
0,0,0.48453414
0,0,0.20786953
0,1,0.6704826
0,1,0.6008137
0,0,0.19719699
0,0,0.17445193
0,1,0.51579344
0,0,0.28743702
0,0,0.40240583
0,1,0.63920784
1,0,0.46227875
0,0,0.20256583
0,0,0.07075027
1,0,0.19735777
0,0,0.40685162
0,1,0.685852
0,0,0.3552727
0,0,0.4396076
0,1,0.78779304
0,0,0.114603005
0,0,0.24971351
0,0,0.26664776
0,0,0.42728624
0,1,0.6402659
0,0,0.22965614
0,0,0.08357045
0,0,0.31911358
0,0,0.15150176
0,0,0.106634416
0,0,0.07676321
0,0,0.32530034
0,1,0.5621777
0,0,0.18775135
0,0,0.3143938
0,0,0.46536604
0,0,0.37643093
0,0,0.29259667
0,1,0.65430033
0,1,0.5770993
0,1,0.57054037
0,0,0.23660226
0,0,0.464714
0,1,0.5439029
0,1,0.51072407
0,0,0.35743445
0,0,0.29651535
0,0,0.30257928
1,1,0.85172576
0,0,0.05821496
0,1,0.7715074
0,1,0.6346192
0,0,0.33543795
0,0,0.18977037
0,1,0.6544988
0,0,0.11372285
0,0,0.11656921
0,0,0.20979168
0,0,0.34460825
0,0,0.23144294
0,0,0.24370421
0,0,0.16896123
0,0,0.44154543
0,1,0.7125681
0,0,0.13460404
0,0,0.10967878
0,0,0.33090922
0,0,0.4658168
0,0,0.25963464
0,0,0.19587556
0,0,0.28778976
0,0,0.34519866
0,0,0.47346005
0,0,0.49202418
0,0,0.1604997
0,1,0.5460318
0,0,0.40057608
0,0,0.06730475
0,0,0.3416452
0,0,0.09855512
1,1,0.6405581
0,0,0.2683398
0,0,0.38480213
0,1,0.5914536
0,0,0.3682888
0,0,0.26896834
0,0,0.36270666
0,0,0.23587967
0,0,0.06847156
0,0,0.2510101
0,0,0.24628317
0,0,0.24800184
1,0,0.11559787
0,0,0.45139974
0,1,0.5033922
0,0,0.4099454
0,0,0.18657492
0,0,0.3589976
0,1,0.7298459
0,0,0.22630909
0,1,0.5861212
0,1,0.5515044
0,0,0.27717888
0,1,0.71808875
0,0,0.19401275
0,0,0.45640546
0,1,0.60629797
0,0,0.3182179
0,1,0.7376973
1,0,0.37519512
0,0,0.32357636
0,0,0.30331177
0,0,0.21807124
0,0,0.3325371
0,0,0.1614434
0,0,0.46730563
0,0,0.41326642
0,0,0.12182944
0,0,0.2081942
1,1,0.9261414
0,0,0.47561845
0,0,0.34135494
0,0,0.31717342
0,0,0.31941828
0,0,0.24221537
0,1,0.5873044
0,0,0.38150063
0,0,0.4832672
0,0,0.07112914
0,0,0.23812109
0,0,0.2877784
0,0,0.33373055
0,0,0.39204878
0,1,0.7079172
0,1,0.7221643
0,0,0.4404044
0,0,0.35203728
0,0,0.20656471
0,1,0.60412884
0,1,0.8548776
0,0,0.05800876
0,1,0.5176446
0,1,0.7465359
1,0,0.29460853
0,0,0.23151691
0,0,0.38275266
0,1,0.5139221
0,0,0.16885106
0,1,0.7214346
0,0,0.3218335
0,0,0.3507897
0,0,0.27596223
0,1,0.58978415
1,1,0.77405185
0,1,0.6036446
0,0,0.096810326
0,0,0.48875752
0,0,0.09663995
0,0,0.18396145
1,0,0.4208376
0,1,0.58829576
0,0,0.23617518
0,0,0.29957747
0,0,0.1544347
0,0,0.3140185
0,0,0.1850294
0,0,0.13176389
0,0,0.19256556
0,0,0.20940462
0,1,0.78287876
0,0,0.44027814
0,1,0.720746
0,0,0.17253862
0,0,0.45883977
0,0,0.06591934
0,1,0.7305648
0,0,0.2054947
0,0,0.17589481
0,0,0.077923164
0,0,0.17190003
0,0,0.38891637
0,0,0.115888774
0,1,0.8457033
0,0,0.39676353
0,0,0.22108479
1,1,0.7608556
0,0,0.4353435
0,0,0.2039854
0,0,0.16781245
0,0,0.21222176
0,1,0.5471053
0,0,0.45372894
0,0,0.14730474
0,0,0.30600503
0,0,0.18225764
0,1,0.8737119
0,1,0.69321257
1,0,0.2866745
0,0,0.4435718
0,1,0.5359566
0,1,0.6578488
0,0,0.4548455
0,0,0.25603092
0,0,0.14899555
0,0,0.22844574
0,1,0.5369894
0,0,0.3250606
0,0,0.09718495
0,0,0.17843936
1,1,0.7206914
0,0,0.2985256
0,1,0.59022063
0,0,0.35113218
0,0,0.3150861
0,0,0.45634952
0,0,0.42412847
1,1,0.7709939
0,0,0.2994347
0,0,0.31360066
0,0,0.1266099
0,0,0.24894653
0,0,0.3994513
0,0,0.43523568
0,0,0.061020795
0,0,0.14905137
0,0,0.125015
0,0,0.20659041
0,0,0.42995188
0,1,0.6986197
0,0,0.16755939
0,1,0.5492318
0,0,0.35369137
0,0,0.44748807
0,0,0.34834212
1,1,0.6215827
0,1,0.62372553
1,1,0.6533386
1,1,0.8354928
0,0,0.122044235
0,1,0.5800575
0,0,0.16344903
0,1,0.506378
0,0,0.2547222
0,0,0.119802095
0,0,0.055969
0,1,0.7154126
0,0,0.47139394
0,1,0.7831746
0,0,0.16521733
0,1,0.52637374
0,0,0.073601
1,0,0.3573121
1,0,0.32980824
0,1,0.713041
1,1,0.5153654
0,0,0.47547153
0,0,0.19949687
0,0,0.2714619
1,1,0.5438954
0,0,0.3892827
0,0,0.2742136
0,0,0.154603
0,0,0.49732527
0,1,0.857549
0,0,0.47911948
0,1,0.507308
0,0,0.2331863
0,0,0.34537837
0,0,0.22691205
0,0,0.10126705
0,0,0.48135602
0,0,0.46686354
0,1,0.60515755
0,1,0.54670715
0,0,0.2364292
0,0,0.15412779
1,1,0.6872585
0,1,0.7618241
1,1,0.77842647
0,0,0.19407006
0,0,0.24507324
0,0,0.28027308
0,1,0.67293835
1,1,0.6720997
0,0,0.4923915
0,0,0.08280328
0,0,0.22424062
0,0,0.36448926
0,1,0.52476585
0,1,0.6374613
0,0,0.07746322
0,0,0.15016788
0,0,0.10032076
0,0,0.33826768
1,1,0.7170004
0,1,0.5745325
0,0,0.21876131
0,0,0.3697768
0,0,0.27718964
1,0,0.3374296
0,1,0.5323704
0,0,0.11681168
0,0,0.13854258
1,1,0.6996423
0,0,0.31223
0,0,0.25815603
0,0,0.32451856
0,0,0.45176113
0,0,0.03904924
0,0,0.21104185
0,0,0.49745032
0,1,0.6199097
0,0,0.3178139
0,1,0.59256554
0,0,0.1583807
0,0,0.18942337
0,0,0.34677014
0,0,0.2845606
0,0,0.15967876
0,0,0.14679676
1,1,0.66949844
0,1,0.75668526
0,0,0.35383886
0,0,0.2962717
0,0,0.29157078
0,0,0.28515682
0,0,0.3668502
0,0,0.442791
0,0,0.32277578
0,0,0.47993988
0,1,0.5980136
0,0,0.3614253
0,0,0.39374185
0,0,0.46487913
0,0,0.41619074
0,0,0.23884976
0,0,0.20598254
0,0,0.1252934
0,1,0.72998846
0,0,0.14374813
0,0,0.31219772
0,0,0.39623213
1,1,0.54879063
0,0,0.31150356
0,0,0.19231237
0,0,0.22336723
0,0,0.27387574
0,0,0.16934003
0,1,0.50296074
0,1,0.81424516
0,0,0.38430554
0,0,0.335558
0,1,0.5733754
0,0,0.38771135
0,0,0.24191935
0,0,0.1786992
0,0,0.06132821
0,0,0.11286159
0,0,0.34283686
0,0,0.14915998
0,0,0.23577371
0,0,0.12182276
0,0,0.46861
0,0,0.2425558
0,1,0.6988955
0,0,0.42251587
0,0,0.34692493
0,0,0.34673792
0,0,0.34683937
0,0,0.22183803
0,0,0.29582575
0,1,0.5235391
0,0,0.13313206
0,0,0.15597355
0,0,0.17610586
0,1,0.55743164
0,1,0.6024745
0,0,0.47197756
0,0,0.16084763
0,1,0.67343885
0,0,0.04403115
1,1,0.56790996
0,1,0.8544197
0,0,0.24926889
0,0,0.26733842
1,0,0.37473083
0,1,0.55502653
0,0,0.36179167
0,0,0.42524925
0,1,0.7816156
0,1,0.7617933
0,0,0.36963084
0,0,0.49111122
1,1,0.736234
0,0,0.2288058
0,0,0.37540096
0,1,0.54269207
0,1,0.7248186
0,1,0.65888834
0,0,0.1501086
0,0,0.29764974
0,0,0.4343031
0,0,0.44608903
0,0,0.064391084
0,0,0.396142
0,0,0.14798
0,1,0.59804124
0,0,0.43992183
0,0,0.42902508
0,0,0.25212073
0,0,0.3382564
1,1,0.62470037
0,0,0.30739817
0,0,0.19207662
0,0,0.09705742
0,0,0.410672
0,0,0.17265497
0,0,0.23503177
0,0,0.13071641
0,0,0.4579627
0,1,0.7786224
1,1,0.6011884
0,0,0.43404683
0,0,0.45903614
0,0,0.3657517
0,0,0.44212234
0,0,0.16662762
0,1,0.51194346
0,1,0.7476546
0,1,0.7254603
0,0,0.16139817
0,0,0.15569767
0,0,0.3490698
0,0,0.07488933
0,0,0.32199407
0,0,0.26092628
0,0,0.31407803
0,0,0.22251876
0,0,0.1517528
0,0,0.36086205
0,0,0.21942328
0,1,0.75406265
0,0,0.13456792
0,1,0.52585334
0,1,0.75509983
0,1,0.8019997
0,0,0.36132795
0,0,0.15297677
0,0,0.32734042
0,0,0.1947332
0,0,0.3366454
0,1,0.7855994
0,1,0.602042
0,0,0.4322761
0,0,0.19460759
0,1,0.8329563
0,1,0.6967705
0,0,0.15910032
0,0,0.27686256
0,0,0.08120413
0,0,0.094944015
0,0,0.4369858
0,0,0.24797912
1,0,0.15820864
0,0,0.282152
0,1,0.7090806
0,0,0.3069083
1,1,0.7821894
0,1,0.51419365
0,1,0.5313046
0,0,0.32921362
0,0,0.40628213
1,1,0.62612534
0,0,0.4529139
1,0,0.16845495
1,1,0.590855
0,1,0.53908765
0,0,0.35411018
0,0,0.10739846
0,1,0.54726475
0,0,0.49660793
0,0,0.44606656
0,0,0.30444765
1,0,0.4641856
0,0,0.22847645
0,0,0.3696711
0,0,0.2711974
0,0,0.19396117
0,0,0.44585043
0,0,0.27350646
0,0,0.29721528
0,1,0.5951832
0,0,0.40930936
1,1,0.7565982
0,0,0.3697808
0,0,0.23982249
1,0,0.49026036
0,1,0.6651402
0,0,0.2546351
0,0,0.35744384
0,1,0.704219
0,0,0.20948628
0,0,0.48236296
0,1,0.50585383
0,0,0.44827017
0,0,0.34234428
0,0,0.29540664
1,1,0.9015131
0,0,0.34445354
0,1,0.6212346
0,0,0.42575824
0,0,0.11705295
0,0,0.47453868
0,1,0.53143984
0,0,0.4086642
0,0,0.14151828
0,1,0.5814458
0,0,0.36910382
0,0,0.47248498
0,0,0.33301657
1,1,0.5349539
0,0,0.49551117
0,0,0.29821512
0,0,0.23436071
0,0,0.19609122
0,0,0.026941076
0,1,0.6119409
0,0,0.11783315
0,0,0.28820643
0,1,0.5334272
0,0,0.13759023
0,0,0.35535035
0,0,0.3019958
0,0,0.29514608
0,0,0.2159301
0,0,0.47062805
0,0,0.16371666
0,0,0.32597634
0,0,0.117138274
1,1,0.6469
0,0,0.33699706
0,0,0.45481983
0,0,0.2687431
0,0,0.41583616
0,0,0.042013016
0,0,0.44009972
0,1,0.6920295
0,0,0.4471097
0,0,0.36566517
0,0,0.3979683
0,0,0.35644087
0,1,0.56589586
0,0,0.3650136
0,0,0.05739704
0,1,0.62167007
0,0,0.41808417
0,1,0.56079775
1,0,0.33974117
0,1,0.5842753
0,1,0.517853
0,1,0.58495665
0,0,0.35178763
0,0,0.17866108
0,1,0.736751
0,0,0.2882785
0,0,0.23056115
1,1,0.92152053
0,1,0.6158157
0,0,0.24975309
0,0,0.3112743
0,0,0.3253345
1,1,0.7931545
0,1,0.7250807
0,0,0.15063839
0,0,0.49441117
0,0,0.38410026
0,0,0.45660743
0,1,0.5888351
0,0,0.13664259
0,0,0.25695232
0,1,0.63666445
0,1,0.58772516
0,0,0.49748105
0,0,0.3505086
0,0,0.39187878
0,1,0.74646044
0,0,0.44125652
1,1,0.6064621
0,0,0.051205136
0,0,0.49298275
1,0,0.45945174
0,1,0.6960432
0,0,0.2944806
0,0,0.31135273
0,0,0.43917343
0,0,0.2554173
0,0,0.13115865
1,1,0.8409208
0,0,0.13620138
0,0,0.10475452
0,1,0.753069
0,0,0.36445907
0,1,0.50562245
1,0,0.47272983
0,0,0.2861072
0,0,0.27563405
0,0,0.346444
0,1,0.5979353
0,0,0.09338391
0,0,0.20329387
0,0,0.12757158
0,0,0.23294002
0,1,0.76446813
1,1,0.56867754
0,1,0.8417138
0,0,0.14914507
0,0,0.16181672
0,0,0.25794622
0,0,0.16860764
0,1,0.70281386
0,0,0.42203513
0,0,0.44601014
0,0,0.46948186
0,1,0.53738445
1,1,0.87725985
0,1,0.5947734
0,0,0.3101997
0,0,0.30916572
0,0,0.10902391
0,1,0.6468546
0,0,0.25483978
0,1,0.66574043
0,0,0.21548274
0,1,0.55104434
0,1,0.62863684
0,1,0.79517686
0,1,0.6051392
0,0,0.108012594
0,0,0.1124551
0,0,0.39226466
0,0,0.22135787
0,1,0.77992356
0,0,0.12757026
0,0,0.104674146
0,0,0.22131902
0,0,0.19642937
0,0,0.38213968
0,1,0.6023264
0,0,0.4309115
0,0,0.19011006
1,0,0.39974627
0,0,0.2967601
0,0,0.46088052
0,0,0.15566555
0,1,0.583611
0,0,0.15796953
0,0,0.3625307
0,0,0.117996275
1,1,0.7908391
0,0,0.22507301
0,0,0.25015095
0,0,0.17700613
0,0,0.03012211
1,0,0.37530497
0,0,0.49341437
0,0,0.10725665
0,0,0.48720387
0,0,0.15234463
0,0,0.3543836
0,1,0.7828519
1,1,0.8442946
1,1,0.7040935
0,0,0.15412962
0,0,0.25099957
0,0,0.40057647
0,0,0.15509321
0,0,0.16654322
0,0,0.27079716
0,1,0.65401715
0,0,0.25627866
0,0,0.22011128
0,0,0.15994243
0,0,0.2829755
0,0,0.22619426
0,1,0.6793812
0,0,0.120842166
0,0,0.16090961
0,0,0.37739128
0,0,0.15540981
0,0,0.19511776
0,1,0.81418717
0,0,0.18291613
0,0,0.1443576
0,0,0.24695492
0,0,0.20347728
1,0,0.49209577
0,1,0.638234
0,0,0.37967554
0,0,0.17142577
0,0,0.25210422
0,0,0.14888994
0,0,0.32458273
0,0,0.4321741
0,0,0.12408144
0,0,0.14775541
0,0,0.24801438
0,1,0.67399013
0,0,0.24108493
0,1,0.67880183
0,0,0.19694136
0,1,0.7769641
0,1,0.70420873
0,0,0.24296562
0,0,0.36790943
0,0,0.29359493
0,0,0.41648602
0,0,0.17427087
0,1,0.51608455
0,0,0.39705238
0,1,0.75851935
0,0,0.1757561
0,0,0.362449
0,0,0.29387653
0,0,0.39229935
0,1,0.8523381
0,1,0.5735932
0,0,0.4157307
0,0,0.33062172
0,0,0.35299614
0,0,0.2594216
1,1,0.71557724
0,0,0.04322257
0,1,0.74131274
1,0,0.35481635
0,0,0.305912
0,1,0.5143537
1,0,0.43024167
0,0,0.4110522
0,0,0.23657623
0,0,0.30848974
0,0,0.15906338
0,0,0.23897512
0,0,0.16215794
0,1,0.85963815
0,0,0.2430238
0,0,0.0861295
0,0,0.317256
0,0,0.24359336
0,0,0.1307891
0,0,0.15013517
0,0,0.29871157
1,1,0.6807149
0,1,0.82561177
0,0,0.32465404
0,0,0.20903954
0,0,0.44291732
0,0,0.29084435
0,0,0.4817148
0,0,0.10277298
0,0,0.389877
0,0,0.18086164
0,0,0.124766804
0,1,0.6199624
0,1,0.8560673
0,1,0.69422865
0,1,0.5232437
0,1,0.6552377
0,0,0.40879264
0,0,0.36895728
0,0,0.23153839
0,1,0.5689026
1,1,0.5288453
0,0,0.13310531
0,1,0.53905517
0,0,0.42862
0,0,0.40863118
0,1,0.6307612
0,0,0.1981449
0,0,0.47945258
0,0,0.3885313
0,0,0.30650118
0,0,0.28256348
0,0,0.14960164
0,0,0.45084667
1,1,0.83625335
1,1,0.7292448
0,0,0.27889147
0,0,0.22100925
0,0,0.25731638
0,0,0.20436226
0,0,0.4849238
0,0,0.4314077
0,0,0.35757977
0,0,0.3477301
0,0,0.24703893
0,0,0.3335625
0,0,0.33678392
0,0,0.28992146
0,1,0.57532275
0,0,0.3355463
1,1,0.64179313
0,0,0.16849186
0,0,0.28359735
0,1,0.6659453
0,0,0.3850839
0,0,0.451676
0,0,0.33329317
1,1,0.5845303
1,1,0.51929796
0,0,0.33995706
0,0,0.3027372
0,1,0.5130103
0,0,0.1225679
0,1,0.52924836
0,0,0.1964588
0,0,0.09165519
0,0,0.42635557
0,0,0.16591354
0,0,0.07158919
0,1,0.66674405
0,0,0.43642423
0,0,0.35447636
1,1,0.7055633
0,0,0.2486618
0,0,0.2600506
0,1,0.7842475
0,0,0.3196766
0,0,0.24795532
0,0,0.37257284
0,0,0.49811623
0,0,0.24374293
0,1,0.7809175
0,0,0.4056594
0,0,0.2560354
0,0,0.19824205
0,1,0.58864343
0,0,0.11886215
0,0,0.39342678
0,0,0.2639892
0,1,0.83065885
0,1,0.85484266
0,0,0.38552052
0,1,0.60259175
0,1,0.58715886
0,0,0.30427116
0,0,0.30141824
0,0,0.110531874
0,0,0.4302077
0,0,0.1766026
0,0,0.45831004
0,1,0.592637
0,0,0.06438869
0,0,0.27708218
0,0,0.07043469
0,0,0.095548086
1,0,0.20457411
0,1,0.50697225
0,1,0.610819
0,0,0.2286509
0,1,0.5774366
0,0,0.19717441
0,0,0.22198023
0,0,0.32263651
1,0,0.29514396
0,0,0.4812865
0,0,0.05844333
0,0,0.15778136
0,0,0.1587159
0,1,0.5852953
1,0,0.29333293
0,1,0.80238533
0,0,0.4105853
0,0,0.2986616
0,1,0.7163946
0,1,0.5302018
0,0,0.23510809
0,1,0.5609654
1,0,0.30374074
0,1,0.57630616
0,0,0.11720448
0,0,0.24295747
0,0,0.2732352
1,0,0.30924192
0,1,0.5265392
0,0,0.23626791
0,0,0.24148157
0,0,0.4867173
0,1,0.69296014
0,0,0.4512301
0,0,0.36997202
0,0,0.25493217
0,0,0.176747
0,1,0.7568928
0,0,0.3625964
0,0,0.39880484
0,0,0.43683988
0,1,0.69987965
0,1,0.56035995
0,0,0.22965781
0,0,0.3782222
0,1,0.7828088
0,1,0.6134585
0,0,0.30845833
0,0,0.43132398
0,1,0.6912595
0,1,0.7613686
0,0,0.4520985
0,0,0.3652684
0,0,0.36074603
0,0,0.1551878
0,0,0.1194084
0,0,0.33735344
0,1,0.6646979
0,0,0.49647716
0,0,0.3868663
0,0,0.25277424
0,0,0.10552792
0,0,0.21322475
0,0,0.3496803
0,0,0.20161025
0,0,0.123209916
0,0,0.29641628
0,0,0.43264985
0,0,0.4057616
0,1,0.56578976
0,0,0.29490748
0,0,0.29904485
0,0,0.18843463
0,0,0.2853593
0,0,0.40687695
0,0,0.28463417
0,0,0.39740643
0,0,0.31228453
0,1,0.71605384
0,0,0.110873036
0,0,0.16403982
0,1,0.84559745
0,0,0.39186198
1,1,0.55827415
0,0,0.19133033
0,0,0.15667309
0,0,0.3104441
0,0,0.16611592
0,0,0.22440647
0,0,0.29583177
0,0,0.1345863
0,0,0.14725518
0,1,0.5013206
0,0,0.22435072
0,0,0.31253386
1,1,0.6997392
1,1,0.5418122
0,0,0.2861322
0,0,0.24884823
0,0,0.3555936
0,0,0.114922754
0,0,0.21807997
0,0,0.09746376
0,1,0.73695016
0,0,0.24440502
0,0,0.39444256
0,0,0.1816113
0,1,0.5023258
0,1,0.51989776
0,1,0.52329856
0,0,0.43798217
1,1,0.8950343
0,1,0.5007688
0,1,0.55796534
0,0,0.17085324
0,0,0.26621637
0,0,0.172322
0,1,0.63257515
0,0,0.19652756
0,0,0.3825862
0,1,0.5779333
0,0,0.20034383
0,0,0.24178241
0,0,0.2898116
0,0,0.19580716
0,0,0.48666015
0,0,0.42104486
0,0,0.18399392
0,0,0.34885266
0,1,0.50168014
0,0,0.2877682
0,0,0.3611802
1,1,0.8636073
0,0,0.1533021
0,0,0.32608682
0,0,0.25886717
0,0,0.13934991
0,0,0.30314115
0,0,0.3444697
0,0,0.35880315
0,0,0.21035084
0,0,0.16585161
1,1,0.78887814
0,0,0.20805179
0,1,0.5740883
0,0,0.21370353
0,0,0.36873525
0,0,0.08887385
0,0,0.32376966
0,0,0.43894455
0,0,0.22365132
0,0,0.33401707
1,1,0.570598
0,0,0.48586884
1,1,0.67312104
1,1,0.60397303
0,0,0.11862883
0,0,0.13210246
0,0,0.058340736
0,0,0.27736285
0,0,0.4189032
0,0,0.086176954
0,0,0.09726483
0,0,0.06842637
0,1,0.6238988
0,1,0.5365952
0,0,0.2789172
0,0,0.2746487
0,1,0.7813484
0,1,0.6209027
0,0,0.25764105
0,0,0.41055286
0,0,0.085700296
1,1,0.6534108
0,1,0.66036826
1,1,0.65334845
0,0,0.23244713
0,0,0.39555368
0,1,0.8045711
0,0,0.44058117
0,0,0.247751
0,1,0.6730104
0,1,0.6535735
0,0,0.28656584
0,0,0.28954223
0,1,0.7767094
0,0,0.47753254
0,0,0.11723924
0,0,0.27216396
0,0,0.17015584
1,0,0.4016726
0,0,0.19735803
1,1,0.652216
1,1,0.5589091
1,1,0.7270498
0,0,0.12788486
0,0,0.17637312
0,0,0.18548885
1,1,0.6389926
0,0,0.19620067
0,0,0.47100148
1,0,0.12190515
0,0,0.18995073
0,1,0.55000454
0,1,0.5709416
0,0,0.2518233
0,0,0.19541728
0,1,0.6828889
0,0,0.120597504
0,1,0.641647
0,1,0.6204832
0,0,0.4147112
0,0,0.29834494
0,0,0.34247842
0,0,0.34284848
0,0,0.23194993
0,0,0.2311125
0,0,0.3375688
0,0,0.1720011
0,1,0.66896194
1,1,0.61219114
0,1,0.8261291
0,0,0.38854742
0,1,0.5454845
0,0,0.472202
0,0,0.18107806
0,0,0.16295171
0,0,0.29991236
0,0,0.24392758
1,1,0.5791569
0,0,0.39231962
0,0,0.46333438
0,0,0.3539284
0,1,0.61611176
0,1,0.5480421
1,0,0.1847346
0,0,0.2926844
0,0,0.06391428
0,0,0.17413002
0,0,0.3008335
0,0,0.15057366
1,0,0.25360358
0,0,0.20083703
0,0,0.32572642
0,0,0.36703026
0,0,0.26937005
0,1,0.77449226
0,0,0.2618264
0,1,0.8156884
0,0,0.1815583
0,0,0.2569877
0,1,0.6926619
0,0,0.27266803
0,0,0.3127847
0,0,0.44120637
0,0,0.25334328
1,0,0.35038808
0,0,0.20396022
0,0,0.18421873
0,0,0.27155808
0,0,0.087075636
0,0,0.2219347
0,0,0.22837001
0,0,0.21942824
0,0,0.2896892
0,0,0.31634963
0,0,0.3388646
0,0,0.1988307
0,1,0.5859541
0,0,0.3190108
0,1,0.6968241
0,0,0.3531321
1,1,0.803505
0,0,0.33064225
0,0,0.49744004
0,0,0.4480135
0,1,0.5134127
1,1,0.52718425
0,0,0.36703897
0,0,0.47060037
0,0,0.24350896
0,0,0.39147347
0,1,0.6118655
0,0,0.15385123
0,0,0.086458646
0,1,0.54293114
0,0,0.23841934
0,1,0.67871785
0,0,0.31599504
0,0,0.3062484
0,0,0.21984081
1,1,0.7684544
0,0,0.2673599
0,1,0.5879778
0,1,0.75642043
0,0,0.18294893
0,0,0.13232239
0,0,0.42998323
0,0,0.12831375
0,0,0.2433751
0,0,0.3830289
0,0,0.30517069
0,1,0.55700064
0,0,0.2256559
0,1,0.6004758
0,0,0.30342808
1,1,0.69203675
0,1,0.5307765
0,0,0.42739797
0,1,0.5087277
0,0,0.3197331
1,1,0.60411656
0,1,0.60282695
